node	superfamily	exemplar	accession	species	model	length	note
cftr	abc_channel	Hs_CFTR	P13569	Homo sapiens	AF-P13569-F1-model_v6.pdb	1480	
bestrophin	bestrophin	Hs_BEST1	O76090	Homo sapiens	AF-O76090-F1-model_v6.pdb	585	
itpr	ca_release	Hs_ITPR3	Q14573	Homo sapiens	AF-Q14573-F1-model_v6.pdb	2671	
ryr	ca_release						no AlphaFold DB model for any exemplar: P21817,Q92736,Q15413
calhm	calhm	Hs_CALHM1	Q8IU99	Homo sapiens	AF-Q8IU99-F1-model_v6.pdb	346	
clc_channel	clc	Hs_CLCN1	P35523	Homo sapiens	AF-P35523-F1-model_v6.pdb	988	
clic	clic	Hs_CLIC1	O00299	Homo sapiens	AF-O00299-F1-model_v6.pdb	241	
connexin	connexin	Hs_GJA1	P17302	Homo sapiens	AF-P17302-F1-model_v6.pdb	382	
gabaa	cysloop	Hs_GABRA1	P14867	Homo sapiens	AF-P14867-F1-model_v6.pdb	456	
glyr	cysloop	Hs_GLRA1	P23415	Homo sapiens	AF-P23415-F1-model_v6.pdb	457	
ht3	cysloop	Hs_HTR3A	P46098	Homo sapiens	AF-P46098-F1-model_v6.pdb	478	
nachr	cysloop	Hs_CHRNA1	P02708	Homo sapiens	AF-P02708-F1-model_v6.pdb	457	
plgic_invertebrate	cysloop	Ce_glc-1	G5EBR3	Caenorhabditis elegans	AF-G5EBR3-F1-model_v6.pdb	461	
plgic_prok	cysloop	Gv_GLIC	Q7NDN8	Gloeobacter violaceus	AF-Q7NDN8-F1-model_v6.pdb	359	
zac	cysloop	Hs_ZACN	Q401N2	Homo sapiens	AF-Q401N2-F1-model_v6.pdb	412	
asic	deg_enac	Hs_ASIC1	P78348	Homo sapiens	AF-P78348-F1-model_v6.pdb	528	
deg_invertebrate	deg_enac	Ce_mec-4	P24612	Caenorhabditis elegans	AF-P24612-F1-model_v6.pdb	768	
enac	deg_enac	Hs_SCNN1A	P37088	Homo sapiens	AF-P37088-F1-model_v6.pdb	669	
gphr	gphr	Hs_GPHRA	B7ZAQ6	Homo sapiens	AF-B7ZAQ6-F1-model_v6.pdb	455	
hv1	hv	Hs_HVCN1	Q96D96	Homo sapiens	AF-Q96D96-F1-model_v6.pdb	273	
ampa	iglur	Hs_GRIA1	P42261	Homo sapiens	AF-P42261-F1-model_v6.pdb	906	
delta_glur	iglur	Hs_GRID2	O43424	Homo sapiens	AF-O43424-F1-model_v6.pdb	1007	
iglur_nonvertebrate	iglur	At_GLR3.4	Q8GXJ4	Arabidopsis thaliana	AF-Q8GXJ4-F1-model_v6.pdb	959	
iglur_prok	iglur	Ss_GluR0	P73797	Synechocystis sp. PCC 6803	AF-P73797-F1-model_v6.pdb	397	
kainate	iglur	Hs_GRIK1	P39086	Homo sapiens	AF-P39086-F1-model_v6.pdb	918	
nmda	iglur	Hs_GRIN1	Q05586	Homo sapiens	AF-Q05586-F1-model_v6.pdb	938	
innexin	innexin_like	Ce_unc-7	Q03412	Caenorhabditis elegans	AF-Q03412-F1-model_v6.pdb	522	
lrrc8	innexin_like	Hs_LRRC8A	Q8IWT6	Homo sapiens	AF-Q8IWT6-F1-model_v6.pdb	810	
pannexin	innexin_like	Hs_PANX1	Q96RD7	Homo sapiens	AF-Q96RD7-F1-model_v6.pdb	426	
clcc1	mclc	Hs_CLCC1	Q96S66	Homo sapiens	AF-Q96S66-F1-model_v6.pdb	551	
mcu	mcu	Hs_MCU	Q8NE86	Homo sapiens	AF-Q8NE86-F1-model_v6.pdb	351	
mitok	mitok	Hs_CCDC51	Q96ER9	Homo sapiens	AF-Q96ER9-F1-model_v6.pdb	411	
mscl	msc	Ec_MscL	P0A742	Escherichia coli	AF-P0A742-F1-model_v6.pdb	136	
mscs	msc	Ec_MscS	P0C0S1	Escherichia coli	AF-P0C0S1-F1-model_v6.pdb	286	
orai	orai	Hs_ORAI1	Q96D31	Homo sapiens	AF-Q96D31-F1-model_v6.pdb	301	
otop	otopetrin	Hs_OTOP1	Q7RTM1	Homo sapiens	AF-Q7RTM1-F1-model_v6.pdb	612	
p2x	p2x	Hs_P2RX7	Q99572	Homo sapiens	AF-Q99572-F1-model_v6.pdb	595	
p2x_nonmetazoan	p2x	Dd_P2XA	Q86JM7	Dictyostelium discoideum	AF-Q86JM7-F1-model_v6.pdb	378	
pacc	pac	Hs_PACC1	Q9H813	Homo sapiens	AF-Q9H813-F1-model_v6.pdb	350	
piezo	piezo	Hs_PIEZO1	Q92508	Homo sapiens	AF-Q92508-F1-model_v6.pdb	2521	
catsper	ploop	Hs_CATSPER1	Q8NEC5	Homo sapiens	AF-Q8NEC5-F1-model_v6.pdb	780	
cav	ploop	Hs_CACNA1C	Q13936	Homo sapiens	AF-Q13936-F1-model_v6.pdb	2221	
cng	ploop	Hs_CNGA1	P29973	Homo sapiens	AF-P29973-F1-model_v6.pdb	686	
hcn	ploop	Hs_HCN1	O60741	Homo sapiens	AF-O60741-F1-model_v6.pdb	890	
k2p	ploop	Hs_KCNK2	O95069	Homo sapiens	AF-O95069-F1-model_v6.pdb	426	
kca_sk	ploop	Hs_KCNN2	Q9H2S1	Homo sapiens	AF-Q9H2S1-F1-model_v6.pdb	579	
kca_slo	ploop	Hs_KCNMA1	Q12791	Homo sapiens	AF-Q12791-F1-model_v6.pdb	1236	
kcsa_prok	ploop	Sl_KcsA	P0A334	Streptomyces lividans	AF-P0A334-F1-model_v6.pdb	160	
kir	ploop	Hs_KCNJ2	P63252	Homo sapiens	AF-P63252-F1-model_v6.pdb	427	
kv_eag	ploop	Hs_KCNH2	Q12809	Homo sapiens	AF-Q12809-F1-model_v6.pdb	1159	
kv_kcnq	ploop	Hs_KCNQ1	P51787	Homo sapiens	AF-P51787-F1-model_v6.pdb	676	
kv_modifier	ploop	Hs_KCNS3	Q9BQ31	Homo sapiens	AF-Q9BQ31-F1-model_v6.pdb	491	
kv_shaker	ploop	Hs_KCNA1	Q09470	Homo sapiens	AF-Q09470-F1-model_v6.pdb	495	
nalcn	ploop	Hs_NALCN	Q8IZF0	Homo sapiens	AF-Q8IZF0-F1-model_v6.pdb	1738	
nav	ploop	Hs_SCN5A	Q14524	Homo sapiens	AF-Q14524-F1-model_v6.pdb	2016	
tpc	ploop	Hs_TPCN1	Q9ULQ1	Homo sapiens	AF-Q9ULQ1-F1-model_v6.pdb	816	
trpa	ploop	Hs_TRPA1	O75762	Homo sapiens	AF-O75762-F1-model_v6.pdb	1119	
trpc	ploop	Hs_TRPC3	Q13507	Homo sapiens	AF-Q13507-F1-model_v6.pdb	921	
trpm	ploop	Hs_TRPM8	Q7Z2W7	Homo sapiens	AF-Q7Z2W7-F1-model_v6.pdb	1104	
trpml	ploop	Hs_MCOLN1	Q9GZU1	Homo sapiens	AF-Q9GZU1-F1-model_v6.pdb	580	
trpn	ploop	Ce_trp-4	Q9GRV5	Caenorhabditis elegans	AF-Q9GRV5-F1-model_v6.pdb	1924	
trpp	ploop	Hs_PKD2	Q13563	Homo sapiens	AF-Q13563-F1-model_v6.pdb	968	
trpv	ploop	Hs_TRPV1	Q8NER1	Homo sapiens	AF-Q8NER1-F1-model_v6.pdb	839	
vdac	porin	Hs_VDAC1	P21796	Homo sapiens	AF-P21796-F1-model_v6.pdb	283	
tmco1	tmco1	Hs_TMCO1	Q9UM00	Homo sapiens	AF-Q9UM00-F1-model_v6.pdb	239	
tmem109	tmem109	Hs_TMEM109	Q9BVC6	Homo sapiens	AF-Q9BVC6-F1-model_v6.pdb	243	
ano_channel	tmem16_like	Hs_ANO1	Q5XXA6	Homo sapiens	AF-Q5XXA6-F1-model_v6.pdb	986	
ano_scramblase	tmem16_like	Hs_ANO6	Q4KMQ2	Homo sapiens	AF-Q4KMQ2-F1-model_v6.pdb	910	
osca_tmem63	tmem16_like	Hs_TMEM63A	O94886	Homo sapiens	AF-O94886-F1-model_v6.pdb	807	
tmc	tmem16_like	Hs_TMC1	Q8TDI8	Homo sapiens	AF-Q8TDI8-F1-model_v6.pdb	760	
tmem175	tmem175	Hs_TMEM175	Q9BSA9	Homo sapiens	AF-Q9BSA9-F1-model_v6.pdb	504	
tmem87	tmem87	Hs_TMEM87A	Q8NBN3	Homo sapiens	AF-Q8NBN3-F1-model_v6.pdb	555	
tric	tric	Hs_TMEM38A	Q9H6F2	Homo sapiens	AF-Q9H6F2-F1-model_v6.pdb	299	
tweety	tweety	Hs_TTYH1	Q9H313	Homo sapiens	AF-Q9H313-F1-model_v6.pdb	450	
viroporin	viroporin	HIV1_Vpu	P05919	Human immunodeficiency virus type 1	AF-0000000365961479-model_v1.pdb	82	
