gene	family	target	v3_family	v3_status	v3_basis	p_call	p_family	verdict
ANO1	ano_channel	sp|Q5XXA6|ANO1_HUMAN	ano_channel	channel	v3a:profile_only	family	ano_channel	right_family
ANO10	ano_scramblase	sp|Q9NW15|ANO10_HUMAN	ano_scramblase	channel_contested	v3a:profile_only	family	ano_scramblase	right_family
ANO2	ano_channel	sp|Q9NQ90|ANO2_HUMAN	ano_channel	channel	v3a:profile_only	family	ano_channel	right_family
ANO3	ano_scramblase	sp|Q9BYT9|ANO3_HUMAN	ano_scramblase	channel_contested	v3a:profile_only	family	ano_scramblase	right_family
ANO4	ano_scramblase	sp|Q32M45|ANO4_HUMAN	ano_scramblase	channel_contested	v3a:profile_only	family	ano_scramblase	right_family
ANO5	ano_scramblase	sp|Q75V66|ANO5_HUMAN	ano_scramblase	channel_contested	v3a:profile_only	family	ano_scramblase	right_family
ANO6	ano_scramblase	sp|Q4KMQ2|ANO6_HUMAN	ano_scramblase	channel_contested	v3a:profile_only	family	ano_scramblase	right_family
ANO7	ano_scramblase	sp|Q6IWH7|ANO7_HUMAN	ano_scramblase	channel_contested	v3a:profile_only	family	ano_scramblase	right_family
ANO8	ano_scramblase	sp|Q9HCE9|ANO8_HUMAN	ano_scramblase	channel_contested	v3a:profile_only	family	ano_scramblase	right_family
ANO9	ano_scramblase	sp|A1A5B4|ANO9_HUMAN	ano_scramblase	channel_contested	v3a:profile_only	family	ano_scramblase	right_family
ASIC1	asic	sp|P78348|ASIC1_HUMAN	asic	channel	v3a:profile_only	family	asic	right_family
ASIC2	asic	sp|Q16515|ASIC2_HUMAN	asic	channel	v3a:profile_only	family	asic	right_family
ASIC3	asic	sp|Q9UHC3|ASIC3_HUMAN	asic	channel	v3a:profile_only	family	asic	right_family
ASIC4	asic	sp|Q96FT7|ASIC4_HUMAN	asic	channel	v3a:profile_only	family	asic	right_family
ASIC5	asic	sp|Q9NY37|ASIC5_HUMAN	asic	channel	v3a:profile_only	family	asic	right_family
BEST1	bestrophin	sp|O76090|BEST1_HUMAN	bestrophin	channel	v3a:both	family	bestrophin	right_family
BEST2	bestrophin	sp|Q8NFU1|BEST2_HUMAN	bestrophin	channel	v3a:both	family	bestrophin	right_family
BEST3	bestrophin	sp|Q8N1M1|BEST3_HUMAN	bestrophin	channel	v3a:both	family	bestrophin	right_family
BEST4	bestrophin	sp|Q8NFU0|BEST4_HUMAN	bestrophin	channel	v3a:both	family	bestrophin	right_family
CACNA1A	cav	sp|O00555|CAC1A_HUMAN	cav	channel	v3a:both	family	cav	right_family
CACNA1B	cav	sp|Q00975|CAC1B_HUMAN	cav	channel	v3a:both	family	cav	right_family
CACNA1C	cav	sp|Q13936|CAC1C_HUMAN	cav	channel	v3a:both	family	cav	right_family
CACNA1D	cav	sp|Q01668|CAC1D_HUMAN	cav	channel	v3a:both	family	cav	right_family
CACNA1E	cav	sp|Q15878|CAC1E_HUMAN	cav	channel	v3a:both	family	cav	right_family
CACNA1F	cav	sp|O60840|CAC1F_HUMAN	cav	channel	v3a:both	family	cav	right_family
CACNA1G	cav	sp|O43497|CAC1G_HUMAN	cav	channel	v3a:both	family	cav	right_family
CACNA1H	cav	sp|O95180|CAC1H_HUMAN	cav	channel	v3a:both	family	cav	right_family
CACNA1I	cav	sp|Q9P0X4|CAC1I_HUMAN	cav	channel	v3a:both	family	cav	right_family
CACNA1S	cav	sp|Q13698|CAC1S_HUMAN	cav	channel	v3a:both	family	cav	right_family
CALHM1	calhm	sp|Q8IU99|CAHM1_HUMAN	calhm	channel	v3a:both	family	calhm	right_family
CALHM2	calhm	sp|Q9HA72|CAHM2_HUMAN	calhm	channel	v3a:both	family	calhm	right_family
CALHM3	calhm	sp|Q86XJ0|CAHM3_HUMAN	calhm	channel	v3a:both	family	calhm	right_family
CALHM4	calhm	sp|Q5JW98|CAHM4_HUMAN	calhm	channel	v3a:both	family	calhm	right_family
CALHM5	calhm	sp|Q8N5C1|CAHM5_HUMAN	calhm	channel	v3a:both	family	calhm	right_family
CALHM6	calhm	sp|Q5R3K3|CAHM6_HUMAN	calhm	channel	v3a:both	family	calhm	right_family
CATSPER1	catsper	sp|Q8NEC5|CTSR1_HUMAN	catsper	channel	v3a:profile_only	family	catsper	right_family
CATSPER2	catsper	sp|Q96P56|CTSR2_HUMAN	catsper	channel	v3a:profile_only	family	catsper	right_family
CATSPER3	catsper	sp|Q86XQ3|CTSR3_HUMAN	catsper	channel	v3a:profile_only	family	catsper	right_family
CATSPER4	catsper	sp|Q7RTX7|CTSR4_HUMAN	catsper	channel	v3a:profile_only	family	catsper	right_family
CCDC51	mitok	sp|Q96ER9|MITOK_HUMAN	mitok	channel_contested	panel_profile	family	mitok	right_family
CFTR	cftr	sp|P13569|CFTR_HUMAN	cftr	channel	v3a:both	family	cftr	right_family
CHRNA1	nachr	sp|P02708|ACHA_HUMAN	nachr	channel	v3a:profile_only	family	nachr	right_family
CHRNA10	nachr	sp|Q9GZZ6|ACH10_HUMAN	nachr	channel	v3a:profile_only	family	nachr	right_family
CHRNA2	nachr	sp|Q15822|ACHA2_HUMAN	nachr	channel	v3a:profile_only	family	nachr	right_family
CHRNA3	nachr	sp|P32297|ACHA3_HUMAN	nachr	channel	v3a:profile_only	family	nachr	right_family
CHRNA4	nachr	sp|P43681|ACHA4_HUMAN	nachr	channel	v3a:profile_only	family	nachr	right_family
CHRNA5	nachr	sp|P30532|ACHA5_HUMAN	nachr	channel	v3a:profile_only	family	nachr	right_family
CHRNA6	nachr	sp|Q15825|ACHA6_HUMAN	nachr	channel	v3a:profile_only	family	nachr	right_family
CHRNA7	nachr	sp|P36544|ACHA7_HUMAN	nachr	channel	v3a:profile_only	family	nachr	right_family
CHRNA9	nachr	sp|Q9UGM1|ACHA9_HUMAN	nachr	channel	v3a:profile_only	family	nachr	right_family
CHRNB1	nachr	sp|P11230|ACHB_HUMAN	nachr	channel	v3a:profile_only	family	nachr	right_family
CHRNB2	nachr	sp|P17787|ACHB2_HUMAN	nachr	channel	v3a:profile_only	family	nachr	right_family
CHRNB3	nachr	sp|Q05901|ACHB3_HUMAN	nachr	channel	v3a:profile_only	family	nachr	right_family
CHRNB4	nachr	sp|P30926|ACHB4_HUMAN	nachr	channel	v3a:profile_only	family	nachr	right_family
CHRND	nachr	sp|Q07001|ACHD_HUMAN	nachr	channel	v3a:profile_only	family	nachr	right_family
CHRNE	nachr	sp|Q04844|ACHE_HUMAN	nachr	channel	v3a:profile_only	family	nachr	right_family
CHRNG	nachr	sp|P07510|ACHG_HUMAN	nachr	channel	v3a:profile_only	family	nachr	right_family
CLCC1	clcc1	sp|Q96S66|CLCC1_HUMAN	clcc1	channel_contested	v3a:both	family	clcc1	right_family
CLCN1	clc_channel	sp|P35523|CLCN1_HUMAN	clc_channel	channel	v3a:profile_only	family	clc_channel	right_family
CLCN2	clc_channel	sp|P51788|CLCN2_HUMAN	clc_channel	channel	v3a:profile_only	family	clc_channel	right_family
CLCNKA	clc_channel	sp|P51800|CLCKA_HUMAN	clc_channel	channel	v3a:profile_only	family	clc_channel	right_family
CLCNKB	clc_channel	sp|P51801|CLCKB_HUMAN	clc_channel	channel	v3a:profile_only	family	clc_channel	right_family
CLIC1	clic	sp|O00299|CLIC1_HUMAN	clic	channel_contested	v3a:both	family	clic	right_family
CLIC2	clic	sp|O15247|CLIC2_HUMAN	clic	channel_contested	v3a:both	family	clic	right_family
CLIC3	clic	sp|O95833|CLIC3_HUMAN	clic	channel_contested	v3a:both	family	clic	right_family
CLIC4	clic	sp|Q9Y696|CLIC4_HUMAN	clic	channel_contested	v3a:both	family	clic	right_family
CLIC5	clic	sp|Q9NZA1|CLIC5_HUMAN	clic	channel_contested	v3a:both	family	clic	right_family
CLIC6	clic	sp|Q96NY7|CLIC6_HUMAN	clic	channel_contested	v3a:both	family	clic	right_family
CNGA1	cng	sp|P29973|CNGA1_HUMAN	cng	channel	v3a:both	family	cng	right_family
CNGA2	cng	sp|Q16280|CNGA2_HUMAN	cng	channel	v3a:both	family	cng	right_family
CNGA3	cng	sp|Q16281|CNGA3_HUMAN	cng	channel	v3a:both	family	cng	right_family
CNGA4	cng	sp|Q8IV77|CNGA4_HUMAN	cng	channel	v3a:both	family	cng	right_family
CNGB1	cng	sp|Q14028|CNGB1_HUMAN	cng	channel	v3a:profile_only	family	cng	right_family
CNGB3	cng	sp|Q9NQW8|CNGB3_HUMAN	cng	channel	v3a:profile_only	family	cng	right_family
GABRA1	gabaa	sp|P14867|GBRA1_HUMAN	gabaa	channel	v3a:profile_only	family	gabaa	right_family
GABRA2	gabaa	sp|P47869|GBRA2_HUMAN	gabaa	channel	v3a:profile_only	family	gabaa	right_family
GABRA3	gabaa	sp|P34903|GBRA3_HUMAN	gabaa	channel	v3a:profile_only	family	gabaa	right_family
GABRA4	gabaa	sp|P48169|GBRA4_HUMAN	gabaa	channel	v3a:profile_only	family	gabaa	right_family
GABRA5	gabaa	sp|P31644|GBRA5_HUMAN	gabaa	channel	v3a:profile_only	family	gabaa	right_family
GABRA6	gabaa	sp|Q16445|GBRA6_HUMAN	gabaa	channel	v3a:profile_only	family	gabaa	right_family
GABRB1	gabaa	sp|P18505|GBRB1_HUMAN	gabaa	channel	v3a:profile_only	family	gabaa	right_family
GABRB2	gabaa	sp|P47870|GBRB2_HUMAN	gabaa	channel	v3a:profile_only	family	gabaa	right_family
GABRB3	gabaa	sp|P28472|GBRB3_HUMAN	gabaa	channel	v3a:profile_only	family	gabaa	right_family
GABRD	gabaa	sp|O14764|GBRD_HUMAN	gabaa	channel	v3a:profile_only	family	gabaa	right_family
GABRE	gabaa	sp|P78334|GBRE_HUMAN	gabaa	channel	v3a:profile_only	family	gabaa	right_family
GABRG1	gabaa	sp|Q8N1C3|GBRG1_HUMAN	gabaa	channel	v3a:profile_only	family	gabaa	right_family
GABRG2	gabaa	sp|P18507|GBRG2_HUMAN	gabaa	channel	v3a:profile_only	family	gabaa	right_family
GABRG3	gabaa	sp|Q99928|GBRG3_HUMAN	gabaa	channel	v3a:profile_only	family	gabaa	right_family
GABRP	gabaa	sp|O00591|GBRP_HUMAN	gabaa	channel	v3a:profile_only	family	gabaa	right_family
GABRQ	gabaa	sp|Q9UN88|GBRT_HUMAN	gabaa	channel	v3a:profile_only	family	gabaa	right_family
GABRR1	gabaa	sp|P24046|GBRR1_HUMAN	gabaa	channel	v3a:profile_only	family	gabaa	right_family
GABRR2	gabaa	sp|P28476|GBRR2_HUMAN	gabaa	channel	v3a:profile_only	family	gabaa	right_family
GABRR3	gabaa	sp|A8MPY1|GBRR3_HUMAN	gabaa	channel	v3a:profile_only	family	gabaa	right_family
GJA1	connexin	sp|P17302|CXA1_HUMAN	connexin	channel	v3a:both	family	connexin	right_family
GJA10	connexin	sp|Q969M2|CXA10_HUMAN	connexin	channel	v3a:both	family	connexin	right_family
GJA3	connexin	sp|Q9Y6H8|CXA3_HUMAN	connexin	channel	v3a:both	family	connexin	right_family
GJA4	connexin	sp|P35212|CXA4_HUMAN	connexin	channel	v3a:both	family	connexin	right_family
GJA5	connexin	sp|P36382|CXA5_HUMAN	connexin	channel	v3a:both	family	connexin	right_family
GJA8	connexin	sp|P48165|CXA8_HUMAN	connexin	channel	v3a:both	family	connexin	right_family
GJA9	connexin	sp|P57773|CXA9_HUMAN	connexin	channel	v3a:both	family	connexin	right_family
GJB1	connexin	sp|P08034|CXB1_HUMAN	connexin	channel	v3a:both	family	connexin	right_family
GJB2	connexin	sp|P29033|CXB2_HUMAN	connexin	channel	v3a:both	family	connexin	right_family
GJB3	connexin	sp|O75712|CXB3_HUMAN	connexin	channel	v3a:both	family	connexin	right_family
GJB4	connexin	sp|Q9NTQ9|CXB4_HUMAN	connexin	channel	v3a:both	family	connexin	right_family
GJB5	connexin	sp|O95377|CXB5_HUMAN	connexin	channel	v3a:both	family	connexin	right_family
GJB6	connexin	sp|O95452|CXB6_HUMAN	connexin	channel	v3a:both	family	connexin	right_family
GJB7	connexin	sp|Q6PEY0|CXB7_HUMAN	connexin	channel	v3a:both	family	connexin	right_family
GJC1	connexin	sp|P36383|CXG1_HUMAN	connexin	channel	v3a:both	family	connexin	right_family
GJC2	connexin	sp|Q5T442|CXG2_HUMAN	connexin	channel	v3a:both	family	connexin	right_family
GJC3	connexin	sp|Q8NFK1|CXG3_HUMAN	connexin	channel	v3a:both	family	connexin	right_family
GJD2	connexin	sp|Q9UKL4|CXD2_HUMAN	connexin	channel	v3a:both	family	connexin	right_family
GJD3	connexin	sp|Q8N144|CXD3_HUMAN	connexin	channel	v3a:both	family	connexin	right_family
GJD4	connexin	sp|Q96KN9|CXD4_HUMAN	connexin	channel	v3a:both	family	connexin	right_family
GJE1	connexin	sp|A6NN92|CXE1_HUMAN	connexin	channel	v3a:both	family	connexin	right_family
GLRA1	glyr	sp|P23415|GLRA1_HUMAN	glyr	channel	v3a:profile_only	family	glyr	right_family
GLRA2	glyr	sp|P23416|GLRA2_HUMAN	glyr	channel	v3a:profile_only	family	glyr	right_family
GLRA3	glyr	sp|O75311|GLRA3_HUMAN	glyr	channel	v3a:profile_only	family	glyr	right_family
GLRA4	glyr							not_in_proteome
GLRB	glyr	sp|P48167|GLRB_HUMAN	glyr	channel	v3a:profile_only	family	glyr	right_family
GPHRA	gphr	sp|B7ZAQ6|GPHRA_HUMAN	gphr	channel_contested	v3a:both	family	gphr	right_family
GPHRB	gphr	sp|P0CG08|GPHRB_HUMAN	gphr	channel_contested	v3a:both	family	gphr	right_family
GRIA1	ampa	sp|P42261|GRIA1_HUMAN	ampa	channel	v3a:profile_only	family	ampa	right_family
GRIA2	ampa	sp|P42262|GRIA2_HUMAN	ampa	channel	v3a:profile_only	family	ampa	right_family
GRIA3	ampa	sp|P42263|GRIA3_HUMAN	ampa	channel	v3a:profile_only	family	ampa	right_family
GRIA4	ampa	sp|P48058|GRIA4_HUMAN	ampa	channel	v3a:profile_only	family	ampa	right_family
GRID1	delta_glur	sp|Q9ULK0|GRID1_HUMAN	delta_glur	channel_contested	v3a:profile_only	family	delta_glur	right_family
GRID2	delta_glur	sp|O43424|GRID2_HUMAN	delta_glur	channel_contested	v3a:profile_only	family	delta_glur	right_family
GRIK1	kainate	sp|P39086|GRIK1_HUMAN	kainate	channel	v3a:profile_only	family	kainate	right_family
GRIK2	kainate	sp|Q13002|GRIK2_HUMAN	kainate	channel	v3a:profile_only	family	kainate	right_family
GRIK3	kainate	sp|Q13003|GRIK3_HUMAN	kainate	channel	v3a:profile_only	family	kainate	right_family
GRIK4	kainate	sp|Q16099|GRIK4_HUMAN	kainate	channel	v3a:profile_only	family	kainate	right_family
GRIK5	kainate	sp|Q16478|GRIK5_HUMAN	kainate	channel	v3a:profile_only	family	kainate	right_family
GRIN1	nmda	sp|Q05586|NMDZ1_HUMAN	nmda	channel	v3a:profile_only	family	nmda	right_family
GRIN2A	nmda	sp|Q12879|NMDE1_HUMAN	nmda	channel	v3a:profile_only	family	nmda	right_family
GRIN2B	nmda	sp|Q13224|NMDE2_HUMAN	nmda	channel	v3a:profile_only	family	nmda	right_family
GRIN2C	nmda	sp|Q14957|NMDE3_HUMAN	nmda	channel	v3a:profile_only	family	nmda	right_family
GRIN2D	nmda	sp|O15399|NMDE4_HUMAN	nmda	channel	v3a:profile_only	family	nmda	right_family
GRIN3A	nmda	sp|Q8TCU5|NMD3A_HUMAN	nmda	channel	v3a:profile_only	family	nmda	right_family
GRIN3B	nmda	sp|O60391|NMD3B_HUMAN	nmda	channel	v3a:profile_only	family	nmda	right_family
HCN1	hcn	sp|O60741|HCN1_HUMAN	hcn	channel	v3a:both	family	hcn	right_family
HCN2	hcn	sp|Q9UL51|HCN2_HUMAN	hcn	channel	v3a:both	family	hcn	right_family
HCN3	hcn	sp|Q9P1Z3|HCN3_HUMAN	hcn	channel	v3a:both	family	hcn	right_family
HCN4	hcn	sp|Q9Y3Q4|HCN4_HUMAN	hcn	channel	v3a:both	family	hcn	right_family
HTR3A	ht3	sp|P46098|5HT3A_HUMAN	ht3	channel	v3a:profile_only	family	ht3	right_family
HTR3B	ht3	sp|O95264|5HT3B_HUMAN	ht3	channel	v3a:profile_only	family	ht3	right_family
HTR3C	ht3	sp|Q8WXA8|5HT3C_HUMAN	ht3	channel	v3a:profile_only	family	ht3	right_family
HTR3D	ht3	sp|Q70Z44|5HT3D_HUMAN	ht3	channel	v3a:profile_only	family	ht3	right_family
HTR3E	ht3	sp|A5X5Y0|5HT3E_HUMAN	ht3	channel	v3a:profile_only	family	ht3	right_family
HVCN1	hv1	sp|Q96D96|HVCN1_HUMAN	hv1	channel	v3a:both	family	hv1	right_family
ITPR1	itpr	sp|Q14643|ITPR1_HUMAN	itpr	channel	v3a:profile_only	family	itpr	right_family
ITPR2	itpr	sp|Q14571|ITPR2_HUMAN	itpr	channel	v3a:profile_only	family	itpr	right_family
ITPR3	itpr	sp|Q14573|ITPR3_HUMAN	itpr	channel	v3a:profile_only	family	itpr	right_family
KCNA1	kv_shaker	sp|Q09470|KCNA1_HUMAN	kv_shaker	channel	v3a:profile_only	family	kv_shaker	right_family
KCNA10	kv_shaker	sp|Q16322|KCA10_HUMAN	kv_shaker	channel	v3a:profile_only	family	kv_shaker	right_family
KCNA2	kv_shaker	sp|P16389|KCNA2_HUMAN	kv_shaker	channel	v3a:profile_only	family	kv_shaker	right_family
KCNA3	kv_shaker	sp|P22001|KCNA3_HUMAN	kv_shaker	channel	v3a:profile_only	family	kv_shaker	right_family
KCNA4	kv_shaker	sp|P22459|KCNA4_HUMAN	kv_shaker	channel	v3a:profile_only	family	kv_shaker	right_family
KCNA5	kv_shaker	sp|P22460|KCNA5_HUMAN	kv_shaker	channel	v3a:profile_only	family	kv_shaker	right_family
KCNA6	kv_shaker	sp|P17658|KCNA6_HUMAN	kv_shaker	channel	v3a:profile_only	family	kv_shaker	right_family
KCNA7	kv_shaker	sp|Q96RP8|KCNA7_HUMAN	kv_shaker	channel	v3a:profile_only	family	kv_shaker	right_family
KCNB1	kv_shaker	sp|Q14721|KCNB1_HUMAN	kv_shaker	channel	v3a:both	family	kv_shaker	right_family
KCNB2	kv_shaker	sp|Q92953|KCNB2_HUMAN	kv_shaker	channel	v3a:both	family	kv_shaker	right_family
KCNC1	kv_shaker	sp|P48547|KCNC1_HUMAN	kv_shaker	channel	v3a:profile_only	family	kv_shaker	right_family
KCNC2	kv_shaker	sp|Q96PR1|KCNC2_HUMAN	kv_shaker	channel	v3a:profile_only	family	kv_shaker	right_family
KCNC3	kv_shaker	sp|Q14003|KCNC3_HUMAN	kv_shaker	channel	v3a:profile_only	family	kv_shaker	right_family
KCNC4	kv_shaker	sp|Q03721|KCNC4_HUMAN	kv_shaker	channel	v3a:profile_only	family	kv_shaker	right_family
KCND1	kv_shaker	sp|Q9NSA2|KCND1_HUMAN	kv_shaker	channel	v3a:profile_only	family	kv_shaker	right_family
KCND2	kv_shaker	sp|Q9NZV8|KCND2_HUMAN	kv_shaker	channel	v3a:profile_only	family	kv_shaker	right_family
KCND3	kv_shaker	sp|Q9UK17|KCND3_HUMAN	kv_shaker	channel	v3a:profile_only	family	kv_shaker	right_family
KCNF1	kv_modifier	sp|Q9H3M0|KCNF1_HUMAN	kv_modifier	channel	v3a:profile_only	family	kv_modifier	right_family
KCNG1	kv_modifier	sp|Q9UIX4|KCNG1_HUMAN	kv_modifier	channel	v3a:profile_only	family	kv_modifier	right_family
KCNG2	kv_modifier	sp|Q9UJ96|KCNG2_HUMAN	kv_modifier	channel	v3a:profile_only	family	kv_modifier	right_family
KCNG3	kv_modifier	sp|Q8TAE7|KCNG3_HUMAN	kv_modifier	channel	v3a:profile_only	family	kv_modifier	right_family
KCNG4	kv_modifier	sp|Q8TDN1|KCNG4_HUMAN	kv_modifier	channel	v3a:profile_only	family	kv_modifier	right_family
KCNH1	kv_eag	sp|O95259|KCNH1_HUMAN	kv_eag	channel	v3a:both	family	kv_eag	right_family
KCNH2	kv_eag	sp|Q12809|KCNH2_HUMAN	kv_eag	channel	v3a:both	family	kv_eag	right_family
KCNH3	kv_eag	sp|Q9ULD8|KCNH3_HUMAN	kv_eag	channel	v3a:both	family	kv_eag	right_family
KCNH4	kv_eag	sp|Q9UQ05|KCNH4_HUMAN	kv_eag	channel	v3a:profile_only	family	kv_eag	right_family
KCNH5	kv_eag	sp|Q8NCM2|KCNH5_HUMAN	kv_eag	channel	v3a:both	family	kv_eag	right_family
KCNH6	kv_eag	sp|Q9H252|KCNH6_HUMAN	kv_eag	channel	v3a:both	family	kv_eag	right_family
KCNH7	kv_eag	sp|Q9NS40|KCNH7_HUMAN	kv_eag	channel	v3a:both	family	kv_eag	right_family
KCNH8	kv_eag	sp|Q96L42|KCNH8_HUMAN	kv_eag	channel	v3a:both	family	kv_eag	right_family
KCNJ1	kir	sp|P48048|KCNJ1_HUMAN	kir	channel	v3a:both	family	kir	right_family
KCNJ10	kir	sp|P78508|KCJ10_HUMAN	kir	channel	v3a:both	family	kir	right_family
KCNJ11	kir	sp|Q14654|KCJ11_HUMAN	kir	channel	v3a:both	family	kir	right_family
KCNJ12	kir	sp|Q14500|KCJ12_HUMAN	kir	channel	v3a:both	family	kir	right_family
KCNJ13	kir	sp|O60928|KCJ13_HUMAN	kir	channel	v3a:both	family	kir	right_family
KCNJ14	kir	sp|Q9UNX9|KCJ14_HUMAN	kir	channel	v3a:both	family	kir	right_family
KCNJ15	kir	sp|Q99712|KCJ15_HUMAN	kir	channel	v3a:both	family	kir	right_family
KCNJ16	kir	sp|Q9NPI9|KCJ16_HUMAN	kir	channel	v3a:both	family	kir	right_family
KCNJ18	kir	sp|B7U540|KCJ18_HUMAN	kir	channel	v3a:both	family	kir	right_family
KCNJ2	kir	sp|P63252|KCNJ2_HUMAN	kir	channel	v3a:both	family	kir	right_family
KCNJ3	kir	sp|P48549|KCNJ3_HUMAN	kir	channel	v3a:both	family	kir	right_family
KCNJ4	kir	sp|P48050|KCNJ4_HUMAN	kir	channel	v3a:both	family	kir	right_family
KCNJ5	kir	sp|P48544|KCNJ5_HUMAN	kir	channel	v3a:both	family	kir	right_family
KCNJ6	kir	sp|P48051|KCNJ6_HUMAN	kir	channel	v3a:both	family	kir	right_family
KCNJ8	kir	sp|Q15842|KCNJ8_HUMAN	kir	channel	v3a:both	family	kir	right_family
KCNJ9	kir	sp|Q92806|KCNJ9_HUMAN	kir	channel	v3a:both	family	kir	right_family
KCNK1	k2p	sp|O00180|KCNK1_HUMAN	k2p	channel	v3a:both	family	k2p	right_family
KCNK10	k2p	sp|P57789|KCNKA_HUMAN	k2p	channel	v3a:both	family	k2p	right_family
KCNK12	k2p	sp|Q9HB15|KCNKC_HUMAN	k2p	channel	v3a:both	family	k2p	right_family
KCNK13	k2p	sp|Q9HB14|KCNKD_HUMAN	k2p	channel	v3a:both	family	k2p	right_family
KCNK15	k2p	sp|Q9H427|KCNKF_HUMAN	k2p	channel	v3a:both	family	k2p	right_family
KCNK16	k2p	sp|Q96T55|KCNKG_HUMAN	k2p	channel	v3a:both	family	k2p	right_family
KCNK17	k2p	sp|Q96T54|KCNKH_HUMAN	k2p	channel	v3a:both	family	k2p	right_family
KCNK18	k2p	sp|Q7Z418|KCNKI_HUMAN	k2p	channel	v3a:both	family	k2p	right_family
KCNK2	k2p	sp|O95069|KCNK2_HUMAN	k2p	channel	v3a:both	family	k2p	right_family
KCNK3	k2p	sp|O14649|KCNK3_HUMAN	k2p	channel	v3a:both	family	k2p	right_family
KCNK4	k2p	sp|Q9NYG8|KCNK4_HUMAN	k2p	channel	v3a:both	family	k2p	right_family
KCNK5	k2p	sp|O95279|KCNK5_HUMAN	k2p	channel	v3a:both	family	k2p	right_family
KCNK6	k2p	sp|Q9Y257|KCNK6_HUMAN	k2p	channel	v3a:both	family	k2p	right_family
KCNK7	k2p	sp|Q9Y2U2|KCNK7_HUMAN	k2p	channel	v3a:both	family	k2p	right_family
KCNK9	k2p	sp|Q9NPC2|KCNK9_HUMAN	k2p	channel	v3a:both	family	k2p	right_family
KCNMA1	kca_slo	sp|Q12791|KCMA1_HUMAN	kca_slo	channel	v3a:both	family	kca_slo	right_family
KCNN1	kca_sk	sp|Q92952|KCNN1_HUMAN	kca_sk	channel	v3a:both	family	kca_sk	right_family
KCNN2	kca_sk	sp|Q9H2S1|KCNN2_HUMAN	kca_sk	channel	v3a:both	family	kca_sk	right_family
KCNN3	kca_sk	sp|Q9UGI6|KCNN3_HUMAN	kca_sk	channel	v3a:both	family	kca_sk	right_family
KCNN4	kca_sk	sp|O15554|KCNN4_HUMAN	kca_sk	channel	v3a:both	family	kca_sk	right_family
KCNQ1	kv_kcnq	sp|P51787|KCNQ1_HUMAN	kv_kcnq	channel	v3a:both	family	kv_kcnq	right_family
KCNQ2	kv_kcnq	sp|O43526|KCNQ2_HUMAN	kv_kcnq	channel	v3a:both	family	kv_kcnq	right_family
KCNQ3	kv_kcnq	sp|O43525|KCNQ3_HUMAN	kv_kcnq	channel	v3a:both	family	kv_kcnq	right_family
KCNQ4	kv_kcnq	sp|P56696|KCNQ4_HUMAN	kv_kcnq	channel	v3a:both	family	kv_kcnq	right_family
KCNQ5	kv_kcnq	sp|Q9NR82|KCNQ5_HUMAN	kv_kcnq	channel	v3a:both	family	kv_kcnq	right_family
KCNS1	kv_modifier	sp|Q96KK3|KCNS1_HUMAN	kv_modifier	channel	v3a:profile_only	family	kv_modifier	right_family
KCNS2	kv_modifier	sp|Q9ULS6|KCNS2_HUMAN	kv_modifier	channel	v3a:profile_only	family	kv_modifier	right_family
KCNS3	kv_modifier	sp|Q9BQ31|KCNS3_HUMAN	kv_modifier	channel	v3a:profile_only	family	kv_modifier	right_family
KCNT1	kca_slo	sp|Q5JUK3|KCNT1_HUMAN	kca_slo	channel	v3a:both	family	kca_slo	right_family
KCNT2	kca_slo	sp|Q6UVM3|KCNT2_HUMAN	kca_slo	channel	v3a:both	family	kca_slo	right_family
KCNU1	kca_slo	sp|A8MYU2|KCNU1_HUMAN	kca_slo	channel	v3a:both	family	kca_slo	right_family
KCNV1	kv_modifier	sp|Q6PIU1|KCNV1_HUMAN	kv_modifier	channel	v3a:profile_only	family	kv_modifier	right_family
KCNV2	kv_modifier	sp|Q8TDN2|KCNV2_HUMAN	kv_modifier	channel	v3a:profile_only	family	kv_modifier	right_family
LRRC8A	lrrc8	sp|Q8IWT6|LRC8A_HUMAN	lrrc8	channel	v3a:both	family	lrrc8	right_family
LRRC8B	lrrc8	sp|Q6P9F7|LRC8B_HUMAN	lrrc8	channel	v3a:both	family	lrrc8	right_family
LRRC8C	lrrc8	sp|Q8TDW0|LRC8C_HUMAN	lrrc8	channel	v3a:both	family	lrrc8	right_family
LRRC8D	lrrc8	sp|Q7L1W4|LRC8D_HUMAN	lrrc8	channel	v3a:both	family	lrrc8	right_family
LRRC8E	lrrc8	sp|Q6NSJ5|LRC8E_HUMAN	lrrc8	channel	v3a:both	family	lrrc8	right_family
MCOLN1	trpml	sp|Q9GZU1|MCLN1_HUMAN	trpml	channel	v3a:both	family	trpml	right_family
MCOLN2	trpml	sp|Q8IZK6|MCLN2_HUMAN	trpml	channel	v3a:both	family	trpml	right_family
MCOLN3	trpml	sp|Q8TDD5|MCLN3_HUMAN	trpml	channel	v3a:both	family	trpml	right_family
MCU	mcu	sp|Q8NE86|MCU_HUMAN	mcu	channel	v3a:both	family	mcu	right_family
MCUB	mcu	sp|Q9NWR8|MCUB_HUMAN	mcu	channel	v3a:both	family	mcu	right_family
NALCN	nalcn	sp|Q8IZF0|NALCN_HUMAN	nalcn	channel	v3a:both	family	nalcn	right_family
ORAI1	orai	sp|Q96D31|ORAI1_HUMAN	orai	channel	v3a:both	family	orai	right_family
ORAI2	orai	sp|Q96SN7|ORAI2_HUMAN	orai	channel	v3a:both	family	orai	right_family
ORAI3	orai	sp|Q9BRQ5|ORAI3_HUMAN	orai	channel	v3a:both	family	orai	right_family
OTOP1	otop	sp|Q7RTM1|OTOP1_HUMAN	otop	channel	v3a:both	family	otop	right_family
OTOP2	otop	sp|Q7RTS6|OTOP2_HUMAN	otop	channel	v3a:both	family	otop	right_family
OTOP3	otop	sp|Q7RTS5|OTOP3_HUMAN	otop	channel	v3a:both	family	otop	right_family
P2RX1	p2x	sp|P51575|P2RX1_HUMAN	p2x	channel	v3a:profile_only	family	p2x	right_family
P2RX2	p2x	sp|Q9UBL9|P2RX2_HUMAN	p2x	channel	v3a:profile_only	family	p2x	right_family
P2RX3	p2x	sp|P56373|P2RX3_HUMAN	p2x	channel	v3a:profile_only	family	p2x	right_family
P2RX4	p2x	sp|Q99571|P2RX4_HUMAN	p2x	channel	v3a:profile_only	family	p2x	right_family
P2RX5	p2x	sp|Q93086|P2RX5_HUMAN	p2x	channel	v3a:profile_only	family	p2x	right_family
P2RX6	p2x	sp|O15547|P2RX6_HUMAN	p2x	channel	v3a:profile_only	family	p2x	right_family
P2RX7	p2x	sp|Q99572|P2RX7_HUMAN	p2x	channel	v3a:profile_only	family	p2x	right_family
PACC1	pacc	sp|Q9H813|PACC1_HUMAN	pacc	channel	v3a:both	family	pacc	right_family
PANX1	pannexin	sp|Q96RD7|PANX1_HUMAN	pannexin	channel	v3a:profile_only	family	pannexin	right_family
PANX2	pannexin	sp|Q96RD6|PANX2_HUMAN	pannexin	channel	v3a:profile_only	family	pannexin	right_family
PANX3	pannexin	sp|Q96QZ0|PANX3_HUMAN	pannexin	channel	v3a:profile_only	family	pannexin	right_family
PIEZO1	piezo	sp|Q92508|PIEZ1_HUMAN	piezo	channel	v3a:both	family	piezo	right_family
PIEZO2	piezo	sp|Q9H5I5|PIEZ2_HUMAN	piezo	channel	v3a:both	family	piezo	right_family
PKD2	trpp	sp|Q13563|PKD2_HUMAN	trpp	channel	v3a:both	family	trpp	right_family
PKD2L1	trpp	sp|Q9P0L9|PK2L1_HUMAN	trpp	channel	v3a:both	family	trpp	right_family
PKD2L2	trpp	sp|Q9NZM6|PK2L2_HUMAN	trpp	channel	v3a:profile_only	family	trpp	right_family
RYR1	ryr	sp|P21817|RYR1_HUMAN	ryr	channel	v3a:both	family	ryr	right_family
RYR2	ryr	sp|Q92736|RYR2_HUMAN	ryr	channel	v3a:both	family	ryr	right_family
RYR3	ryr	sp|Q15413|RYR3_HUMAN	ryr	channel	v3a:both	family	ryr	right_family
SCN10A	nav	sp|Q9Y5Y9|SCNAA_HUMAN	nav	channel	v3a:both	family	nav	right_family
SCN11A	nav	sp|Q9UI33|SCNBA_HUMAN	nav	channel	v3a:both	family	nav	right_family
SCN1A	nav	sp|P35498|SCN1A_HUMAN	nav	channel	v3a:both	family	nav	right_family
SCN2A	nav	sp|Q99250|SCN2A_HUMAN	nav	channel	v3a:both	family	nav	right_family
SCN3A	nav	sp|Q9NY46|SCN3A_HUMAN	nav	channel	v3a:both	family	nav	right_family
SCN4A	nav	sp|P35499|SCN4A_HUMAN	nav	channel	v3a:both	family	nav	right_family
SCN5A	nav	sp|Q14524|SCN5A_HUMAN	nav	channel	v3a:both	family	nav	right_family
SCN7A	nav	sp|Q01118|SCN7A_HUMAN	nav	channel	v3a:profile_only	family	nav	right_family
SCN8A	nav	sp|Q9UQD0|SCN8A_HUMAN	nav	channel	v3a:both	family	nav	right_family
SCN9A	nav	sp|Q15858|SCN9A_HUMAN	nav	channel	v3a:both	family	nav	right_family
SCNN1A	enac	sp|P37088|SCNNA_HUMAN	enac	channel	v3a:profile_only	family	enac	right_family
SCNN1B	enac	sp|P51168|SCNNB_HUMAN	enac	channel	v3a:profile_only	family	enac	right_family
SCNN1D	enac	sp|P51172|SCNND_HUMAN	enac	channel	v3a:profile_only	family	enac	right_family
SCNN1G	enac	sp|P51170|SCNNG_HUMAN	enac	channel	v3a:profile_only	family	enac	right_family
TMC1	tmc	sp|Q8TDI8|TMC1_HUMAN	tmc	channel_contested	v3a:both	family	tmc	right_family
TMC2	tmc	sp|Q8TDI7|TMC2_HUMAN	tmc	channel_contested	v3a:both	family	tmc	right_family
TMC3	tmc	sp|Q7Z5M5|TMC3_HUMAN	tmc	channel_contested	v3a:both	family	tmc	right_family
TMC4	tmc	sp|Q7Z404|TMC4_HUMAN	tmc	channel_contested	v3a:both	family	tmc	right_family
TMC5	tmc	sp|Q6UXY8|TMC5_HUMAN	tmc	channel_contested	v3a:both	family	tmc	right_family
TMC6	tmc	sp|Q7Z403|TMC6_HUMAN	tmc	channel_contested	v3a:both	family	tmc	right_family
TMC7	tmc	sp|Q7Z402|TMC7_HUMAN	tmc	channel_contested	v3a:both	family	tmc	right_family
TMC8	tmc	sp|Q8IU68|TMC8_HUMAN	tmc	channel_contested	v3a:both	family	tmc	right_family
TMCO1	tmco1	sp|Q9UM00|TMCO1_HUMAN	tmco1	channel_contested	v3a:profile_only	family	tmco1	right_family
TMEM109	tmem109	sp|Q9BVC6|TM109_HUMAN	tmem109	channel_contested	v3a:profile_only	family	tmem109	right_family
TMEM175	tmem175	sp|Q9BSA9|TM175_HUMAN	tmem175	channel	v3a:both	family	tmem175	right_family
TMEM38A	tric	sp|Q9H6F2|TM38A_HUMAN	tric	channel	v3a:both	family	tric	right_family
TMEM38B	tric	sp|Q9NVV0|TM38B_HUMAN	tric	channel	v3a:both	family	tric	right_family
TMEM63A	osca_tmem63	sp|O94886|TM63A_HUMAN	osca_tmem63	channel	v3a:both	family	osca_tmem63	right_family
TMEM63B	osca_tmem63	sp|Q5T3F8|TM63B_HUMAN	osca_tmem63	channel	v3a:both	family	osca_tmem63	right_family
TMEM63C	osca_tmem63	sp|Q9P1W3|TM63C_HUMAN	osca_tmem63	channel	v3a:both	family	osca_tmem63	right_family
TMEM87A	tmem87	sp|Q8NBN3|GPHCC_HUMAN	tmem87	channel_contested	v3a:profile_only	family	tmem87	right_family
TPCN1	tpc	sp|Q9ULQ1|TPC1_HUMAN	tpc	channel	v3a:profile_only	family	tpc	right_family
TPCN2	tpc	sp|Q8NHX9|TPC2_HUMAN	tpc	channel	v3a:profile_only	family	tpc	right_family
TRPA1	trpa	sp|O75762|TRPA1_HUMAN	trpa	channel	v3a:profile_only	family	trpa	right_family
TRPC1	trpc	sp|P48995|TRPC1_HUMAN	trpc	channel	v3a:both	family	trpc	right_family
TRPC3	trpc	sp|Q13507|TRPC3_HUMAN	trpc	channel	v3a:both	family	trpc	right_family
TRPC4	trpc	sp|Q9UBN4|TRPC4_HUMAN	trpc	channel	v3a:profile_only	family	trpc	right_family
TRPC5	trpc	sp|Q9UL62|TRPC5_HUMAN	trpc	channel	v3a:profile_only	family	trpc	right_family
TRPC6	trpc	sp|Q9Y210|TRPC6_HUMAN	trpc	channel	v3a:both	family	trpc	right_family
TRPC7	trpc	sp|Q9HCX4|TRPC7_HUMAN	trpc	channel	v3a:both	family	trpc	right_family
TRPM1	trpm	sp|Q7Z4N2|TRPM1_HUMAN	trpm	channel	v3a:profile_only	family	trpm	right_family
TRPM2	trpm	sp|O94759|TRPM2_HUMAN	trpm	channel	v3a:profile_only	family	trpm	right_family
TRPM3	trpm	sp|Q9HCF6|TRPM3_HUMAN	trpm	channel	v3a:profile_only	family	trpm	right_family
TRPM4	trpm	sp|Q8TD43|TRPM4_HUMAN	trpm	channel	v3a:profile_only	family	trpm	right_family
TRPM5	trpm	sp|Q9NZQ8|TRPM5_HUMAN	trpm	channel	v3a:profile_only	family	trpm	right_family
TRPM6	trpm	sp|Q9BX84|TRPM6_HUMAN	trpm	channel	v3a:both	family	trpm	right_family
TRPM7	trpm	sp|Q96QT4|TRPM7_HUMAN	trpm	channel	v3a:both	family	trpm	right_family
TRPM8	trpm	sp|Q7Z2W7|TRPM8_HUMAN	trpm	channel	v3a:profile_only	family	trpm	right_family
TRPV1	trpv	sp|Q8NER1|TRPV1_HUMAN	trpv	channel	v3a:profile_only	family	trpv	right_family
TRPV2	trpv	sp|Q9Y5S1|TRPV2_HUMAN	trpv	channel	v3a:profile_only	family	trpv	right_family
TRPV3	trpv	sp|Q8NET8|TRPV3_HUMAN	trpv	channel	v3a:profile_only	family	trpv	right_family
TRPV4	trpv	sp|Q9HBA0|TRPV4_HUMAN	trpv	channel	v3a:profile_only	family	trpv	right_family
TRPV5	trpv	sp|Q9NQA5|TRPV5_HUMAN	trpv	channel	v3a:profile_only	family	trpv	right_family
TRPV6	trpv	sp|Q9H1D0|TRPV6_HUMAN	trpv	channel	v3a:profile_only	family	trpv	right_family
TTYH1	tweety	sp|Q9H313|TTYH1_HUMAN	tweety	channel_contested	v3a:both	family	tweety	right_family
TTYH2	tweety	sp|Q9BSA4|TTYH2_HUMAN	tweety	channel_contested	v3a:both	family	tweety	right_family
TTYH3	tweety	sp|Q9C0H2|TTYH3_HUMAN	tweety	channel_contested	v3a:both	family	tweety	right_family
VDAC1	vdac	sp|P21796|VDAC1_HUMAN	vdac	channel	v3a:both	family	vdac	right_family
VDAC2	vdac	sp|P45880|VDAC2_HUMAN	vdac	channel	v3a:both	family	vdac	right_family
VDAC3	vdac	sp|Q9Y277|VDAC3_HUMAN	vdac	channel	v3a:both	family	vdac	right_family
ZACN	zac	sp|Q401N2|ZACN_HUMAN	zac	channel	v3a:profile_only	family	zac	right_family
