family	group	in_census_v2	missed_by_domain_search	missed_high
ampa	deuterostome	9	0	0
ampa	invertebrate	17	0	0
ampa	vertebrate	57	0	0
ano_channel	deuterostome	1	0	0
ano_channel	vertebrate	32	0	0
ano_scramblase	amoebozoa	1	0	0
ano_scramblase	basal_metazoan	7	0	0
ano_scramblase	ciliate	44	0	0
ano_scramblase	cnidarian	21	0	0
ano_scramblase	deuterostome	15	0	0
ano_scramblase	fungi	1	0	0
ano_scramblase	holozoa	2	0	0
ano_scramblase	invertebrate	28	0	0
ano_scramblase	plant	3	0	0
ano_scramblase	vertebrate	132	0	0
asic	basal_metazoan	30	0	0
asic	cnidarian	35	0	0
asic	deuterostome	51	0	0
asic	invertebrate	72	0	0
asic	vertebrate	81	0	0
assoc_catsper_aux	basal_metazoan	0	1	0
assoc_catsper_aux	deuterostome	0	2	0
assoc_catsper_aux	vertebrate	0	35	31
assoc_cav_aux	basal_metazoan	0	3	0
assoc_cav_aux	cnidarian	0	9	5
assoc_cav_aux	deuterostome	0	12	10
assoc_cav_aux	invertebrate	0	22	12
assoc_cav_aux	vertebrate	0	219	172
assoc_clc_aux	basal_metazoan	0	5	5
assoc_clc_aux	deuterostome	0	36	35
assoc_clc_aux	invertebrate	0	19	17
assoc_clc_aux	vertebrate	0	58	52
assoc_iglur_aux	deuterostome	0	1	0
assoc_iglur_aux	vertebrate	0	137	108
assoc_k_beta	basal_metazoan	0	18	2
assoc_k_beta	ciliate	0	10	7
assoc_k_beta	cnidarian	0	13	0
assoc_k_beta	deuterostome	0	329	58
assoc_k_beta	holozoa	0	68	3
assoc_k_beta	invertebrate	0	128	24
assoc_k_beta	plant	0	4	4
assoc_k_beta	prokaryote	0	1	1
assoc_k_beta	vertebrate	0	1003	437
assoc_kchip	basal_metazoan	0	1	0
assoc_kchip	ciliate	0	2	0
assoc_kchip	cnidarian	0	2	0
assoc_kchip	deuterostome	0	4	3
assoc_kchip	holozoa	0	1	0
assoc_kchip	invertebrate	0	16	8
assoc_kchip	vertebrate	0	57	54
assoc_kcne	vertebrate	0	49	43
assoc_mcu_reg	algae	0	1	1
assoc_mcu_reg	amoebozoa	0	2	2
assoc_mcu_reg	basal_metazoan	0	5	3
assoc_mcu_reg	cnidarian	0	6	4
assoc_mcu_reg	deuterostome	0	13	10
assoc_mcu_reg	excavate	0	1	1
assoc_mcu_reg	holozoa	0	3	2
assoc_mcu_reg	invertebrate	0	20	14
assoc_mcu_reg	plant	0	5	5
assoc_mcu_reg	vertebrate	0	91	65
assoc_nav_beta	cnidarian	0	2	2
assoc_nav_beta	deuterostome	0	15	5
assoc_nav_beta	vertebrate	0	431	353
assoc_polycystin1	basal_metazoan	1	0	0
assoc_polycystin1	cnidarian	38	2	2
assoc_polycystin1	deuterostome	70	15	2
assoc_polycystin1	invertebrate	19	1	0
assoc_polycystin1	vertebrate	55	6	3
assoc_stim	basal_metazoan	0	1	0
assoc_stim	cnidarian	0	2	0
assoc_stim	deuterostome	0	3	1
assoc_stim	holozoa	0	1	0
assoc_stim	invertebrate	0	7	3
assoc_stim	vertebrate	0	31	28
assoc_sur	deuterostome	0	5	0
assoc_sur	vertebrate	0	26	26
bestrophin	deuterostome	5	0	0
bestrophin	invertebrate	65	0	0
bestrophin	prokaryote	0	2	2
bestrophin	vertebrate	46	0	0
calhm	cnidarian	8	0	0
calhm	deuterostome	3	0	0
calhm	invertebrate	1	0	0
calhm	vertebrate	81	0	0
catsper	basal_metazoan	4	0	0
catsper	ciliate	2	0	0
catsper	cnidarian	4	0	0
catsper	deuterostome	11	0	0
catsper	vertebrate	30	0	0
cav	algae	9	0	0
cav	basal_metazoan	4	0	0
cav	ciliate	60	0	0
cav	cnidarian	19	0	0
cav	deuterostome	10	0	0
cav	excavate	1	0	0
cav	fungi	2	0	0
cav	invertebrate	18	0	0
cav	vertebrate	131	0	0
cftr	vertebrate	13	0	0
clc_channel	amoebozoa	2	0	0
clc_channel	basal_metazoan	2	0	0
clc_channel	cnidarian	1	0	0
clc_channel	deuterostome	3	0	0
clc_channel	holozoa	4	0	0
clc_channel	invertebrate	12	0	0
clc_channel	vertebrate	48	0	0
clc_prokaryotic	algae	1	0	0
clc_prokaryotic	plant	7	0	0
clc_prokaryotic	prokaryote	4	0	0
clc_transporter	algae	5	0	0
clc_transporter	amoebozoa	4	0	0
clc_transporter	basal_metazoan	8	0	0
clc_transporter	cnidarian	8	0	0
clc_transporter	deuterostome	14	0	0
clc_transporter	excavate	3	0	0
clc_transporter	fungi	3	0	0
clc_transporter	holozoa	8	0	0
clc_transporter	invertebrate	19	0	0
clc_transporter	plant	14	0	0
clc_transporter	prokaryote	1	0	0
clc_transporter	vertebrate	66	0	0
clcc1	cnidarian	2	0	0
clcc1	deuterostome	4	0	0
clcc1	invertebrate	7	0	0
clcc1	vertebrate	15	0	0
clic	algae	0	1	1
clic	basal_metazoan	0	3	2
clic	ciliate	0	4	4
clic	cnidarian	3	3	3
clic	deuterostome	4	2	1
clic	holozoa	0	1	1
clic	invertebrate	9	6	5
clic	plant	0	9	9
clic	vertebrate	75	3	1
cng	algae	8	0	0
cng	basal_metazoan	3	0	0
cng	ciliate	365	20	9
cng	cnidarian	8	0	0
cng	deuterostome	17	0	0
cng	holozoa	2	0	0
cng	invertebrate	30	0	0
cng	plant	10	1	0
cng	vertebrate	85	1	1
connexin	deuterostome	18	0	0
connexin	vertebrate	383	0	0
deg_invertebrate	invertebrate	11	0	0
delta_glur	deuterostome	9	0	0
delta_glur	invertebrate	31	0	0
delta_glur	vertebrate	30	0	0
enac	basal_metazoan	1	0	0
enac	cnidarian	7	0	0
enac	deuterostome	21	0	0
enac	invertebrate	25	0	0
enac	vertebrate	45	0	0
gabaa	cnidarian	53	0	0
gabaa	deuterostome	44	0	0
gabaa	invertebrate	49	0	0
gabaa	vertebrate	252	0	0
glyr	deuterostome	6	0	0
glyr	vertebrate	77	0	0
gphr	algae	1	0	0
gphr	amoebozoa	1	0	0
gphr	apicomplexa	2	0	0
gphr	basal_metazoan	3	0	0
gphr	ciliate	2	0	0
gphr	cnidarian	2	0	0
gphr	deuterostome	2	0	0
gphr	excavate	1	0	0
gphr	fungi	1	0	0
gphr	holozoa	2	0	0
gphr	invertebrate	6	0	0
gphr	plant	3	0	0
gphr	vertebrate	14	0	0
hcn	algae	1	1	0
hcn	ciliate	5	0	0
hcn	cnidarian	4	0	0
hcn	deuterostome	5	0	0
hcn	invertebrate	4	0	0
hcn	vertebrate	58	1	0
ht3	vertebrate	69	1	1
hv1	basal_metazoan	0	1	0
hv1	cnidarian	0	1	0
hv1	deuterostome	0	2	2
hv1	invertebrate	0	12	8
hv1	plant	0	3	0
hv1	vertebrate	8	6	5
iglur_nonvertebrate	invertebrate	9	0	0
iglur_nonvertebrate	plant	40	2	0
iglur_prok	prokaryote	1	0	0
innexin	cnidarian	1	0	0
innexin	invertebrate	75	0	0
itpr	algae	1	0	0
itpr	basal_metazoan	11	0	0
itpr	ciliate	28	0	0
itpr	cnidarian	2	0	0
itpr	deuterostome	4	0	0
itpr	holozoa	5	0	0
itpr	invertebrate	11	0	0
itpr	vertebrate	40	0	0
k2p	basal_metazoan	2	0	0
k2p	cnidarian	38	1	1
k2p	deuterostome	49	0	0
k2p	fungi	1	0	0
k2p	holozoa	3	0	0
k2p	invertebrate	101	1	0
k2p	plant	13	0	0
k2p	vertebrate	199	0	0
kainate	basal_metazoan	8	0	0
kainate	cnidarian	2	0	0
kainate	deuterostome	25	0	0
kainate	invertebrate	52	2	0
kainate	vertebrate	79	0	0
kca_sk	ciliate	18	0	0
kca_sk	deuterostome	4	0	0
kca_sk	invertebrate	20	0	0
kca_sk	vertebrate	49	0	0
kca_slo	algae	2	0	0
kca_slo	amoebozoa	3	0	0
kca_slo	apicomplexa	1	0	0
kca_slo	basal_metazoan	3	0	0
kca_slo	ciliate	13	0	0
kca_slo	cnidarian	5	0	0
kca_slo	deuterostome	6	0	0
kca_slo	excavate	2	0	0
kca_slo	holozoa	2	0	0
kca_slo	invertebrate	19	0	0
kca_slo	plant	3	0	0
kca_slo	vertebrate	56	0	0
kcsa_prok	prokaryote	6	2	1
kir	algae	3	0	0
kir	basal_metazoan	7	3	2
kir	cnidarian	5	0	0
kir	deuterostome	11	0	0
kir	holozoa	3	0	0
kir	invertebrate	21	0	0
kir	plant	3	0	0
kir	prokaryote	1	0	0
kir	vertebrate	235	0	0
kv_eag	algae	6	0	0
kv_eag	basal_metazoan	4	0	0
kv_eag	ciliate	68	2	0
kv_eag	cnidarian	16	0	0
kv_eag	deuterostome	9	0	0
kv_eag	invertebrate	18	0	0
kv_eag	plant	9	0	0
kv_eag	vertebrate	111	0	0
kv_kcnq	cnidarian	7	0	0
kv_kcnq	deuterostome	7	0	0
kv_kcnq	invertebrate	19	0	0
kv_kcnq	vertebrate	72	0	0
kv_modifier	vertebrate	148	0	0
kv_shaker	algae	2	0	0
kv_shaker	basal_metazoan	2	0	0
kv_shaker	ciliate	9	0	0
kv_shaker	cnidarian	76	0	0
kv_shaker	deuterostome	48	0	0
kv_shaker	holozoa	3	0	0
kv_shaker	invertebrate	60	0	0
kv_shaker	vertebrate	244	0	0
lrrc8	cnidarian	5	0	0
lrrc8	deuterostome	2	1	0
lrrc8	invertebrate	0	3	0
lrrc8	plant	0	13	0
lrrc8	vertebrate	101	3	0
mcu	algae	1	0	0
mcu	amoebozoa	1	0	0
mcu	basal_metazoan	1	0	0
mcu	ciliate	11	0	0
mcu	cnidarian	2	0	0
mcu	deuterostome	3	0	0
mcu	excavate	4	0	0
mcu	holozoa	2	0	0
mcu	invertebrate	10	0	0
mcu	plant	14	0	0
mcu	vertebrate	24	0	0
mitok	cnidarian	0	2	0
mitok	deuterostome	0	3	1
mitok	invertebrate	0	6	1
mitok	vertebrate	0	12	12
mscl	prokaryote	6	0	0
mscs	algae	8	0	0
mscs	amoebozoa	1	0	0
mscs	apicomplexa	1	0	0
mscs	basal_metazoan	1	0	0
mscs	excavate	1	0	0
mscs	fungi	2	0	0
mscs	holozoa	3	0	0
mscs	plant	29	0	0
mscs	prokaryote	29	0	0
nachr	algae	1	0	0
nachr	cnidarian	62	0	0
nachr	deuterostome	213	1	0
nachr	invertebrate	300	1	0
nachr	vertebrate	247	0	0
nalcn	basal_metazoan	1	0	0
nalcn	cnidarian	1	0	0
nalcn	deuterostome	1	0	0
nalcn	invertebrate	6	0	0
nalcn	vertebrate	12	0	0
nav	basal_metazoan	3	0	0
nav	cnidarian	5	0	0
nav	deuterostome	9	0	0
nav	holozoa	1	0	0
nav	invertebrate	10	0	0
nav	vertebrate	108	0	0
nmda	algae	1	0	0
nmda	cnidarian	9	0	0
nmda	deuterostome	7	0	0
nmda	invertebrate	19	0	0
nmda	vertebrate	96	0	0
nonchannel_abc_transporter	algae	0	19	11
nonchannel_abc_transporter	amoebozoa	0	27	13
nonchannel_abc_transporter	apicomplexa	0	9	3
nonchannel_abc_transporter	basal_metazoan	0	65	40
nonchannel_abc_transporter	ciliate	0	140	105
nonchannel_abc_transporter	cnidarian	0	54	31
nonchannel_abc_transporter	deuterostome	0	87	48
nonchannel_abc_transporter	excavate	0	6	3
nonchannel_abc_transporter	fungi	0	19	10
nonchannel_abc_transporter	holozoa	0	26	12
nonchannel_abc_transporter	invertebrate	0	186	96
nonchannel_abc_transporter	plant	0	123	45
nonchannel_abc_transporter	prokaryote	1	78	3
nonchannel_abc_transporter	vertebrate	0	262	116
nonchannel_achbp	invertebrate	16	0	0
nonchannel_bri3bp	vertebrate	14	0	0
nonchannel_class_c_gpcr	amoebozoa	0	14	1
nonchannel_class_c_gpcr	basal_metazoan	0	120	92
nonchannel_class_c_gpcr	cnidarian	0	100	86
nonchannel_class_c_gpcr	deuterostome	0	62	50
nonchannel_class_c_gpcr	holozoa	0	25	2
nonchannel_class_c_gpcr	invertebrate	0	110	76
nonchannel_class_c_gpcr	vertebrate	0	1086	913
nonchannel_emc3	algae	1	0	0
nonchannel_emc3	amoebozoa	1	0	0
nonchannel_emc3	apicomplexa	1	0	0
nonchannel_emc3	basal_metazoan	3	0	0
nonchannel_emc3	ciliate	3	0	0
nonchannel_emc3	cnidarian	2	0	0
nonchannel_emc3	deuterostome	4	0	0
nonchannel_emc3	excavate	1	0	0
nonchannel_emc3	fungi	2	0	0
nonchannel_emc3	holozoa	2	0	0
nonchannel_emc3	invertebrate	6	0	0
nonchannel_emc3	plant	4	0	0
nonchannel_emc3	vertebrate	18	0	0
nonchannel_gasdermin	basal_metazoan	0	1	0
nonchannel_gasdermin	cnidarian	0	2	1
nonchannel_gasdermin	deuterostome	0	4	4
nonchannel_gasdermin	invertebrate	0	1	0
nonchannel_gasdermin	vertebrate	0	55	52
nonchannel_gost	algae	1	0	0
nonchannel_gost	amoebozoa	1	1	1
nonchannel_gost	basal_metazoan	1	0	0
nonchannel_gost	cnidarian	2	0	0
nonchannel_gost	deuterostome	4	0	0
nonchannel_gost	holozoa	2	0	0
nonchannel_gost	invertebrate	7	0	0
nonchannel_gost	plant	12	0	0
nonchannel_gost	vertebrate	23	1	0
nonchannel_kctd	amoebozoa	9	0	0
nonchannel_kctd	apicomplexa	1	0	0
nonchannel_kctd	basal_metazoan	9	2	2
nonchannel_kctd	cnidarian	12	2	2
nonchannel_kctd	deuterostome	66	5	4
nonchannel_kctd	excavate	4	0	0
nonchannel_kctd	fungi	1	1	1
nonchannel_kctd	holozoa	7	1	0
nonchannel_kctd	invertebrate	79	5	5
nonchannel_kctd	plant	16	0	0
nonchannel_kctd	vertebrate	265	39	27
nonchannel_ncs	algae	0	11	7
nonchannel_ncs	amoebozoa	0	17	11
nonchannel_ncs	apicomplexa	0	8	6
nonchannel_ncs	basal_metazoan	0	33	20
nonchannel_ncs	ciliate	0	239	150
nonchannel_ncs	cnidarian	0	70	36
nonchannel_ncs	deuterostome	0	171	106
nonchannel_ncs	excavate	0	7	4
nonchannel_ncs	fungi	0	8	1
nonchannel_ncs	holozoa	0	23	10
nonchannel_ncs	invertebrate	0	197	132
nonchannel_ncs	plant	0	177	128
nonchannel_ncs	prokaryote	0	2	1
nonchannel_ncs	vertebrate	0	540	364
nonchannel_pomt	basal_metazoan	0	4	3
nonchannel_pomt	cnidarian	0	4	4
nonchannel_pomt	deuterostome	0	6	5
nonchannel_pomt	fungi	0	10	9
nonchannel_pomt	holozoa	0	6	5
nonchannel_pomt	invertebrate	0	12	12
nonchannel_pomt	prokaryote	0	1	0
nonchannel_pomt	vertebrate	0	26	25
nonchannel_vsp	amoebozoa	0	6	4
nonchannel_vsp	basal_metazoan	0	6	5
nonchannel_vsp	ciliate	0	25	23
nonchannel_vsp	cnidarian	1	9	8
nonchannel_vsp	deuterostome	3	12	9
nonchannel_vsp	fungi	0	1	0
nonchannel_vsp	holozoa	1	6	5
nonchannel_vsp	invertebrate	2	20	12
nonchannel_vsp	plant	0	14	3
nonchannel_vsp	vertebrate	15	64	54
orai	algae	2	0	0
orai	basal_metazoan	2	0	0
orai	cnidarian	2	0	0
orai	deuterostome	3	0	0
orai	holozoa	3	0	0
orai	invertebrate	7	0	0
orai	plant	3	0	0
orai	vertebrate	37	0	0
osca_tmem63	algae	11	0	0
osca_tmem63	amoebozoa	3	0	0
osca_tmem63	apicomplexa	1	0	0
osca_tmem63	basal_metazoan	2	0	0
osca_tmem63	ciliate	29	3	0
osca_tmem63	cnidarian	5	0	0
osca_tmem63	deuterostome	2	0	0
osca_tmem63	excavate	1	0	0
osca_tmem63	fungi	7	0	0
osca_tmem63	holozoa	5	0	0
osca_tmem63	invertebrate	8	1	1
osca_tmem63	plant	41	0	0
osca_tmem63	vertebrate	41	0	0
otop	cnidarian	4	0	0
otop	deuterostome	8	0	0
otop	invertebrate	34	0	0
otop	vertebrate	43	0	0
outofscope_aquaporin	algae	0	3	3
outofscope_aquaporin	amoebozoa	0	5	5
outofscope_aquaporin	apicomplexa	0	1	1
outofscope_aquaporin	basal_metazoan	0	5	5
outofscope_aquaporin	ciliate	0	18	18
outofscope_aquaporin	cnidarian	0	16	14
outofscope_aquaporin	deuterostome	0	24	23
outofscope_aquaporin	excavate	0	3	3
outofscope_aquaporin	fungi	0	5	4
outofscope_aquaporin	holozoa	0	5	5
outofscope_aquaporin	invertebrate	0	63	61
outofscope_aquaporin	plant	0	99	94
outofscope_aquaporin	prokaryote	0	10	10
outofscope_aquaporin	vertebrate	0	179	169
outofscope_bacterial_porin	prokaryote	0	6	5
p2x	basal_metazoan	3	0	0
p2x	cnidarian	2	0	0
p2x	deuterostome	4	0	0
p2x	holozoa	2	0	0
p2x	invertebrate	5	0	0
p2x	vertebrate	96	0	0
p2x_nonmetazoan	amoebozoa	5	0	0
p2x_nonmetazoan	basal_metazoan	1	0	0
p2x_nonmetazoan	cnidarian	2	0	0
p2x_nonmetazoan	holozoa	1	0	0
pacc	basal_metazoan	1	0	0
pacc	vertebrate	12	0	0
pannexin	deuterostome	1	3	3
pannexin	vertebrate	34	5	5
piezo	amoebozoa	1	0	0
piezo	basal_metazoan	2	0	0
piezo	ciliate	4	0	0
piezo	cnidarian	1	0	0
piezo	deuterostome	2	0	0
piezo	holozoa	1	0	0
piezo	invertebrate	6	0	0
piezo	plant	3	0	0
piezo	vertebrate	33	0	0
plgic_invertebrate	invertebrate	10	0	0
plgic_prok	algae	3	0	0
plgic_prok	cnidarian	1	3	0
plgic_prok	deuterostome	2	0	0
plgic_prok	holozoa	1	0	0
plgic_prok	invertebrate	6	3	1
plgic_prok	prokaryote	1	0	0
ryr	basal_metazoan	2	0	0
ryr	deuterostome	3	0	0
ryr	holozoa	1	0	0
ryr	invertebrate	6	0	0
ryr	vertebrate	39	0	0
tmc	basal_metazoan	7	0	0
tmc	cnidarian	5	1	0
tmc	deuterostome	11	0	0
tmc	holozoa	2	2	1
tmc	invertebrate	19	3	3
tmc	vertebrate	105	0	0
tmco1	algae	1	0	0
tmco1	amoebozoa	1	0	0
tmco1	apicomplexa	1	0	0
tmco1	basal_metazoan	2	0	0
tmco1	ciliate	3	0	0
tmco1	cnidarian	2	0	0
tmco1	deuterostome	3	0	0
tmco1	holozoa	1	0	0
tmco1	invertebrate	6	0	0
tmco1	plant	4	0	0
tmco1	vertebrate	13	0	0
tmem109	vertebrate	11	0	0
tmem175	basal_metazoan	1	0	0
tmem175	cnidarian	25	0	0
tmem175	deuterostome	8	0	0
tmem175	holozoa	2	0	0
tmem175	prokaryote	1	0	0
tmem175	vertebrate	11	0	0
tmem87	amoebozoa	1	0	0
tmem87	basal_metazoan	2	0	0
tmem87	cnidarian	2	0	0
tmem87	deuterostome	3	0	0
tmem87	fungi	3	0	0
tmem87	holozoa	2	0	0
tmem87	invertebrate	6	0	0
tmem87	plant	10	0	0
tmem87	vertebrate	21	0	0
tpc	amoebozoa	1	0	0
tpc	basal_metazoan	10	0	0
tpc	ciliate	13	0	0
tpc	cnidarian	5	0	0
tpc	deuterostome	14	0	0
tpc	holozoa	5	0	0
tpc	invertebrate	10	0	0
tpc	plant	11	0	0
tpc	vertebrate	36	0	0
transporter_slc26	algae	1	3	2
transporter_slc26	amoebozoa	0	4	4
transporter_slc26	basal_metazoan	0	5	5
transporter_slc26	ciliate	0	4	2
transporter_slc26	cnidarian	0	13	13
transporter_slc26	deuterostome	0	25	22
transporter_slc26	excavate	0	1	1
transporter_slc26	fungi	0	6	6
transporter_slc26	holozoa	1	5	5
transporter_slc26	invertebrate	0	58	56
transporter_slc26	plant	0	28	26
transporter_slc26	prokaryote	0	13	9
transporter_slc26	vertebrate	0	143	142
tric	algae	1	0	0
tric	basal_metazoan	2	0	0
tric	cnidarian	2	0	0
tric	deuterostome	5	0	0
tric	holozoa	1	0	0
tric	invertebrate	10	0	0
tric	vertebrate	25	0	0
trpa	basal_metazoan	11	2	1
trpa	cnidarian	12	2	0
trpa	deuterostome	23	3	1
trpa	invertebrate	9	2	1
trpa	vertebrate	14	1	0
trpc	algae	1	0	0
trpc	cnidarian	6	0	0
trpc	deuterostome	48	2	1
trpc	holozoa	1	0	0
trpc	invertebrate	26	1	1
trpc	vertebrate	93	0	0
trpm	basal_metazoan	5	0	0
trpm	cnidarian	7	0	0
trpm	deuterostome	17	0	0
trpm	holozoa	4	0	0
trpm	invertebrate	27	0	0
trpm	vertebrate	100	0	0
trpml	amoebozoa	0	1	1
trpml	basal_metazoan	3	1	1
trpml	ciliate	1	3	0
trpml	cnidarian	6	0	0
trpml	deuterostome	3	0	0
trpml	holozoa	0	2	0
trpml	invertebrate	6	1	1
trpml	vertebrate	39	0	0
trpn	algae	0	1	0
trpn	basal_metazoan	0	6	0
trpn	ciliate	0	2	0
trpn	cnidarian	3	1	1
trpn	deuterostome	3	3	0
trpn	holozoa	0	1	0
trpn	invertebrate	2	8	0
trpn	plant	0	1	0
trpn	vertebrate	6	15	0
trpp	algae	0	1	0
trpp	amoebozoa	1	0	0
trpp	basal_metazoan	1	0	0
trpp	ciliate	2	1	0
trpp	cnidarian	16	2	0
trpp	deuterostome	32	5	0
trpp	invertebrate	13	0	0
trpp	vertebrate	34	0	0
trpv	algae	5	0	0
trpv	basal_metazoan	1	1	1
trpv	ciliate	0	1	0
trpv	cnidarian	3	0	0
trpv	deuterostome	8	0	0
trpv	holozoa	1	0	0
trpv	invertebrate	18	1	1
trpv	vertebrate	76	10	6
tweety	amoebozoa	1	1	1
tweety	basal_metazoan	1	0	0
tweety	cnidarian	2	0	0
tweety	deuterostome	3	0	0
tweety	holozoa	3	0	0
tweety	invertebrate	6	0	0
tweety	plant	0	1	1
tweety	vertebrate	43	0	0
vdac	algae	3	0	0
vdac	amoebozoa	2	0	0
vdac	apicomplexa	2	0	0
vdac	basal_metazoan	6	0	0
vdac	ciliate	8	0	0
vdac	cnidarian	4	0	0
vdac	deuterostome	6	0	0
vdac	excavate	0	1	1
vdac	fungi	5	0	0
vdac	holozoa	4	0	0
vdac	invertebrate	18	0	0
vdac	plant	23	0	0
vdac	vertebrate	74	0	0
viroporin	virus	0	3	3
zac	vertebrate	2	0	0
