bait	family	superfamily	family_status	rule	accession	species	group	length	win_score
assoc_kchip|A0A9J7L2C1	assoc_kchip	ploop	channel_associated	B1B2	A0A9J7L2C1	Branchiostoma floridae	deuterostome	254	346.1
assoc_kchip|A0ABM1VTF7	assoc_kchip	ploop	channel_associated	B1B2	A0ABM1VTF7	Aplysia californica	invertebrate	207	328.6
assoc_kchip|Q6PIL6	assoc_kchip	ploop	channel_associated	B1B2	Q6PIL6	Homo sapiens	vertebrate	250	495.7
assoc_kchip|A0A7M7NTZ0	assoc_kchip	ploop	channel_associated	B1B2	A0A7M7NTZ0	Strongylocentrotus purpuratus	deuterostome	188	326.8
assoc_kchip|A0AAV2GY73	assoc_kchip	ploop	channel_associated	B1B2	A0AAV2GY73	Lymnaea stagnalis	invertebrate	207	326.2
assoc_kchip|Q6PHZ8	assoc_kchip	ploop	channel_associated	B1B2	Q6PHZ8	Mus musculus	vertebrate	250	494.8
assoc_kchip|F6V8I4	assoc_kchip	ploop	channel_associated	B1B2	F6V8I4	Ciona intestinalis	deuterostome	246	273.2
assoc_kchip|V4A303	assoc_kchip	ploop	channel_associated	B1B2	V4A303	Lottia gigantea	invertebrate	187	301.5
assoc_kchip|Q99MG9	assoc_kchip	ploop	channel_associated	B1B2	Q99MG9	Rattus norvegicus	vertebrate	250	494.8
assoc_kchip|E9G3C0	assoc_kchip	ploop	channel_associated	B1B2	E9G3C0	Daphnia pulex	invertebrate	190	247.9
assoc_kchip|A0A6I8NJX3	assoc_kchip	ploop	channel_associated	B1B2	A0A6I8NJX3	Ornithorhynchus anatinus	vertebrate	242	481.7
assoc_kchip|Q9VBL2	assoc_kchip	ploop	channel_associated	B1B2	Q9VBL2	Drosophila melanogaster	invertebrate	229	246.5
assoc_kchip|A0A8V0Y076	assoc_kchip	ploop	channel_associated	B1B2	A0A8V0Y076	Gallus gallus	vertebrate	269	480.6
assoc_kchip|O16638	assoc_kchip	ploop	channel_associated	B1B2	O16638	Caenorhabditis elegans	invertebrate	338	52.2
assoc_kchip|A0A803KDX5	assoc_kchip	ploop	channel_associated	B1B2	A0A803KDX5	Xenopus tropicalis	vertebrate	252	473.0
assoc_kchip|F7CLG3	assoc_kchip	ploop	channel_associated	B1B2	F7CLG3	Monodelphis domestica	vertebrate	281	470.7
assoc_kchip|H9GIM2	assoc_kchip	ploop	channel_associated	B1B2	H9GIM2	Anolis carolinensis	vertebrate	253	463.2
assoc_kchip|A0A674NL13	assoc_kchip	ploop	channel_associated	B1B2	A0A674NL13	Takifugu rubripes	vertebrate	253	455.2
assoc_kchip|A0AB32TSX2	assoc_kchip	ploop	channel_associated	B1B2	A0AB32TSX2	Danio rerio	vertebrate	253	445.5
assoc_kchip|A0A4W3I3Q9	assoc_kchip	ploop	channel_associated	B1B2	A0A4W3I3Q9	Callorhinchus milii	vertebrate	233	442.6
assoc_kchip|H2ZVM0	assoc_kchip	ploop	channel_associated	B1B2	H2ZVM0	Latimeria chalumnae	vertebrate	213	425.3
assoc_kchip|A0AAJ7WQI0	assoc_kchip	ploop	channel_associated	B1B2	A0AAJ7WQI0	Petromyzon marinus	vertebrate	257	412.1
clcc1|A0A9J7LG52	clcc1	mclc	channel_contested	B1B2	A0A9J7LG52	Branchiostoma floridae	deuterostome	631	179.9
clcc1|A0AAV2HRX2	clcc1	mclc	channel_contested	B1B2	A0AAV2HRX2	Lymnaea stagnalis	invertebrate	689	90.0
clcc1|Q96S66	clcc1	mclc	channel_contested	B1B2	Q96S66	Homo sapiens	vertebrate	551	1344.1
clcc1|A0A7M7PKP2	clcc1	mclc	channel_contested	B1B2	A0A7M7PKP2	Strongylocentrotus purpuratus	deuterostome	719	96.7
clcc1|V4AMV0	clcc1	mclc	channel_contested	B1B2	V4AMV0	Lottia gigantea	invertebrate	616	73.8
clcc1|Q99LI2	clcc1	mclc	channel_contested	B1B2	Q99LI2	Mus musculus	vertebrate	539	947.9
clcc1|A0ABM0K0I0	clcc1	mclc	channel_contested	B1B2	A0ABM0K0I0	Aplysia californica	invertebrate	667	56.5
clcc1|Q9WU61	clcc1	mclc	channel_contested	B1B2	Q9WU61	Rattus norvegicus	vertebrate	541	946.8
clcc1|F7DG03	clcc1	mclc	channel_contested	B1B2	F7DG03	Monodelphis domestica	vertebrate	564	869.1
clcc1|A0A6I8P3J0	clcc1	mclc	channel_contested	B1B2	A0A6I8P3J0	Ornithorhynchus anatinus	vertebrate	585	722.8
clcc1|H9GAY3	clcc1	mclc	channel_contested	B1B2	H9GAY3	Anolis carolinensis	vertebrate	583	625.7
clcc1|F1P073	clcc1	mclc	channel_contested	B1B2	F1P073	Gallus gallus	vertebrate	514	553.7
clcc1|A0A6I8QNY8	clcc1	mclc	channel_contested	B1B2	A0A6I8QNY8	Xenopus tropicalis	vertebrate	578	433.8
clcc1|H3AXX7	clcc1	mclc	channel_contested	B1B2	H3AXX7	Latimeria chalumnae	vertebrate	420	421.8
clcc1|A0A2R8Q3S9	clcc1	mclc	channel_contested	B1B2	A0A2R8Q3S9	Danio rerio	vertebrate	609	392.1
clcc1|A0A4W3HYN0	clcc1	mclc	channel_contested	B1B2	A0A4W3HYN0	Callorhinchus milii	vertebrate	653	373.8
clcc1|A0A6D2VWF0	clcc1	mclc	channel_contested	B1B2	A0A6D2VWF0	Takifugu rubripes	vertebrate	588	331.2
clcc1|A0ACM8B4S0	clcc1	mclc	channel_contested	B1B2	A0ACM8B4S0	Petromyzon marinus	vertebrate	733	232.0
gphr|A0A2K3CVT4	gphr	gphr	channel_contested	B1B2	A0A2K3CVT4	Chlamydomonas reinhardtii	algae	532	394.7
gphr|Q54QM5	gphr	gphr	channel_contested	B1B2	Q54QM5	Dictyostelium discoideum	amoebozoa	547	656.5
gphr|A0AAN0JG22	gphr	gphr	channel_contested	B1B2	A0AAN0JG22	Amphimedon queenslandica	basal_metazoan	462	617.0
gphr|I7M1I8	gphr	gphr	channel_contested	B1B2	I7M1I8	Tetrahymena thermophila	ciliate	500	197.4
gphr|A7SPG4	gphr	gphr	channel_contested	B1B2	A7SPG4	Nematostella vectensis	cnidarian	459	649.7
gphr|C3Z493	gphr	gphr	channel_contested	B1B2	C3Z493	Branchiostoma floridae	deuterostome	465	684.7
gphr|Q580H0	gphr	gphr	channel_contested	B1B2	Q580H0	Trypanosoma brucei	excavate	482	71.7
gphr|P38799	gphr	gphr	channel_contested	B1B2	P38799	Saccharomyces cerevisiae	fungi	552	459.0
gphr|A0A0D2UJB4	gphr	gphr	channel_contested	B1B2	A0A0D2UJB4	Capsaspora owczarzaki	holozoa	471	600.9
gphr|V4AZD2	gphr	gphr	channel_contested	B1B2	V4AZD2	Lottia gigantea	invertebrate	456	649.7
gphr|Q7X7S8	gphr	gphr	channel_contested	B1B2	Q7X7S8	Oryza sativa	plant	468	746.9
gphr|B7ZAQ6	gphr	gphr	channel_contested	B1B2	B7ZAQ6	Homo sapiens	vertebrate	455	798.7
gphr|B3RTM1	gphr	gphr	channel_contested	B1B2	B3RTM1	Trichoplax adhaerens	basal_metazoan	451	613.6
gphr|A0BKB9	gphr	gphr	channel_contested	B1B2	A0BKB9	Paramecium tetraurelia	ciliate	447	168.9
gphr|A0ABM4DEY8	gphr	gphr	channel_contested	B1B2	A0ABM4DEY8	Hydra vulgaris	cnidarian	457	598.9
gphr|A0A7M7NBA7	gphr	gphr	channel_contested	B1B2	A0A7M7NBA7	Strongylocentrotus purpuratus	deuterostome	456	605.1
gphr|A9V569	gphr	gphr	channel_contested	B1B2	A9V569	Monosiga brevicollis	holozoa	453	311.6
gphr|A0ABM0ZY93	gphr	gphr	channel_contested	B1B2	A0ABM0ZY93	Aplysia californica	invertebrate	459	642.7
gphr|Q0WQG8	gphr	gphr	channel_contested	B1B2	Q0WQG8	Arabidopsis thaliana	plant	467	722.0
gphr|Q5F448	gphr	gphr	channel_contested	B1B2	Q5F448	Gallus gallus	vertebrate	455	797.4
gphr|A0AAV2ICR5	gphr	gphr	channel_contested	B1B2	A0AAV2ICR5	Lymnaea stagnalis	invertebrate	461	625.2
gphr|Q8BS95	gphr	gphr	channel_contested	B1B2	Q8BS95	Mus musculus	vertebrate	455	797.2
gphr|A0ACM8Q8H9	gphr	gphr	channel_contested	B1B2	A0ACM8Q8H9	Drosophila melanogaster	invertebrate	455	544.8
gphr|F1LTD0	gphr	gphr	channel_contested	B1B2	F1LTD0	Rattus norvegicus	vertebrate	455	797.2
gphr|Q17912	gphr	gphr	channel_contested	B1B2	Q17912	Caenorhabditis elegans	invertebrate	460	542.2
gphr|A0A5F8GF32	gphr	gphr	channel_contested	B1B2	A0A5F8GF32	Monodelphis domestica	vertebrate	455	794.6
gphr|G1KPD9	gphr	gphr	channel_contested	B1B2	G1KPD9	Anolis carolinensis	vertebrate	455	794.0
gphr|A0A6I8S7Z1	gphr	gphr	channel_contested	B1B2	A0A6I8S7Z1	Xenopus tropicalis	vertebrate	455	789.1
gphr|H2SBK1	gphr	gphr	channel_contested	B1B2	H2SBK1	Takifugu rubripes	vertebrate	455	781.9
gphr|E7FB29	gphr	gphr	channel_contested	B1B2	E7FB29	Danio rerio	vertebrate	455	781.5
gphr|F6ZU15	gphr	gphr	channel_contested	B1B2	F6ZU15	Ornithorhynchus anatinus	vertebrate	455	781.4
gphr|H3A968	gphr	gphr	channel_contested	B1B2	H3A968	Latimeria chalumnae	vertebrate	455	780.8
gphr|A0AAJ7UC48	gphr	gphr	channel_contested	B1B2	A0AAJ7UC48	Petromyzon marinus	vertebrate	470	722.2
gphr|A0A4W3ITJ5	gphr	gphr	channel_contested	B1B2	A0A4W3ITJ5	Callorhinchus milii	vertebrate	460	720.0
mitok|A0A9J7MS09	mitok	mitok	channel_contested	B1B2	A0A9J7MS09	Branchiostoma floridae	deuterostome	352	197.7
mitok|A0AAV2I7J5	mitok	mitok	channel_contested	B1B2	A0AAV2I7J5	Lymnaea stagnalis	invertebrate	415	136.6
mitok|Q96ER9	mitok	mitok	channel_contested	B1B2	Q96ER9	Homo sapiens	vertebrate	411	970.4
mitok|Q5PPN7	mitok	mitok	channel_contested	B1B2	Q5PPN7	Rattus norvegicus	vertebrate	410	771.2
mitok|Q3URS9	mitok	mitok	channel_contested	B1B2	Q3URS9	Mus musculus	vertebrate	406	754.8
mitok|A0A6I8PAB5	mitok	mitok	channel_contested	B1B2	A0A6I8PAB5	Ornithorhynchus anatinus	vertebrate	414	602.3
mitok|A0A5F8H5S5	mitok	mitok	channel_contested	B1B2	A0A5F8H5S5	Monodelphis domestica	vertebrate	420	569.6
mitok|A0A8V0ZJG3	mitok	mitok	channel_contested	B1B2	A0A8V0ZJG3	Gallus gallus	vertebrate	419	482.1
mitok|A0A803TIW9	mitok	mitok	channel_contested	B1B2	A0A803TIW9	Anolis carolinensis	vertebrate	404	479.8
mitok|F1QRW6	mitok	mitok	channel_contested	B1B2	F1QRW6	Danio rerio	vertebrate	421	392.4
mitok|A0A4W3JJM2	mitok	mitok	channel_contested	B1B2	A0A4W3JJM2	Callorhinchus milii	vertebrate	409	386.4
mitok|H3B7H4	mitok	mitok	channel_contested	B1B2	H3B7H4	Latimeria chalumnae	vertebrate	309	372.1
mitok|A0A674MJE2	mitok	mitok	channel_contested	B1B2	A0A674MJE2	Takifugu rubripes	vertebrate	385	320.3
mitok|A0AAJ7WXW3	mitok	mitok	channel_contested	B1B2	A0AAJ7WXW3	Petromyzon marinus	vertebrate	481	270.2
nonchannel_bri3bp|Q8WY22	nonchannel_bri3bp	tmem109	non_channel_homolog	B1B2	Q8WY22	Homo sapiens	vertebrate	251	580.2
nonchannel_bri3bp|Q8BXV2	nonchannel_bri3bp	tmem109	non_channel_homolog	B1B2	Q8BXV2	Mus musculus	vertebrate	253	455.6
nonchannel_bri3bp|A0A8I6AHD0	nonchannel_bri3bp	tmem109	non_channel_homolog	B1B2	A0A8I6AHD0	Rattus norvegicus	vertebrate	253	445.9
nonchannel_bri3bp|A0A5F8GB32	nonchannel_bri3bp	tmem109	non_channel_homolog	B1B2	A0A5F8GB32	Monodelphis domestica	vertebrate	257	371.9
nonchannel_bri3bp|A0A6I8NSQ9	nonchannel_bri3bp	tmem109	non_channel_homolog	B1B2	A0A6I8NSQ9	Ornithorhynchus anatinus	vertebrate	248	351.2
nonchannel_bri3bp|A0A8V0Z9B1	nonchannel_bri3bp	tmem109	non_channel_homolog	B1B2	A0A8V0Z9B1	Gallus gallus	vertebrate	237	349.1
nonchannel_bri3bp|A0A8J0PIY9	nonchannel_bri3bp	tmem109	non_channel_homolog	B1B2	A0A8J0PIY9	Xenopus tropicalis	vertebrate	234	329.7
nonchannel_bri3bp|A2CEA9	nonchannel_bri3bp	tmem109	non_channel_homolog	B1B2	A2CEA9	Danio rerio	vertebrate	234	298.4
nonchannel_bri3bp|H3AVH4	nonchannel_bri3bp	tmem109	non_channel_homolog	B1B2	H3AVH4	Latimeria chalumnae	vertebrate	228	292.2
nonchannel_bri3bp|A0A674P2T6	nonchannel_bri3bp	tmem109	non_channel_homolog	B1B2	A0A674P2T6	Takifugu rubripes	vertebrate	233	281.1
nonchannel_bri3bp|A0A4W3H6F9	nonchannel_bri3bp	tmem109	non_channel_homolog	B1B2	A0A4W3H6F9	Callorhinchus milii	vertebrate	245	275.7
nonchannel_bri3bp|H9GLA8	nonchannel_bri3bp	tmem109	non_channel_homolog	B1B2	H9GLA8	Anolis carolinensis	vertebrate	236	270.4
nonchannel_bri3bp|A0AAJ7TBB0	nonchannel_bri3bp	tmem109	non_channel_homolog	B1B2	A0AAJ7TBB0	Petromyzon marinus	vertebrate	234	53.1
nonchannel_emc3|A0A2K3DCV6	nonchannel_emc3	tmco1	non_channel_homolog	B1B2	A0A2K3DCV6	Chlamydomonas reinhardtii	algae	258	176.0
nonchannel_emc3|Q54YN3	nonchannel_emc3	tmco1	non_channel_homolog	B1B2	Q54YN3	Dictyostelium discoideum	amoebozoa	314	143.0
nonchannel_emc3|Q8IDA3	nonchannel_emc3	tmco1	non_channel_homolog	B1B2	Q8IDA3	Plasmodium falciparum	apicomplexa	257	129.2
nonchannel_emc3|B3RWY2	nonchannel_emc3	tmco1	non_channel_homolog	B1B2	B3RWY2	Trichoplax adhaerens	basal_metazoan	261	374.8
nonchannel_emc3|Q23A34	nonchannel_emc3	tmco1	non_channel_homolog	B1B2	Q23A34	Tetrahymena thermophila	ciliate	343	135.2
nonchannel_emc3|A0ABM4D209	nonchannel_emc3	tmco1	non_channel_homolog	B1B2	A0ABM4D209	Hydra vulgaris	cnidarian	260	381.6
nonchannel_emc3|C3YB11	nonchannel_emc3	tmco1	non_channel_homolog	B1B2	C3YB11	Branchiostoma floridae	deuterostome	259	436.3
nonchannel_emc3|Q38BC5	nonchannel_emc3	tmco1	non_channel_homolog	B1B2	Q38BC5	Trypanosoma brucei	excavate	242	158.4
nonchannel_emc3|Q9P787	nonchannel_emc3	tmco1	non_channel_homolog	B1B2	Q9P787	Schizosaccharomyces pombe	fungi	258	168.0
nonchannel_emc3|A9VE14	nonchannel_emc3	tmco1	non_channel_homolog	B1B2	A9VE14	Monosiga brevicollis	holozoa	264	280.9
nonchannel_emc3|A0ABM1A1S2	nonchannel_emc3	tmco1	non_channel_homolog	B1B2	A0ABM1A1S2	Aplysia californica	invertebrate	255	427.1
nonchannel_emc3|A0A2K1JW57	nonchannel_emc3	tmco1	non_channel_homolog	B1B2	A0A2K1JW57	Physcomitrium patens	plant	274	218.7
nonchannel_emc3|Q9P0I2	nonchannel_emc3	tmco1	non_channel_homolog	B1B2	Q9P0I2	Homo sapiens	vertebrate	261	625.9
nonchannel_emc3|A0A1X7V4X4	nonchannel_emc3	tmco1	non_channel_homolog	B1B2	A0A1X7V4X4	Amphimedon queenslandica	basal_metazoan	260	322.6
nonchannel_emc3|A0DYU0	nonchannel_emc3	tmco1	non_channel_homolog	B1B2	A0DYU0	Paramecium tetraurelia	ciliate	268	126.8
nonchannel_emc3|A7SNP4	nonchannel_emc3	tmco1	non_channel_homolog	B1B2	A7SNP4	Nematostella vectensis	cnidarian	254	377.9
nonchannel_emc3|A0A7M7RFI1	nonchannel_emc3	tmco1	non_channel_homolog	B1B2	A0A7M7RFI1	Strongylocentrotus purpuratus	deuterostome	255	404.9
nonchannel_emc3|P36039	nonchannel_emc3	tmco1	non_channel_homolog	B1B2	P36039	Saccharomyces cerevisiae	fungi	253	125.4
nonchannel_emc3|A0A0D2VJI3	nonchannel_emc3	tmco1	non_channel_homolog	B1B2	A0A0D2VJI3	Capsaspora owczarzaki	holozoa	268	245.3
nonchannel_emc3|V3Z3K4	nonchannel_emc3	tmco1	non_channel_homolog	B1B2	V3Z3K4	Lottia gigantea	invertebrate	256	421.9
nonchannel_emc3|Q9SU27	nonchannel_emc3	tmco1	non_channel_homolog	B1B2	Q9SU27	Arabidopsis thaliana	plant	246	215.2
nonchannel_emc3|Q5U2V8	nonchannel_emc3	tmco1	non_channel_homolog	B1B2	Q5U2V8	Rattus norvegicus	vertebrate	261	624.5
nonchannel_emc3|E9HPC6	nonchannel_emc3	tmco1	non_channel_homolog	B1B2	E9HPC6	Daphnia pulex	invertebrate	249	403.0
nonchannel_emc3|Q0J0J5	nonchannel_emc3	tmco1	non_channel_homolog	B1B2	Q0J0J5	Oryza sativa	plant	251	208.5
nonchannel_emc3|Q99KI3	nonchannel_emc3	tmco1	non_channel_homolog	B1B2	Q99KI3	Mus musculus	vertebrate	261	624.5
nonchannel_emc3|Q9VKR0	nonchannel_emc3	tmco1	non_channel_homolog	B1B2	Q9VKR0	Drosophila melanogaster	invertebrate	247	354.7
nonchannel_emc3|F6YL58	nonchannel_emc3	tmco1	non_channel_homolog	B1B2	F6YL58	Monodelphis domestica	vertebrate	261	614.2
nonchannel_emc3|Q9U1X6	nonchannel_emc3	tmco1	non_channel_homolog	B1B2	Q9U1X6	Caenorhabditis elegans	invertebrate	234	316.5
nonchannel_emc3|F7DLA1	nonchannel_emc3	tmco1	non_channel_homolog	B1B2	F7DLA1	Ornithorhynchus anatinus	vertebrate	261	613.6
nonchannel_emc3|E1BQV4	nonchannel_emc3	tmco1	non_channel_homolog	B1B2	E1BQV4	Gallus gallus	vertebrate	261	608.6
nonchannel_emc3|A0A803THP1	nonchannel_emc3	tmco1	non_channel_homolog	B1B2	A0A803THP1	Anolis carolinensis	vertebrate	261	598.2
nonchannel_emc3|F6V3X1	nonchannel_emc3	tmco1	non_channel_homolog	B1B2	F6V3X1	Xenopus tropicalis	vertebrate	261	586.5
nonchannel_emc3|A0A674NM90	nonchannel_emc3	tmco1	non_channel_homolog	B1B2	A0A674NM90	Takifugu rubripes	vertebrate	261	558.8
nonchannel_emc3|Q7SXW4	nonchannel_emc3	tmco1	non_channel_homolog	B1B2	Q7SXW4	Danio rerio	vertebrate	261	558.3
nonchannel_emc3|A0A4W3K0L6	nonchannel_emc3	tmco1	non_channel_homolog	B1B2	A0A4W3K0L6	Callorhinchus milii	vertebrate	266	551.7
nonchannel_emc3|H3BGD2	nonchannel_emc3	tmco1	non_channel_homolog	B1B2	H3BGD2	Latimeria chalumnae	vertebrate	261	546.8
nonchannel_emc3|S4S036	nonchannel_emc3	tmco1	non_channel_homolog	B1B2	S4S036	Petromyzon marinus	vertebrate	261	500.0
nonchannel_gost|A0A2K3D4B8	nonchannel_gost	tmem87	non_channel_homolog	B1B2	A0A2K3D4B8	Chlamydomonas reinhardtii	algae	427	270.3
nonchannel_gost|Q54LQ7	nonchannel_gost	tmem87	non_channel_homolog	B1B2	Q54LQ7	Dictyostelium discoideum	amoebozoa	449	267.2
nonchannel_gost|A0ABM4BDP4	nonchannel_gost	tmem87	non_channel_homolog	B1B2	A0ABM4BDP4	Hydra vulgaris	cnidarian	522	458.2
nonchannel_gost|A0A9J7LLH8	nonchannel_gost	tmem87	non_channel_homolog	B1B2	A0A9J7LLH8	Branchiostoma floridae	deuterostome	668	503.3
nonchannel_gost|A9V589	nonchannel_gost	tmem87	non_channel_homolog	B1B2	A9V589	Monosiga brevicollis	holozoa	541	287.1
nonchannel_gost|Q9W366	nonchannel_gost	tmem87	non_channel_homolog	B1B2	Q9W366	Drosophila melanogaster	invertebrate	738	509.8
nonchannel_gost|Q9SNM0	nonchannel_gost	tmem87	non_channel_homolog	B1B2	Q9SNM0	Oryza sativa	plant	454	296.1
nonchannel_gost|Q5VW38	nonchannel_gost	tmem87	non_channel_homolog	B1B2	Q5VW38	Homo sapiens	vertebrate	600	962.1
nonchannel_gost|A0A7M7PNS4	nonchannel_gost	tmem87	non_channel_homolog	B1B2	A0A7M7PNS4	Strongylocentrotus purpuratus	deuterostome	610	442.1
nonchannel_gost|A0A0D2WR42	nonchannel_gost	tmem87	non_channel_homolog	B1B2	A0A0D2WR42	Capsaspora owczarzaki	holozoa	506	240.0
nonchannel_gost|A0AAV2H9T6	nonchannel_gost	tmem87	non_channel_homolog	B1B2	A0AAV2H9T6	Lymnaea stagnalis	invertebrate	637	450.5
nonchannel_gost|Q9FHX6	nonchannel_gost	tmem87	non_channel_homolog	B1B2	Q9FHX6	Arabidopsis thaliana	plant	439	287.2
nonchannel_gost|Q8BUV8	nonchannel_gost	tmem87	non_channel_homolog	B1B2	Q8BUV8	Mus musculus	vertebrate	551	869.5
nonchannel_gost|A0ABM1A653	nonchannel_gost	tmem87	non_channel_homolog	B1B2	A0ABM1A653	Aplysia californica	invertebrate	648	438.6
nonchannel_gost|A0A2K1JZA6	nonchannel_gost	tmem87	non_channel_homolog	B1B2	A0A2K1JZA6	Physcomitrium patens	plant	429	269.5
nonchannel_gost|D3ZWZ9	nonchannel_gost	tmem87	non_channel_homolog	B1B2	D3ZWZ9	Rattus norvegicus	vertebrate	551	867.6
nonchannel_gost|V4ASI6	nonchannel_gost	tmem87	non_channel_homolog	B1B2	V4ASI6	Lottia gigantea	invertebrate	379	402.0
nonchannel_gost|F6UFL2	nonchannel_gost	tmem87	non_channel_homolog	B1B2	F6UFL2	Monodelphis domestica	vertebrate	549	840.2
nonchannel_gost|E9H254	nonchannel_gost	tmem87	non_channel_homolog	B1B2	E9H254	Daphnia pulex	invertebrate	500	397.8
nonchannel_gost|F7FLD9	nonchannel_gost	tmem87	non_channel_homolog	B1B2	F7FLD9	Ornithorhynchus anatinus	vertebrate	548	808.8
nonchannel_gost|Q18024	nonchannel_gost	tmem87	non_channel_homolog	B1B2	Q18024	Caenorhabditis elegans	invertebrate	581	313.4
nonchannel_gost|A0A8V1AJ53	nonchannel_gost	tmem87	non_channel_homolog	B1B2	A0A8V1AJ53	Gallus gallus	vertebrate	588	737.0
nonchannel_gost|H3A2D2	nonchannel_gost	tmem87	non_channel_homolog	B1B2	H3A2D2	Latimeria chalumnae	vertebrate	565	724.0
nonchannel_gost|A0A4W3ITL4	nonchannel_gost	tmem87	non_channel_homolog	B1B2	A0A4W3ITL4	Callorhinchus milii	vertebrate	548	719.2
nonchannel_gost|A0A8J0QBA3	nonchannel_gost	tmem87	non_channel_homolog	B1B2	A0A8J0QBA3	Xenopus tropicalis	vertebrate	580	695.4
nonchannel_gost|H2UUB5	nonchannel_gost	tmem87	non_channel_homolog	B1B2	H2UUB5	Takifugu rubripes	vertebrate	564	671.7
nonchannel_gost|A0A8M3ASE9	nonchannel_gost	tmem87	non_channel_homolog	B1B2	A0A8M3ASE9	Danio rerio	vertebrate	544	671.6
nonchannel_gost|A0AAJ7U3H5	nonchannel_gost	tmem87	non_channel_homolog	B1B2	A0AAJ7U3H5	Petromyzon marinus	vertebrate	644	588.1
nonchannel_ncs|A8IDP6	nonchannel_ncs	ploop	non_channel_homolog	B1B2	A8IDP6	Chlamydomonas reinhardtii	algae	163	61.0
nonchannel_ncs|Q86A72	nonchannel_ncs	ploop	non_channel_homolog	B1B2	Q86A72	Dictyostelium discoideum	amoebozoa	225	107.5
nonchannel_ncs|P62203	nonchannel_ncs	ploop	non_channel_homolog	B1B2	P62203	Plasmodium falciparum	apicomplexa	149	59.0
nonchannel_ncs|B3S1B6	nonchannel_ncs	ploop	non_channel_homolog	B1B2	B3S1B6	Trichoplax adhaerens	basal_metazoan	194	332.6
nonchannel_ncs|Q867N3	nonchannel_ncs	ploop	non_channel_homolog	B1B2	Q867N3	Paramecium tetraurelia	ciliate	169	75.5
nonchannel_ncs|A7RMB4	nonchannel_ncs	ploop	non_channel_homolog	B1B2	A7RMB4	Nematostella vectensis	cnidarian	194	338.3
nonchannel_ncs|A0A9J7KNM6	nonchannel_ncs	ploop	non_channel_homolog	B1B2	A0A9J7KNM6	Branchiostoma floridae	deuterostome	194	336.5
nonchannel_ncs|Q382N3	nonchannel_ncs	ploop	non_channel_homolog	B1B2	Q382N3	Trypanosoma brucei	excavate	149	59.8
nonchannel_ncs|A0A0D2WL55	nonchannel_ncs	ploop	non_channel_homolog	B1B2	A0A0D2WL55	Capsaspora owczarzaki	holozoa	176	61.9
nonchannel_ncs|P42325	nonchannel_ncs	ploop	non_channel_homolog	B1B2	P42325	Drosophila melanogaster	invertebrate	190	336.5
nonchannel_ncs|Q7XC27	nonchannel_ncs	ploop	non_channel_homolog	B1B2	Q7XC27	Oryza sativa	plant	213	84.3
nonchannel_ncs|A0ABM5RCL9	nonchannel_ncs	ploop	non_channel_homolog	B1B2	A0ABM5RCL9	Streptomyces lividans	prokaryote	183	40.2
nonchannel_ncs|P37235	nonchannel_ncs	ploop	non_channel_homolog	B1B2	P37235	Homo sapiens	vertebrate	193	342.1
nonchannel_ncs|A0A1X7UV93	nonchannel_ncs	ploop	non_channel_homolog	B1B2	A0A1X7UV93	Amphimedon queenslandica	basal_metazoan	195	317.9
nonchannel_ncs|Q241P0	nonchannel_ncs	ploop	non_channel_homolog	B1B2	Q241P0	Tetrahymena thermophila	ciliate	149	59.5
nonchannel_ncs|A0ABM4D8G7	nonchannel_ncs	ploop	non_channel_homolog	B1B2	A0ABM4D8G7	Hydra vulgaris	cnidarian	191	320.7
nonchannel_ncs|A0A7M7NML1	nonchannel_ncs	ploop	non_channel_homolog	B1B2	A0A7M7NML1	Strongylocentrotus purpuratus	deuterostome	194	332.9
nonchannel_ncs|A9V8J8	nonchannel_ncs	ploop	non_channel_homolog	B1B2	A9V8J8	Monosiga brevicollis	holozoa	149	59.9
nonchannel_ncs|E9HSW0	nonchannel_ncs	ploop	non_channel_homolog	B1B2	E9HSW0	Daphnia pulex	invertebrate	192	335.6
nonchannel_ncs|O81445	nonchannel_ncs	ploop	non_channel_homolog	B1B2	O81445	Arabidopsis thaliana	plant	213	83.4
nonchannel_ncs|G1KMH4	nonchannel_ncs	ploop	non_channel_homolog	B1B2	G1KMH4	Anolis carolinensis	vertebrate	193	341.6
nonchannel_ncs|F6PM82	nonchannel_ncs	ploop	non_channel_homolog	B1B2	F6PM82	Ciona intestinalis	deuterostome	194	315.3
nonchannel_ncs|A0AAV2H7Y1	nonchannel_ncs	ploop	non_channel_homolog	B1B2	A0AAV2H7Y1	Lymnaea stagnalis	invertebrate	193	332.2
nonchannel_ncs|A0A2K1J4F9	nonchannel_ncs	ploop	non_channel_homolog	B1B2	A0A2K1J4F9	Physcomitrium patens	plant	163	73.1
nonchannel_ncs|Q28IM6	nonchannel_ncs	ploop	non_channel_homolog	B1B2	Q28IM6	Xenopus tropicalis	vertebrate	193	341.0
nonchannel_ncs|V4CRM4	nonchannel_ncs	ploop	non_channel_homolog	B1B2	V4CRM4	Lottia gigantea	invertebrate	191	332.1
nonchannel_ncs|P42324	nonchannel_ncs	ploop	non_channel_homolog	B1B2	P42324	Gallus gallus	vertebrate	193	340.9
nonchannel_ncs|Q16982	nonchannel_ncs	ploop	non_channel_homolog	B1B2	Q16982	Aplysia californica	invertebrate	193	325.2
nonchannel_ncs|A0A6I8NVN9	nonchannel_ncs	ploop	non_channel_homolog	B1B2	A0A6I8NVN9	Ornithorhynchus anatinus	vertebrate	193	340.6
nonchannel_ncs|P36609	nonchannel_ncs	ploop	non_channel_homolog	B1B2	P36609	Caenorhabditis elegans	invertebrate	190	222.3
nonchannel_ncs|F7GGR4	nonchannel_ncs	ploop	non_channel_homolog	B1B2	F7GGR4	Monodelphis domestica	vertebrate	193	340.6
nonchannel_ncs|P62748	nonchannel_ncs	ploop	non_channel_homolog	B1B2	P62748	Mus musculus	vertebrate	193	340.2
nonchannel_ncs|P62749	nonchannel_ncs	ploop	non_channel_homolog	B1B2	P62749	Rattus norvegicus	vertebrate	193	340.2
nonchannel_ncs|A0AAJ7TGE5	nonchannel_ncs	ploop	non_channel_homolog	B1B2	A0AAJ7TGE5	Petromyzon marinus	vertebrate	193	339.9
nonchannel_ncs|A0ACM8Q368	nonchannel_ncs	ploop	non_channel_homolog	B1B2	A0ACM8Q368	Danio rerio	vertebrate	193	339.9
nonchannel_ncs|A0A4W3IQ46	nonchannel_ncs	ploop	non_channel_homolog	B1B2	A0A4W3IQ46	Callorhinchus milii	vertebrate	193	339.5
nonchannel_ncs|H2U5C1	nonchannel_ncs	ploop	non_channel_homolog	B1B2	H2U5C1	Takifugu rubripes	vertebrate	248	339.1
nonchannel_ncs|H3B536	nonchannel_ncs	ploop	non_channel_homolog	B1B2	H3B536	Latimeria chalumnae	vertebrate	193	338.8
pacc|A0A1X7VNE5	pacc	pac	channel	B1B2	A0A1X7VNE5	Amphimedon queenslandica	basal_metazoan	469	144.3
pacc|Q66H28	pacc	pac	channel	B1B2	Q66H28	Rattus norvegicus	vertebrate	350	742.8
pacc|Q9D771	pacc	pac	channel	B1B2	Q9D771	Mus musculus	vertebrate	350	740.5
pacc|Q9H813	pacc	pac	channel	B1B2	Q9H813	Homo sapiens	vertebrate	350	737.4
pacc|Q0V9Z3	pacc	pac	channel	B1B2	Q0V9Z3	Xenopus tropicalis	vertebrate	352	701.3
pacc|F6Q562	pacc	pac	channel	B1B2	F6Q562	Monodelphis domestica	vertebrate	416	696.8
pacc|A0A6I8NLZ7	pacc	pac	channel	B1B2	A0A6I8NLZ7	Ornithorhynchus anatinus	vertebrate	478	689.5
pacc|A0A8V0ZH83	pacc	pac	channel	B1B2	A0A8V0ZH83	Gallus gallus	vertebrate	354	628.5
pacc|G1KFB8	pacc	pac	channel	B1B2	G1KFB8	Anolis carolinensis	vertebrate	360	614.8
pacc|Q7SY31	pacc	pac	channel	B1B2	Q7SY31	Danio rerio	vertebrate	298	576.0
pacc|H3A087	pacc	pac	channel	B1B2	H3A087	Latimeria chalumnae	vertebrate	357	572.5
pacc|A0A4W3J3I1	pacc	pac	channel	B1B2	A0A4W3J3I1	Callorhinchus milii	vertebrate	365	557.6
pacc|A0AAJ7TIT6	pacc	pac	channel	B1B2	A0AAJ7TIT6	Petromyzon marinus	vertebrate	372	420.8
tmco1|A8JH74	tmco1	tmco1	channel_contested	B1B2	A8JH74	Chlamydomonas reinhardtii	algae	192	88.0
tmco1|Q54TU8	tmco1	tmco1	channel_contested	B1B2	Q54TU8	Dictyostelium discoideum	amoebozoa	186	178.7
tmco1|Q8ID84	tmco1	tmco1	channel_contested	B1B2	Q8ID84	Plasmodium falciparum	apicomplexa	189	84.9
tmco1|B3RNF0	tmco1	tmco1	channel_contested	B1B2	B3RNF0	Trichoplax adhaerens	basal_metazoan	184	279.1
tmco1|Q23FA1	tmco1	tmco1	channel_contested	B1B2	Q23FA1	Tetrahymena thermophila	ciliate	190	129.4
tmco1|A7RN03	tmco1	tmco1	channel_contested	B1B2	A7RN03	Nematostella vectensis	cnidarian	182	310.0
tmco1|C3ZPA4	tmco1	tmco1	channel_contested	B1B2	C3ZPA4	Branchiostoma floridae	deuterostome	183	353.0
tmco1|A0A0D2WR01	tmco1	tmco1	channel_contested	B1B2	A0A0D2WR01	Capsaspora owczarzaki	holozoa	178	164.9
tmco1|E9GGR4	tmco1	tmco1	channel_contested	B1B2	E9GGR4	Daphnia pulex	invertebrate	183	322.1
tmco1|Q9FG04	tmco1	tmco1	channel_contested	B1B2	Q9FG04	Arabidopsis thaliana	plant	196	185.0
tmco1|Q9UM00	tmco1	tmco1	channel_contested	B1B2	Q9UM00	Homo sapiens	vertebrate	239	568.7
tmco1|A0A1X7UN15	tmco1	tmco1	channel_contested	B1B2	A0A1X7UN15	Amphimedon queenslandica	basal_metazoan	181	273.2
tmco1|A0C9Y7	tmco1	tmco1	channel_contested	B1B2	A0C9Y7	Paramecium tetraurelia	ciliate	184	108.1
tmco1|A0ABM4D681	tmco1	tmco1	channel_contested	B1B2	A0ABM4D681	Hydra vulgaris	cnidarian	183	294.2
tmco1|A0A7M7PPV1	tmco1	tmco1	channel_contested	B1B2	A0A7M7PPV1	Strongylocentrotus purpuratus	deuterostome	183	318.0
tmco1|A0ABM1A691	tmco1	tmco1	channel_contested	B1B2	A0ABM1A691	Aplysia californica	invertebrate	181	321.2
tmco1|A9TI54	tmco1	tmco1	channel_contested	B1B2	A9TI54	Physcomitrium patens	plant	189	175.9
tmco1|Q5I0H4	tmco1	tmco1	channel_contested	B1B2	Q5I0H4	Rattus norvegicus	vertebrate	188	438.4
tmco1|F6VKC0	tmco1	tmco1	channel_contested	B1B2	F6VKC0	Ciona intestinalis	deuterostome	184	298.8
tmco1|Q9VJ11	tmco1	tmco1	channel_contested	B1B2	Q9VJ11	Drosophila melanogaster	invertebrate	183	320.0
tmco1|Q6ASU6	tmco1	tmco1	channel_contested	B1B2	Q6ASU6	Oryza sativa	plant	209	162.1
tmco1|Q921L3	tmco1	tmco1	channel_contested	B1B2	Q921L3	Mus musculus	vertebrate	188	438.4
tmco1|V4AKP0	tmco1	tmco1	channel_contested	B1B2	V4AKP0	Lottia gigantea	invertebrate	180	312.0
tmco1|F7FWC9	tmco1	tmco1	channel_contested	B1B2	F7FWC9	Monodelphis domestica	vertebrate	188	426.5
tmco1|A0AAV2GXW0	tmco1	tmco1	channel_contested	B1B2	A0AAV2GXW0	Lymnaea stagnalis	invertebrate	201	274.5
tmco1|Q6DGW9	tmco1	tmco1	channel_contested	B1B2	Q6DGW9	Danio rerio	vertebrate	188	419.1
tmco1|Q19714	tmco1	tmco1	channel_contested	B1B2	Q19714	Caenorhabditis elegans	invertebrate	186	269.0
tmco1|H3AL26	tmco1	tmco1	channel_contested	B1B2	H3AL26	Latimeria chalumnae	vertebrate	188	418.1
tmco1|A0A4W3KG41	tmco1	tmco1	channel_contested	B1B2	A0A4W3KG41	Callorhinchus milii	vertebrate	188	414.9
tmco1|A0A8J0PGM5	tmco1	tmco1	channel_contested	B1B2	A0A8J0PGM5	Xenopus tropicalis	vertebrate	188	414.6
tmco1|A0A674NMU0	tmco1	tmco1	channel_contested	B1B2	A0A674NMU0	Takifugu rubripes	vertebrate	190	413.2
tmco1|A0AAJ7TDX0	tmco1	tmco1	channel_contested	B1B2	A0AAJ7TDX0	Petromyzon marinus	vertebrate	188	400.2
tmco1|A0A8V0YWS8	tmco1	tmco1	channel_contested	B1B2	A0A8V0YWS8	Gallus gallus	vertebrate	256	371.4
tmco1|F6X6Y9	tmco1	tmco1	channel_contested	B1B2	F6X6Y9	Ornithorhynchus anatinus	vertebrate	182	357.1
tmem109|Q9BVC6	tmem109	tmem109	channel_contested	B1B2	Q9BVC6	Homo sapiens	vertebrate	243	541.8
tmem109|Q3UBX0	tmem109	tmem109	channel_contested	B1B2	Q3UBX0	Mus musculus	vertebrate	243	398.3
tmem109|Q6AYQ4	tmem109	tmem109	channel_contested	B1B2	Q6AYQ4	Rattus norvegicus	vertebrate	243	393.0
tmem109|F7FWL8	tmem109	tmem109	channel_contested	B1B2	F7FWL8	Monodelphis domestica	vertebrate	260	321.5
tmem109|F6SUH3	tmem109	tmem109	channel_contested	B1B2	F6SUH3	Ornithorhynchus anatinus	vertebrate	231	311.7
tmem109|A0A803T2Y2	tmem109	tmem109	channel_contested	B1B2	A0A803T2Y2	Anolis carolinensis	vertebrate	248	215.0
tmem109|A0A8V0ZKV2	tmem109	tmem109	channel_contested	B1B2	A0A8V0ZKV2	Gallus gallus	vertebrate	204	107.1
tmem109|H2ZS64	tmem109	tmem109	channel_contested	B1B2	H2ZS64	Latimeria chalumnae	vertebrate	257	104.7
tmem109|B8A638	tmem109	tmem109	channel_contested	B1B2	B8A638	Danio rerio	vertebrate	218	45.4
tmem109|A0A674NWL2	tmem109	tmem109	channel_contested	B1B2	A0A674NWL2	Takifugu rubripes	vertebrate	254	36.4
tmem87|A0AAN0ID37	tmem87	tmem87	channel_contested	B1B2	A0AAN0ID37	Amphimedon queenslandica	basal_metazoan	608	307.7
tmem87|A0ABM4C129	tmem87	tmem87	channel_contested	B1B2	A0ABM4C129	Hydra vulgaris	cnidarian	522	355.6
tmem87|A0A9J7M7H8	tmem87	tmem87	channel_contested	B1B2	A0A9J7M7H8	Branchiostoma floridae	deuterostome	654	499.5
tmem87|O13989	tmem87	tmem87	channel_contested	B1B2	O13989	Schizosaccharomyces pombe	fungi	505	80.4
tmem87|A9USS6	tmem87	tmem87	channel_contested	B1B2	A9USS6	Monosiga brevicollis	holozoa	442	309.4
tmem87|A0AAV2HDD1	tmem87	tmem87	channel_contested	B1B2	A0AAV2HDD1	Lymnaea stagnalis	invertebrate	640	487.3
tmem87|Q8NBN3	tmem87	tmem87	channel_contested	B1B2	Q8NBN3	Homo sapiens	vertebrate	555	1333.3
tmem87|H2XRS4	tmem87	tmem87	channel_contested	B1B2	H2XRS4	Ciona intestinalis	deuterostome	528	425.1
tmem87|A0A0D2VT47	tmem87	tmem87	channel_contested	B1B2	A0A0D2VT47	Capsaspora owczarzaki	holozoa	503	166.2
tmem87|A0ABM0ZUN0	tmem87	tmem87	channel_contested	B1B2	A0ABM0ZUN0	Aplysia californica	invertebrate	648	467.1
tmem87|A0A8I6GIL4	tmem87	tmem87	channel_contested	B1B2	A0A8I6GIL4	Rattus norvegicus	vertebrate	559	1247.4
tmem87|A0A7M7PRI5	tmem87	tmem87	channel_contested	B1B2	A0A7M7PRI5	Strongylocentrotus purpuratus	deuterostome	663	385.4
tmem87|V3ZRY5	tmem87	tmem87	channel_contested	B1B2	V3ZRY5	Lottia gigantea	invertebrate	589	445.0
tmem87|Q8BXN9	tmem87	tmem87	channel_contested	B1B2	Q8BXN9	Mus musculus	vertebrate	555	1244.7
tmem87|Q9VQ34	tmem87	tmem87	channel_contested	B1B2	Q9VQ34	Drosophila melanogaster	invertebrate	536	428.0
tmem87|A0A5F8GGY3	tmem87	tmem87	channel_contested	B1B2	A0A5F8GGY3	Monodelphis domestica	vertebrate	556	1057.2
tmem87|E9FX77	tmem87	tmem87	channel_contested	B1B2	E9FX77	Daphnia pulex	invertebrate	540	391.9
tmem87|A0A8V0Z9L2	tmem87	tmem87	channel_contested	B1B2	A0A8V0Z9L2	Gallus gallus	vertebrate	571	993.5
tmem87|Q22938	tmem87	tmem87	channel_contested	B1B2	Q22938	Caenorhabditis elegans	invertebrate	558	334.9
tmem87|A0A803T2L9	tmem87	tmem87	channel_contested	B1B2	A0A803T2L9	Anolis carolinensis	vertebrate	577	913.2
tmem87|A0A6I8NP44	tmem87	tmem87	channel_contested	B1B2	A0A6I8NP44	Ornithorhynchus anatinus	vertebrate	501	844.7
tmem87|H3AGY4	tmem87	tmem87	channel_contested	B1B2	H3AGY4	Latimeria chalumnae	vertebrate	508	666.8
tmem87|A0A674N9R2	tmem87	tmem87	channel_contested	B1B2	A0A674N9R2	Takifugu rubripes	vertebrate	524	642.0
tmem87|A0AAJ7TKR9	tmem87	tmem87	channel_contested	B1B2	A0AAJ7TKR9	Petromyzon marinus	vertebrate	569	590.0
tmem87|A0AB32T8B2	tmem87	tmem87	channel_contested	B1B2	A0AB32T8B2	Danio rerio	vertebrate	583	576.1
tmem87|Q28EW0	tmem87	tmem87	channel_contested	B1B2	Q28EW0	Xenopus tropicalis	vertebrate	541	554.8
