upid	file	download	md5_expected	md5_ok
UP000000305	UP000000305_6669.fasta.gz	ok	cb0cbd737ec3f12753b17bc79bfb422a	1
UP000000437	UP000000437_7955.fasta.gz	ok	3e776cb65f060fa2608e1a9e3bf6224c	1
UP000000539	UP000000539_9031.fasta.gz	ok	3fdb9ad02f28f1ed4f979c781f608f94	1
UP000000589	UP000000589_10090.fasta.gz	ok	39894aa0f64d600ede8d4e86968d454e	1
UP000000599	UP000000599_284592.fasta.gz	ok	0002338ce0028043804e16dd2defdca0	1
UP000000600	UP000000600_5888.fasta.gz	ok	d9d6613647cd67d6fcab120a6ad55f6c	1
UP000000803	UP000000803_7227.fasta.gz	ok	cba8409d195c49c2832b9e95bbedbcb5	1
UP000001038	UP000001038_8090.fasta.gz	ok	b7a246611f7b928cea238ef725a73f95	1
UP000001357	UP000001357_81824.fasta.gz	ok	e20ccb2ce4a74307fb4fbcf84c6d157c	1
UP000001449	UP000001449_35128.fasta.gz	ok	0b3cd7e2d4186ec00533c8b29a7ea32a	1
UP000001450	UP000001450_36329.fasta.gz	ok	8b6aadce22f5dc17dcba7d01daba7c74	1
UP000001514	UP000001514_88036.fasta.gz	ok	7252ae02806d6932d6d91ace0db79a4b	1
UP000001529	UP000001529_508771.fasta.gz	ok	047a539d2ea046e9b7f5e15edf921592	1
UP000001542	UP000001542_412133.fasta.gz	ok	bf15a2ee214f677768d996cb64399890	1
UP000001554	UP000001554_7739.fasta.gz	ok	0315b5929d334e5bdd5110b5cf920ea1	1
UP000001593	UP000001593_45351.fasta.gz	ok	1343ad7607601f17e6cdeea81e2921e6	1
UP000001646	UP000001646_28377.fasta.gz	ok	bafba36b1e3d76efd117043e145dc194	1
UP000001798	UP000001798_332648.fasta.gz	ok	2b6e9593ef3bdf43963be252a8a25cbf	1
UP000001811	UP000001811_9986.fasta.gz	ok	bd5dafe077b1464887e561d02021280d	1
UP000001926	UP000001926_294381.fasta.gz	ok	2eff6236dd82e81f4328e1df76ef1ed6	1
UP000001940	UP000001940_6239.fasta.gz	ok	3e719f7207ad55b25cd048e06dd1ce12	1
UP000002173	UP000002173_5865.fasta.gz	ok	8454d2dd3ab2d4a8a38c7b79d4769b85	1
UP000002195	UP000002195_44689.fasta.gz	ok	88db1194a29308819ac26b3d78651760	1
UP000002279	UP000002279_9258.fasta.gz	ok	02bf44f86dfb199faa0c77e30f666f17	1
UP000002280	UP000002280_13616.fasta.gz	ok	8a3aa871faf27b715d6fd663d3d270a3	1
UP000002311	UP000002311_559292.fasta.gz	ok	bc1101d1cab0ed829a0c5e12fd72413f	1
UP000002485	UP000002485_284812.fasta.gz	ok	c0f3541067c12a6b552c4ee91dddafdc	1
UP000002630	UP000002630_2880.fasta.gz	ok	4ac349c8a88f66fbedd5b2f954f509eb	1
UP000005226	UP000005226_31033.fasta.gz	ok	d526969c5e373a3ff5a29828d5308ccb	1
UP000005242	UP000005242_671144.fasta.gz	ok	0b0b63ff395944bd3efb6385f437fa20	1
UP000005640	UP000005640_9606.fasta.gz	ok	4e4f5aca22ba12eabda1e347765db069	1
UP000006548	UP000006548_3702.fasta.gz	ok	7e272b3224147a628114632b55f63fa4	1
UP000006727	UP000006727_3218.fasta.gz	ok	0753f8ab7d1dcc5b1a87d179a0c79e66	1
UP000006853	UP000006853_981350.fasta.gz	ok	d231b5771c87c17ef6bfa691bdb5af6b	1
UP000006906	UP000006906_3055.fasta.gz	ok	f1d8e730c555c6131c5638a73fd2e9b5	1
UP000007014	UP000007014_280699.fasta.gz	ok	96a791ca1e572092b7ee377717417b8c	1
UP000007110	UP000007110_7668.fasta.gz	ok	127fee3d32191fd6bb3fd8128a0c5e42	1
UP000007646	UP000007646_9785.fasta.gz	ok	175d6bd7eb214212a822709b79046c31	1
UP000007648	UP000007648_9305.fasta.gz	ok	ad0f26f85193db67185c8edba49da66c	1
UP000007797	UP000007797_261658.fasta.gz	ok	85a3e7089563ce4e473fc3e576be847b	1
UP000007800	UP000007800_423536.fasta.gz	ok	61ae70b7953377c7dc3c6b4b45b4773f	1
UP000007879	UP000007879_400682.fasta.gz	ok	0ea0978cc033b27a28656a3e06571cd3	1
UP000008143	UP000008143_8364.fasta.gz	ok	364513b83d80b53f4d00a423dedde228	1
UP000008144	UP000008144_7719.fasta.gz	ok	a4a5cd8e9cefba4c3939711a3ef54dd8	1
UP000008524	UP000008524_185431.fasta.gz	ok	5a8ff34287c2aeea8999f23b5981585b	1
UP000008672	UP000008672_7897.fasta.gz	ok	89288dffadd44566ea1a1a923a983635	1
UP000008867	UP000008867_999809.fasta.gz	ok	3cacda37122f7739dea48c008778b219	1
UP000009022	UP000009022_10228.fasta.gz	ok	2d265dda2fcff75e5eb64c41bd861009	1
UP000009131	UP000009131_764103.fasta.gz	ok	d0df165b736e2fe1b198079ac8c285b1	1
UP000009168	UP000009168_312017.fasta.gz	ok	b0f333dede26b10448e11f2d31149444	1
UP000009170	UP000009170_70448.fasta.gz	ok	8541f7a127dd052b030874f079d81a4c	1
UP000010091	UP000010091_235443.fasta.gz	ok	a365cf63cab9e1d5cdb1655d1556f393	1
UP000011083	UP000011083_1257118.fasta.gz	ok	5f8dfd20b20fef7da2325d5fc79489aa	1
UP000011087	UP000011087_905079.fasta.gz	ok	604211efcf129b275954c9984174f690	1
UP000011518	UP000011518_246437.fasta.gz	ok	8fe1cc77e6422b53d03ca99f193d5ff7	1
UP000012073	UP000012073_2769.fasta.gz	ok	46ca1405e2531677e08c11b4fef605cf	1
UP000012960	UP000012960_214687.fasta.gz	ok	0406b2d144b66145916db8a49e46ac05	1
UP000013827	UP000013827_280463.fasta.gz	ok	b5b723077cfa74627cc10abb37fe869b	1
UP000014074	UP000014074_1286976.fasta.gz	ok	b1b35ae5e5e3be2dbb12f270427cda33	1
UP000014254	UP000014254_1220926.fasta.gz	ok	e6ed4484346d4f6197f5d55103303eb4	1
UP000014500	UP000014500_126957.fasta.gz	ok	9b0496b1cf53edb4a43e1f885524a73e	1
UP000015101	UP000015101_6412.fasta.gz	ok	5ad6a020cf62d11e554214d40e24e382	1
UP000015104	UP000015104_32264.fasta.gz	ok	6872d9449f0ce0e38b405cfe7ee9de0c	1
UP000015441	UP000015441_546991.fasta.gz	ok	9c1bae9625c24eade3435d18b4ea44dc	1
UP000016926	UP000016926_1130832.fasta.gz	ok	0e52ee332e956719b0bdc9a56bd5f5e8	1
UP000017200	UP000017200_683840.fasta.gz	ok	541c4eca054e0e755b105efce2953e93	1
UP000017246	UP000017246_6211.fasta.gz	ok	1c8b33df93f38b90a6ad6902c6fd744c	1
UP000017836	UP000017836_13333.fasta.gz	ok	e653e9ee948640deac7195efffc1c637	1
UP000018144	UP000018144_1076935.fasta.gz	ok	80572abc16ddbe5ba901d0c96a5e986b	1
UP000018468	UP000018468_7918.fasta.gz	ok	50eb160479419c84e9bf69f5eedd8c1d	1
UP000018888	UP000018888_747089.fasta.gz	ok	aaafda0eaadedfcb9f005bec9e128ea9	1
UP000019763	UP000019763_110365.fasta.gz	ok	8615e3b5da0790d7a9c0d486d46553f6	1
UP000027135	UP000027135_136037.fasta.gz	ok	3fbe72969a52270fe67161f9927b051f	1
UP000027195	UP000027195_930990.fasta.gz	ok	836431ef0d4c0416df4688f86f00770f	1
UP000027265	UP000027265_933084.fasta.gz	ok	a4271b12e4398b76adc7540e3a192387	1
UP000027361	UP000027361_1037660.fasta.gz	ok	f7db5f75f9583884918c3a855ef2953d	1
UP000030693	UP000030693_691883.fasta.gz	ok	c60957afbacd14bfab83833fee66e53d	1
UP000030706	UP000030706_1043002.fasta.gz	ok	f3789f9b625ad1671bed385253724a17	1
UP000030745	UP000030745_695850.fasta.gz	ok	e822909995b89829f1dd61f1feadacf9	1
UP000031668	UP000031668_669202.fasta.gz	ok	d8b76fc2e7906cee991751af702a40a8	1
UP000039324	UP000039324_37360.fasta.gz	ok	55963cfddb76b1c222f04ff98b2c3cf0	1
UP000039865	UP000039865_5949.fasta.gz	ok	02bc2560067680491371c2c2ad20a6f3	1
UP000051952	UP000051952_75058.fasta.gz	ok	57c804fe71b1b12057a7622338e3d5cc	1
UP000053001	UP000053001_188344.fasta.gz	ok	5848e9cb9b895acc73aa6a1920f1e3d2	1
UP000053201	UP000053201_645134.fasta.gz	ok	2a431e5e78f662b0755cb3f66784dc84	1
UP000053237	UP000053237_65357.fasta.gz	ok	92b639352893ad240830eb5b3b59fa5f	1
UP000053259	UP000053259_253628.fasta.gz	ok	cec51d64e7d526d5243e1cc7f8ebde7f	1
UP000053263	UP000053263_944288.fasta.gz	ok	ed23761fe55b0fbdbc51a8051edf167b	1
UP000053283	UP000053283_128390.fasta.gz	ok	f571cc8e58238bdb5d60598d134d4cc5	1
UP000053286	UP000053286_9233.fasta.gz	ok	bf4d11e5464b5859051cc36e37feb120	1
UP000053317	UP000053317_158046.fasta.gz	ok	bf9baa3c8c76c9fb0fd179f9cb75878f	1
UP000053369	UP000053369_54374.fasta.gz	ok	9c763407585fb0549c131994767a7b3b	1
UP000053411	UP000053411_1442371.fasta.gz	ok	0e5e44327eb0dff3d75cd849e9b9d6cd	1
UP000053584	UP000053584_441894.fasta.gz	ok	183dc4666690aba9312aa71c38a84a20	1
UP000053605	UP000053605_30419.fasta.gz	ok	eebfd579f50c41dbdafd46d6949c5608	1
UP000053611	UP000053611_879819.fasta.gz	ok	70b61c7d125acf6ada5a0d7fee1d38f5	1
UP000053638	UP000053638_97097.fasta.gz	ok	e99d4e0520b734de4ee0f3d09ecff796	1
UP000053700	UP000053700_9218.fasta.gz	ok	13c9e1192806fa2c0596ee7772853610	1
UP000053760	UP000053760_55661.fasta.gz	ok	c194cfcd751dad839b95197977c9572d	1
UP000053841	UP000053841_930089.fasta.gz	ok	7953fe1635f16bcb667ff22d65eafe28	1
UP000053872	UP000053872_8932.fasta.gz	ok	0ec32e16d83c6edecbe9b70a268332c5	1
UP000054097	UP000054097_933852.fasta.gz	ok	fbced10607bcda8a182a4cb75324d222	1
UP000054196	UP000054196_741275.fasta.gz	ok	8f2548f84c733b1fa8802bf52c0da583	1
UP000054279	UP000054279_990650.fasta.gz	ok	b7651cee99b5b3f11d7579fd32ecef05	1
UP000054308	UP000054308_9244.fasta.gz	ok	9d32731f5bf90ea41082181fe71407fa	1
UP000054313	UP000054313_37040.fasta.gz	ok	513c5afaac1b45ae0492ae316aaf53f3	1
UP000054350	UP000054350_578462.fasta.gz	ok	1fd684ef0273278213fb175b84f79cfc	1
UP000054408	UP000054408_461836.fasta.gz	ok	65cb318a62bad7d26962282f68de2bcc	1
UP000054454	UP000054454_1408658.fasta.gz	ok	7356a719d6fafe0ffedd873c12e10a9f	1
UP000054558	UP000054558_105231.fasta.gz	ok	1c47bcca44f1ce300706ecb45a3fb0e2	1
UP000054560	UP000054560_667725.fasta.gz	ok	dc6b0c9eb7124d198ab7a12f9d0c4910	1
UP000054721	UP000054721_6335.fasta.gz	ok	e3c3b892c05a8bb432f57d3fc1580ca6	1
UP000054937	UP000054937_266149.fasta.gz	ok	50bb7a9a08aeb8eacafc2aca280d7dcb	1
UP000059680	UP000059680_39947.fasta.gz	ok	2effd110ab5298ba541dfd7067bb96ab	1
UP000070544	UP000070544_1344416.fasta.gz	ok	4a78601b74955223a907a99815488a79	1
UP000076532	UP000076532_1759441.fasta.gz	ok	5ba639fbb083baa74a3538bf5ae1b588	1
UP000076632	UP000076632_1328760.fasta.gz	ok	52424aed50922c4a6147ce5e57c3673a	1
UP000076738	UP000076738_1330018.fasta.gz	ok	47680f33c4bba8b8c8a0d0a0dc6b6f03	1
UP000076761	UP000076761_1314782.fasta.gz	ok	284583e3ef4a389d7938df6458347495	1
UP000076798	UP000076798_1314776.fasta.gz	ok	ed4af42567dd4fef73fff43ffd9f1721	1
UP000077266	UP000077266_1314781.fasta.gz	ok	8e166a9a30d8a686abe9516dc2c3d78a	1
UP000077755	UP000077755_79200.fasta.gz	ok	dddfe4206ab2f9dfa9b014d4168904fc	1
UP000078113	UP000078113_117179.fasta.gz	ok	46454f995e537a046b28b15b4794c549	1
UP000078348	UP000078348_478820.fasta.gz	ok	8a2a0b92fd1e0488beaeba6003b088a1	1
UP000078512	UP000078512_1314771.fasta.gz	ok	398be0b57264dfe4d94f90c58c08be0c	1
UP000085678	UP000085678_7574.fasta.gz	ok	3ec27d65a61d654869866c95bd30fe33	1
UP000091956	UP000091956_342668.fasta.gz	ok	5df1aa2e8c3a297491cbee7f428b41ff	1
UP000092154	UP000092154_1314800.fasta.gz	ok	92fb6c45089cdc932fab0f5f3e183303	1
UP000094236	UP000094236_669874.fasta.gz	ok	44805860f1032db19ff2ce23f101862e	1
UP000094444	UP000094444_158607.fasta.gz	ok	29fd353e1b7c399e4906ee877ef770cf	1
UP000095023	UP000095023_767744.fasta.gz	ok	33808767dae7aa57e1ea07a8baaab44a	1
UP000095728	UP000095728_56408.fasta.gz	ok	62b998e2fcaa3cf69464dec70c9e691f	1
UP000183809	UP000183809_236234.fasta.gz	ok	e675b564d221546372f1767d87a64427	1
UP000183971	UP000183971_1227346.fasta.gz	ok	e8418c6adea673d0a5108d78311871f9	1
UP000186303	UP000186303_1230383.fasta.gz	ok	f0a8fc166deb942681d47dba719db4e8	1
UP000186594	UP000186594_1198029.fasta.gz	ok	5c903ca4d76a3ee53709fb4d705ed2fc	1
UP000186922	UP000186922_947166.fasta.gz	ok	5047f4ad3883605387c1a0f7d2d5f8cb	1
UP000187406	UP000187406_3775.fasta.gz	ok	ffd1bd0e61801a27535324d3f664b00e	1
UP000189703	UP000189703_4432.fasta.gz	ok	3107016129102833b8d0834908f7ba9f	1
UP000189705	UP000189705_38654.fasta.gz	ok	134d77eff906e802edec67cb5bf65e9f	1
UP000192220	UP000192220_52670.fasta.gz	ok	d283f7a507a2608ae8aa4e3268b15c3a	1
UP000192927	UP000192927_136370.fasta.gz	ok	09efccbfa3b139a69e97509caf2eb080	1
UP000193067	UP000193067_1353009.fasta.gz	ok	05616c2c88b5248070f2454b5b0ddd75	1
UP000193467	UP000193467_106004.fasta.gz	ok	7a7ddf001fd4a71445143b458f476fd8	1
UP000193498	UP000193498_1314790.fasta.gz	ok	c386911e370286f2231da174f9af40d1	1
UP000193685	UP000193685_2754530.fasta.gz	ok	29950b4450bf969e8c08e27ba5ef9138	1
UP000193719	UP000193719_1754191.fasta.gz	ok	d7316379482959585b7a783570db60d4	1
UP000215914	UP000215914_4232.fasta.gz	ok	b14b220e5b7ef4d8db96fbeacd5c250d	1
UP000217790	UP000217790_47427.fasta.gz	ok	96521dda6a78e950923d0c3061a8d036	1
UP000221080	UP000221080_7998.fasta.gz	ok	636f2e6750020b4b30655644df911f51	1
UP000223968	UP000223968_1447875.fasta.gz	ok	0e95a7e4297296dcc1434a3fdd68548a	1
UP000228380	UP000228380_42345.fasta.gz	ok	1d934ed85726c5713afc6f0a3c4f835d	1
UP000230069	UP000230069_218851.fasta.gz	ok	7a04e7c5e4c1e9e739fa2e8ef6accc72	1
UP000235220	UP000235220_51240.fasta.gz	ok	6b823b0777de6773e5ed0a3c2cbd21fb	1
UP000241394	UP000241394_1590841.fasta.gz	ok	6534ace4e3b35c7152e4a30d4cb2dc97	1
UP000241769	UP000241769_1890364.fasta.gz	ok	a21f714a5239fa83767cec81c960e783	1
UP000241890	UP000241890_2315210.fasta.gz	ok	21b753e673a30eabb712b2a172796b1e	1
UP000242188	UP000242188_6573.fasta.gz	ok	8d7557ec1adb56101691a491e0771f2e	1
UP000242525	UP000242525_1173061.fasta.gz	ok	ded02fb93347477330ca312985e8f316	1
UP000242875	UP000242875_1938954.fasta.gz	ok	fb6c06ebf556fbb3ef11124d6c18bf68	1
UP000243797	UP000243797_2082308.fasta.gz	ok	06af9ebd3f288275dd581008c3b05c6e	1
UP000244005	UP000244005_3197.fasta.gz	ok	93c368d0186129ce5c290e0d1b6eb982	1
UP000245119	UP000245119_400727.fasta.gz	ok	876643c616aa17aed6eb5a34866b2b3d	1
UP000245626	UP000245626_1673888.fasta.gz	ok	7728099de2f6f011d1c2fcf10482edf1	1
UP000245699	UP000245699_61424.fasta.gz	ok	afef13e80800a96326d300feb37a3467	1
UP000245768	UP000245768_215250.fasta.gz	ok	a9c2fe1aba33cc36df2d57b61bc00891	1
UP000245783	UP000245783_1522189.fasta.gz	ok	23e3c3b59d3635df0e44e8f164259d66	1
UP000245942	UP000245942_1684307.fasta.gz	ok	06e49f53f41b5bda0b9230a466d3ce3c	1
UP000245946	UP000245946_58919.fasta.gz	ok	c425f5898d5c7aa761b3fced535b5bad	1
UP000247409	UP000247409_448386.fasta.gz	ok	fc924703c1872a38443b7e5a3fe094ec	1
UP000247498	UP000247498_307507.fasta.gz	ok	9a7f33233e99806fb33cdfab506e07f8	1
UP000248480	UP000248480_127582.fasta.gz	ok	747206960a5c3ad20a429881e0b82810	1
UP000250140	UP000250140_574774.fasta.gz	ok	cdf4ecc4c8df557b74c90bcbbdf50e10	1
UP000250266	UP000250266_1314670.fasta.gz	ok	bab925c424c0838ae28e37a0d976516d	1
UP000261420	UP000261420_41447.fasta.gz	ok	82be352faf6db9a56c5f03f429a153de	1
UP000261640	UP000261640_205130.fasta.gz	ok	60b321109a00d88a1b1c85c5ace90fd6	1
UP000264820	UP000264820_109280.fasta.gz	ok	bffc06e22aa8f9fce625c2b1ba46f1f3	1
UP000265140	UP000265140_8010.fasta.gz	ok	fe40ae4c56b62230ad1f49127200edc8	1
UP000265515	UP000265515_69332.fasta.gz	ok	bcf731f63447266ecc4edc260336354a	1
UP000270296	UP000270296_241478.fasta.gz	ok	c673df5abffed94296477dfe6dd10680	1
UP000271241	UP000271241_78915.fasta.gz	ok	fc466df8864eed310109047aede31f55	1
UP000274922	UP000274922_1555241.fasta.gz	ok	1b747973377baabcbf954df197f95b09	1
UP000275846	UP000275846_70667.fasta.gz	ok	090c640cedcbd78b4926ecc9208a9c6a	1
UP000287033	UP000287033_137246.fasta.gz	ok	691c0f2f0ee704eb3c5cfdbfa2baf9cc	1
UP000288216	UP000288216_75743.fasta.gz	ok	3fb8e43c98ecab20d11a96098e7c186e	1
UP000294933	UP000294933_50990.fasta.gz	ok	f1fa513dae801dc9c410c0370073e38b	1
UP000308267	UP000308267_147828.fasta.gz	ok	1723ce756abd0bba04ce5eb9f02078e7	1
UP000314983	UP000314983_8005.fasta.gz	ok	7d90da603cf51347cada128d5d6922ea	1
UP000314986	UP000314986_7868.fasta.gz	ok	2db73455c871d1359a261b3b049db3c2	1
UP000316726	UP000316726_1764295.fasta.gz	ok	7aa464504a77a7d2bdcf39d1c3aca718	1
UP000318571	UP000318571_6832.fasta.gz	ok	db3f9c06a472dddb43dbea04a43ddcd2	1
UP000319257	UP000319257_1093900.fasta.gz	ok	19ece0c3500152b4b0d52e04fdc47811	1
UP000319731	UP000319731_1806994.fasta.gz	ok	1e8c7fe1f0a69bf520d808af6b0b7f4b	1
UP000320333	UP000320333_246404.fasta.gz	ok	d94ad024383f7ff27b6ef7525325b9f6	1
UP000323011	UP000323011_33653.fasta.gz	ok	6db582cc7b06cf0dced26d7e672dc601	1
UP000324585	UP000324585_35688.fasta.gz	ok	b087cb307a2a052973fda12f31a1af79	1
UP000324748	UP000324748_56615.fasta.gz	ok	e8acfa035c6462573c869f7735af0f69	1
UP000325577	UP000325577_561372.fasta.gz	ok	405d4e19c6c88613fea2dc014cf13844	1
UP000326759	UP000326759_96803.fasta.gz	ok	d48a960a4a90604c167e60e171dd0870	1
UP000355283	UP000355283_1027361.fasta.gz	ok	2a86f6a5d42a5257e6a124827c068216	1
UP000434957	UP000434957_129364.fasta.gz	ok	bbef3cf8e7b5efe6f593d3cd52553301	1
UP000439903	UP000439903_4874.fasta.gz	ok	0a460c65dbc272e3dde426cc878ba4a8	1
UP000440578	UP000440578_1232801.fasta.gz	ok	c0ff866d5804b32150e2bf76c98ad277	1
UP000471633	UP000471633_6185.fasta.gz	ok	92dbbc49781fcf28fa2a8ba0f39dc685	1
UP000472263	UP000472263_586833.fasta.gz	ok	be4f1e861d7e32955410c6460fc133f1	1
UP000472265	UP000472265_8175.fasta.gz	ok	fdba8ccc4e67603dfbe96da3341ed234	1
UP000472267	UP000472267_181472.fasta.gz	ok	64f2f1b506ede49681beea35917da05f	1
UP000472271	UP000472271_375764.fasta.gz	ok	1d5e297c08441e5b21cdf7a92fe1198e	1
UP000472275	UP000472275_223781.fasta.gz	ok	5f5c99f615e90b4074d539d8eba47a28	1
UP000472276	UP000472276_47969.fasta.gz	ok	6a5ae87546117628f16ef9bd1e742ec4	1
UP000494040	UP000494040_79782.fasta.gz	ok	85dcf05b9843305a21723658c2f8302b	1
UP000494165	UP000494165_197152.fasta.gz	ok	6ed6db3871982e67c8ca904f3399eb49	1
UP000503178	UP000503178_1928728.fasta.gz	ok	a14ff1ab725878586e76a79e631e32bd	1
UP000504604	UP000504604_4182.fasta.gz	ok	0a322c252ca7b792a3f0c7f02426c93e	1
UP000504606	UP000504606_133901.fasta.gz	ok	88381ef4a31f2ca20fc933755cc295f8	1
UP000504609	UP000504609_3662.fasta.gz	ok	e8566ffaa15676399e34eb2434c85657	1
UP000504623	UP000504623_185453.fasta.gz	ok	57c4a309892e6e762eea9ba46392e34f	1
UP000504624	UP000504624_321398.fasta.gz	ok	018abda578a1632be437d27bf8fe99b7	1
UP000504628	UP000504628_89673.fasta.gz	ok	d48725edc0281ee65e6a4b08035d09b6	1
UP000504632	UP000504632_29144.fasta.gz	ok	e5d66a68b806c77ad662402c0943cc7f	1
UP000504638	UP000504638_1392243.fasta.gz	ok	3353c913085a3fba2b02cd322a8cc2a8	1
UP000504639	UP000504639_219594.fasta.gz	ok	30a9abdebce25cd1bf334f59671a3868	1
UP000515140	UP000515140_38626.fasta.gz	ok	eff7712b71928b3859eeb259c07b9bc4	1
UP000515150	UP000515150_158456.fasta.gz	ok	c097904051aed138265c2938b2c8e893	1
UP000515152	UP000515152_7950.fasta.gz	ok	5cffb2fb96a3b3533323fbecf5d1175a	1
UP000515154	UP000515154_2607531.fasta.gz	ok	40d6052d04a325d7d9a7c2bb6846f4cd	1
UP000515156	UP000515156_1415580.fasta.gz	ok	8c21dc3c173b6aeb7f1af2d1af155fff	1
UP000522270	UP000522270_2585816.fasta.gz	ok	975d0f703dac3a39a689b3415d75449f	1
UP000526942	UP000526942_103956.fasta.gz	ok	f1db79b2db5d3de94ead82eb1d50fcd3	1
UP000527232	UP000527232_79633.fasta.gz	ok	6660b471103f2eabf666b7d4af8852eb	1
UP000533896	UP000533896_172689.fasta.gz	ok	3670519b89ddb87cb0ec107debdca9cd	1
UP000538472	UP000538472_48426.fasta.gz	ok	5000a3d6c19213dc88595b1861551cd5	1
UP000541181	UP000541181_1352770.fasta.gz	ok	e77c3d8af73486eadee5f3b462061ef6	1
UP000550660	UP000550660_56311.fasta.gz	ok	07d49d2d66da747dabf1e8719e81d68b	1
UP000551127	UP000551127_153643.fasta.gz	ok	e7abe2ff34fe260a043690b0d4401d21	1
UP000555275	UP000555275_9252.fasta.gz	ok	cd59e79eda606370918b2365d7ee5904	1
UP000566440	UP000566440_1109041.fasta.gz	ok	d7d461d93494ccc683e1ef5322c59a2b	1
UP000568556	UP000568556_118183.fasta.gz	ok	bc159e3b80c13c06ab448ebe855a005e	1
UP000570016	UP000570016_54386.fasta.gz	ok	f177541b80194c5d308e739adfe57771	1
UP000593562	UP000593562_458696.fasta.gz	ok	06f74180e5a40b912c104c022e055a36	1
UP000593567	UP000593567_10212.fasta.gz	ok	8155dc7f42628eb4c66b80e3442fcf08	1
UP000594260	UP000594260_109461.fasta.gz	ok	6ad348f1b272e83160120b30e449ec50	1
UP000594262	UP000594262_252671.fasta.gz	ok	272ce1f4735df2e997466263a75be63c	1
UP000594263	UP000594263_63787.fasta.gz	ok	fcf96db02fe0390bc2c7e62ec206e6ad	1
UP000597762	UP000597762_158019.fasta.gz	ok	2d692ba726d84c13e8565a0dbf04d1e0	1
UP000606974	UP000606974_364733.fasta.gz	ok	bb3da1eaed404745d235ff8ba2af91b6	1
UP000612746	UP000612746_44442.fasta.gz	ok	1f27913de0ad63a9ffd4d9c325fa24d5	1
UP000620104	UP000620104_104408.fasta.gz	ok	53da1cd054230bd4e2015839486ad9bd	1
UP000648918	UP000648918_342381.fasta.gz	ok	d6791d727cc6dd05baf4a945af60d182	1
UP000654395	UP000654395_458196.fasta.gz	ok	4ec0a6ffd03e217031010971e9062395	1
UP000655225	UP000655225_13715.fasta.gz	ok	3cea074348574987f6dc86215b0807d9	1
UP000657035	UP000657035_56067.fasta.gz	ok	97a0478b0c94876cbdd1a4950116fb40	1
UP000660262	UP000660262_41880.fasta.gz	ok	c264fadfcbb34eea69b3f48a15319fba	1
UP000663760	UP000663760_51605.fasta.gz	ok	d266b6f131bb8831c95b5a499a795803	1
UP000663832	UP000663832_433720.fasta.gz	ok	ecc9d0edd4381f8e9203ba2f77e5fc16	1
UP000663870	UP000663870_392033.fasta.gz	ok	1da1c384a12c4937446bfa58435c4d1d	1
UP000663879	UP000663879_104777.fasta.gz	ok	b36457ea3253556ffb5f438e0a7cb2e6	1
UP000664169	UP000664169_1940652.fasta.gz	ok	fda998b8346b402bc250677b4f7ce347	1
UP000664521	UP000664521_116794.fasta.gz	ok	066688e35029be0f412edfb772d56d02	1
UP000664859	UP000664859_303371.fasta.gz	ok	89103e91dfffbe7bba09516a0b64b48a	1
UP000673691	UP000673691_278681.fasta.gz	ok	4c515b454333a48ce4304430b542de7c	1
UP000675881	UP000675881_72036.fasta.gz	ok	c015c152a240b3731d38c98cdff901bd	1
UP000677054	UP000677054_69355.fasta.gz	ok	ebaf967fd3f2895ef86ada6b7e0e5360	1
UP000677803	UP000677803_238744.fasta.gz	ok	e73b7ebcd8ff8c81237361f6ffb5a900	1
UP000678393	UP000678393_100452.fasta.gz	ok	156db37724cfd07b792f8a480a7619bf	1
UP000683360	UP000683360_6550.fasta.gz	ok	93a908267ac5335b0a8413a4685a092d	1
UP000693946	UP000693946_28829.fasta.gz	ok	f647ca36bcf779ba29e9730edcae3cd2	1
UP000693970	UP000693970_303405.fasta.gz	ok	83878ff4ec409a88334a90032debde3b	1
UP000694388	UP000694388_7764.fasta.gz	ok	7157c75c0079281a5b58962faa22da1d	1
UP000694392	UP000694392_8508.fasta.gz	ok	306c98aeb472795371b593e06c1477c4	1
UP000694397	UP000694397_113540.fasta.gz	ok	9e64fe3eb024e05c6f2c458d297e3842	1
UP000694405	UP000694405_13146.fasta.gz	ok	9e3c5e8fb1d6f9a1b90843972a056dfa	1
UP000694419	UP000694419_425635.fasta.gz	ok	0557ae661c2d57aca8f6517fb9f21cc0	1
UP000694420	UP000694420_30464.fasta.gz	ok	0fc6a406b604fa5679f6d28f211816bc	1
UP000694423	UP000694423_8790.fasta.gz	ok	b89d2e7b28909d91f2114b3fef77061b	1
UP000694552	UP000694552_257818.fasta.gz	ok	c3e65d1941a7aa05947691ddeee384b4	1
UP000694562	UP000694562_100819.fasta.gz	ok	c2eb2467d8ce3dfce73e8dfa9cde0ee6	1
UP000694620	UP000694620_27687.fasta.gz	ok	be95936c088401557628ee6db4ef5b48	1
UP000694843	UP000694843_294128.fasta.gz	ok	2392c34b2096b6a8011243ae3c1bd055	1
UP000694844	UP000694844_6565.fasta.gz	ok	fb0fc07fdc0efde24d133e1daf562058	1
UP000694845	UP000694845_133434.fasta.gz	ok	e180e12f52d82f68f2fb6404f82a4c75	1
UP000694850	UP000694850_1230840.fasta.gz	ok	1236bc281f6fa6c54492be1ad5cd7310	1
UP000694888	UP000694888_6500.fasta.gz	ok	f3e7a81d831bd95ac27d842554c3cbab	1
UP000694923	UP000694923_482537.fasta.gz	ok	65a52ffcfa0125f74e223bd24b8febeb	1
UP000694941	UP000694941_6850.fasta.gz	ok	b28c4d483b17fc2914b636cf62ea3b07	1
UP000695000	UP000695000_110193.fasta.gz	ok	6b9827757cf8e3b8b48b82e48565fa2d	1
UP000695022	UP000695022_37621.fasta.gz	ok	4935df4832e555fdb524b49e7e34548b	1
UP000698800	UP000698800_1670608.fasta.gz	ok	a3d2b38ffbf4e35847f05bd4e13a1acd	1
UP000708148	UP000708148_121088.fasta.gz	ok	1fa9eec448f0844e799ebfe3f1c67a13	1
UP000708208	UP000708208_39272.fasta.gz	ok	22f98991a1ddac20e5937644bf83619c	1
UP000736335	UP000736335_56493.fasta.gz	ok	2f0035ea9cf0c0b2e5e75e6a338f2593	1
UP000749559	UP000749559_6347.fasta.gz	ok	98ab82418984c2d5a635612ca576272a	1
UP000751190	UP000751190_2081491.fasta.gz	ok	3a0051573ee6bdd3b6cab6125e6a1306	1
UP000769528	UP000769528_1378264.fasta.gz	ok	29f0ada56f948054980cb7d883160e9d	1
UP000784294	UP000784294_117903.fasta.gz	ok	6bad1de0f3f083a256924ada522fcb6f	1
UP000789595	UP000789595_35677.fasta.gz	ok	e8ba54a789fec758b8abb99e9414deec	1
UP000789739	UP000789739_144538.fasta.gz	ok	bccaf69cf96f800e7bd36a47cc7b54cc	1
UP000789831	UP000789831_144530.fasta.gz	ok	d510778fcb058f7f4b1ca6e9337b6f20	1
UP000790347	UP000790347_6954.fasta.gz	ok	f5f401c42f0b5fe15deed50413987be9	1
UP000790787	UP000790787_4097.fasta.gz	ok	3661cb08576a987110dc7657e24e74e7	1
UP000792457	UP000792457_123851.fasta.gz	ok	c01db4188cc486d41ad394ccae160c5e	1
UP000794436	UP000794436_41045.fasta.gz	ok	2a67e3e56686e625ac279a8e98ab0b5d	1
UP000798662	UP000798662_2788.fasta.gz	ok	90aede43327cc5329c6b43b55d85754a	1
UP000799049	UP000799049_505711.fasta.gz	ok	605c0c35ec0dde42283f0e6e13397423	1
UP000799302	UP000799302_703497.fasta.gz	ok	812e5e3c43c85bd3823c3f91851ce451	1
UP000799429	UP000799429_1346257.fasta.gz	ok	376995102740d5f0adf6801a0101f1a7	1
UP000799437	UP000799437_470096.fasta.gz	ok	810c242d1be8ebcecb0aa6df7551ded7	1
UP000799441	UP000799441_1314669.fasta.gz	ok	8abc1b4ebe4d9f58c838ef97ac1a20e2	1
UP000799640	UP000799640_703511.fasta.gz	ok	5c1560d2893bbf459e8987466df512fd	1
UP000799766	UP000799766_578093.fasta.gz	ok	34b48e16ebbd46671cf6cac3061e7305	1
UP000799772	UP000799772_1504668.fasta.gz	ok	8c4be04140b9918fc588185940d810dc	1
UP000800092	UP000800092_1048519.fasta.gz	ok	9a67af679a58166266c8d6a69900ce25	1
UP000803884	UP000803884_1052096.fasta.gz	ok	864001be3e762c47a8854da7aa866901	1
UP000813463	UP000813463_3562.fasta.gz	ok	0e00d546ce4acf3f481e124df1a6ea2a	1
UP000814140	UP000814140_48021.fasta.gz	ok	2935e04e4756e028adccf8067f93c799	1
UP000816034	UP000816034_51637.fasta.gz	ok	0bbf60b1ee3090467db75abf43a85d88	1
UP000818029	UP000818029_3635.fasta.gz	ok	fdfb4012e109d982d3b2e20d9a4b4a8d	1
UP000822688	UP000822688_3225.fasta.gz	ok	2b8a125bff1432c5c0bdd86bd8044eb4	1
UP000823046	UP000823046_476202.fasta.gz	ok	cf3d2b2262ca4713d93b22508d847305	1
UP000824469	UP000824469_29808.fasta.gz	ok	6855ef6bf21199cb0feffbbfa549c69e	1
UP000824732	UP000824732_3988.fasta.gz	ok	f2d9db85b661ae67a0268c42b793ed53	1
UP000825729	UP000825729_158543.fasta.gz	ok	265a60025cc485d51cce7cd5d3fbcec8	1
UP000828390	UP000828390_45954.fasta.gz	ok	a1c39e8d3e753f81515cb79c4c8d080d	1
UP000829196	UP000829196_94219.fasta.gz	ok	b8b9ca11287c24339b9a10e7817f941b	1
UP000829398	UP000829398_2711.fasta.gz	ok	898b3d0c727962284315915c218bc3b2	1
UP000829720	UP000829720_1534307.fasta.gz	ok	47f042031ed541a79b1c43e1936ae067	1
UP000829999	UP000829999_7108.fasta.gz	ok	6a0ce63338ffad44e5fc43160371f0a5	1
UP000831701	UP000831701_214431.fasta.gz	ok	839afa68ac6ac892381bacee9b5eeaf6	1
UP000886520	UP000886520_13818.fasta.gz	ok	86cd3bfd875d9c59bccd1fdf31838bbb	1
UP000887565	UP000887565_13658.fasta.gz	ok	c06b0e4ebb8991a2a4174192a5466422	1
UP000887566	UP000887566_2011161.fasta.gz	ok	fb9b4d485ada0a84925a653cd5c226cb	1
UP001046870	UP001046870_7932.fasta.gz	ok	f4516262f863420c200855514ac48ccd	1
UP001050691	UP001050691_1419009.fasta.gz	ok	f233c6ef5ce4d010a3e23182448aa614	1
UP001054902	UP001054902_426638.fasta.gz	ok	5926d62fb01d24799fad773f484c822f	1
UP001059893	UP001059893_148305.fasta.gz	ok	5dc98c22f331290ec8789be024743c23	1
UP001061958	UP001061958_83374.fasta.gz	ok	1cf93a5dc3cea4f02d755ba1ac90733a	1
UP001066276	UP001066276_8319.fasta.gz	ok	577bb16fa0821ffa34f8079f154fde4f	1
UP001150569	UP001150569_78921.fasta.gz	ok	97cbc2c166cdfd0d47e973018dac5df7	1
UP001151295	UP001151295_1424467.fasta.gz	ok	b717a56dbda8bb2a4740d45ef7ea960c	1
UP001152320	UP001152320_206669.fasta.gz	ok	58563cdcd9431819a288cb9560a37cde	1
UP001152622	UP001152622_118154.fasta.gz	ok	a40c338085a2c81f241e61ccb13043d9	1
UP001152795	UP001152795_317549.fasta.gz	ok	307743c845c568b2d48fd82b1ffd43b2	1
UP001152797	UP001152797_2562237.fasta.gz	ok	807169ec7ce16ef72deaee7bf1f4ff4d	1
UP001153069	UP001153069_568900.fasta.gz	ok	62a9f89f024fc1b6207e9d2e87c5e24b	1
UP001157974	UP001157974_101924.fasta.gz	ok	d50b2f6366451d1c421653ed4d4c07e0	1
UP001158576	UP001158576_34765.fasta.gz	ok	b120b134a83c1c2a3787eae8a76a7afb	1
UP001159363	UP001159363_614101.fasta.gz	ok	f3b2ef7a5bf6e1f85a7a507380caac99	1
UP001159405	UP001159405_104759.fasta.gz	ok	f6c54dee8b923c723ad60aeb14f0c3b8	1
UP001162131	UP001162131_1481888.fasta.gz	ok	16571ef892cbb4dcccdc2e558b8510d9	1
UP001162992	UP001162992_34168.fasta.gz	ok	c0dba978706aa0dd9b31a28088742fa1	1
UP001165160	UP001165160_1606542.fasta.gz	ok	a6fc5d70960d4537072fd6703fe066ea	1
UP001165289	UP001165289_111878.fasta.gz	ok	3960a62194b83158606d9f460e5423ba	1
UP001165780	UP001165780_9691.fasta.gz	ok	8632608b979eca4d99dfae79157c9051	1
UP001165960	UP001165960_34485.fasta.gz	ok	dc82613529c63a4667dfdc7a8f91db40	1
UP001166286	UP001166286_184061.fasta.gz	ok	2adc2dfbbdd4157e5c564c1fda548f43	1
UP001174691	UP001174691_91930.fasta.gz	ok	c0389624a6a8220056d41bf0347e15ff	1
UP001174694	UP001174694_41990.fasta.gz	ok	a7256c13b51209e0affb7927040b75df	1
UP001174909	UP001174909_519541.fasta.gz	ok	fd5641f5a1e8587d3d9c44e1faf97007	1
UP001177021	UP001177021_57577.fasta.gz	ok	2b9e4ea0cff7d1ed1fc465b75de2fe5d	1
UP001178508	UP001178508_13765.fasta.gz	ok	31fee25180415f67245018f93988203d	1
UP001180020	UP001180020_4465.fasta.gz	ok	f3bf70d2983723d668d32f50be895c3f	1
UP001186944	UP001186944_66713.fasta.gz	ok	d8dcae6a8f5ba1c028d5898431a1be2f	1
UP001187531	UP001187531_6661.fasta.gz	ok	213c87dd52883e98133cb73431a63f08	1
UP001187682	UP001187682_2041049.fasta.gz	ok	feb7dd66b75ba73fae4ac6f6583199c8	1
UP001188597	UP001188597_1293975.fasta.gz	ok	9d89e432293d3c12ca5c9bfeb3dca542	1
UP001189429	UP001189429_2364126.fasta.gz	ok	14dfcd8171845aded16d029ef6300bda	1
UP001190700	UP001190700_36881.fasta.gz	ok	a95e718d9503a8898c7eaca456f357a0	1
UP001201980	UP001201980_339359.fasta.gz	ok	c2c27efab27e10a35dd2cca00f5879f8	1
UP001208570	UP001208570_53620.fasta.gz	ok	6588f7ee7b88d2b70ea5d895296d505c	1
UP001211065	UP001211065_447962.fasta.gz	ok	7f7e02ed6319ab5e7ac86e559c5fc0a7	1
UP001212841	UP001212841_64517.fasta.gz	ok	1b33d73cfbe027fcf022c79d8c9c418b	1
UP001213799	UP001213799_40994.fasta.gz	ok	b85b828e6b70e6bc759248751252ec1d	1
UP001217089	UP001217089_220873.fasta.gz	ok	42f479b8168b23edb1bf73439ed32f80	1
UP001217918	UP001217918_1825666.fasta.gz	ok	89498fafbe1b55a608930607e0b7b408	1
UP001221898	UP001221898_143900.fasta.gz	ok	1fd652fb9f2b3f6f4d28e0aa360a3754	1
UP001227230	UP001227230_29760.fasta.gz	ok	a454e556c213ac8361a8a0870090922b	1
UP001234297	UP001234297_3435.fasta.gz	ok	42dfb84c20ae7805d9870e9d1a1ef1a6	1
UP001235939	UP001235939_51811.fasta.gz	ok	5deddfbf8e10b27617512b7f5fc9b996	1
UP001241169	UP001241169_1914294.fasta.gz	ok	6e3e7e69f96c826e17b07c551870eb6d	1
UP001244011	UP001244011_1093897.fasta.gz	ok	e7c401cc1736a9c6beb4327b23245f95	1
UP001281761	UP001281761_2049346.fasta.gz	ok	ae6b3ae2eec736e00ce4a9aa5942828e	1
UP001292094	UP001292094_1843537.fasta.gz	ok	b92483b144156d5fd1c7b37d695806d9	1
UP001295684	UP001295684_5936.fasta.gz	ok	bd1d80da7f74d79ab970cf33f7a0816a	1
UP001302367	UP001302367_122368.fasta.gz	ok	8ca001a7fe15c4486bb9f348c208134f	1
UP001314229	UP001314229_13677.fasta.gz	ok	6dd8fda7294921561fd50e4bba58c9cd	1
UP001333110	UP001333110_33587.fasta.gz	ok	8c4971bbcd0b23ce2af3213c231ae407	1
UP001359485	UP001359485_468196.fasta.gz	ok	0d63197ed22ef99af4a0ed589a70e0af	1
UP001360560	UP001360560_43959.fasta.gz	ok	60a8ee4f5baab34edd627281f047c95b	1
UP001369086	UP001369086_61971.fasta.gz	ok	d510866c2c9b7fab85a289e966d4e471	1
UP001370490	UP001370490_194707.fasta.gz	ok	4b7b207ca7a01356d1581937bed680d3	1
UP001374579	UP001374579_31220.fasta.gz	ok	03231f85ae75a121c9fbd7c9c41e41d4	1
UP001375240	UP001375240_3140254.fasta.gz	ok	935794d66684afef09c1472ff84204f8	1
UP001378592	UP001378592_2509291.fasta.gz	ok	26e7d81de0e92fcb265c44e8c83c3682	1
UP001390339	UP001390339_335852.fasta.gz	ok	bfe59b20d39b3899ea3fa06e7c27a907	1
UP001439008	UP001439008_126728.fasta.gz	ok	835f02d8b3993434994e6dc25db5f72b	1
UP001454036	UP001454036_34254.fasta.gz	ok	78312f26ea14ff99bb6a2b8be30a4ae7	1
UP001470230	UP001470230_1915356.fasta.gz	ok	44170a964f75592a9b2afc18db9d6303	1
UP001477159	UP001477159_1546026.fasta.gz	ok	e083137a0fad63a212b45beb5ffee16c	1
UP001488805	UP001488805_48416.fasta.gz	ok	73e895c3aa9a3f4def83abf176213114	1
UP001489004	UP001489004_41462.fasta.gz	ok	578d545c3c60b24bdea2020eee154459	1
UP001497382	UP001497382_280406.fasta.gz	ok	accec1884025f5864792c8325bbc303e	1
UP001497482	UP001497482_637954.fasta.gz	ok	8b4cc1f749ff2e404b192167c1b9c837	1
UP001497512	UP001497512_128251.fasta.gz	ok	fbdc54ef6d82f4792ef056f88b0a5260	1
UP001497623	UP001497623_48144.fasta.gz	ok	00e8d852387ecab8387180dc5303e7ef	1
UP001497680	UP001497680_110542.fasta.gz	ok	20d48eee8e2843166a8964a05fc54ca0	1
UP001501920	UP001501920_42514.fasta.gz	ok	4c395a3fe58899f264846714e5946436	1
UP001515480	UP001515480_97485.fasta.gz	ok	55c97f115e6f487d8be2135495c28716	1
UP001515500	UP001515500_55577.fasta.gz	ok	34bda86d7e23b3fc02ab9af180e1206f	1
UP001516023	UP001516023_29204.fasta.gz	ok	94f06a4315022f6ec6ddc988587bffbc	1
UP001583186	UP001583186_5173.fasta.gz	ok	f9cad178664630f103c74cabfa15f03d	1
UP001623348	UP001623348_30415.fasta.gz	ok	2d3da0f86477a0898ffdeb76f9aee546	1
UP001626550	UP001626550_1844966.fasta.gz	ok	cbe71b20fa0c94908471c45391223227	1
UP001628179	UP001628179_1157608.fasta.gz	ok	6b9ec4af338b8b2f00aec76780a4d905	1
UP001634007	UP001634007_34317.fasta.gz	ok	d4d40833c35cdbd91ec20ac31b73da55	1
UP001634394	UP001634394_1069815.fasta.gz	ok	cba9dee0f8f35b39cadd4f2f5f63ad44	1
UP001642360	UP001642360_185542.fasta.gz	ok	31c84b5290087052870c49aba27fb871	1
UP001642409	UP001642409_28002.fasta.gz	ok	5efb683f79fb4dc83ff49d107d960ee8	1
UP001642483	UP001642483_159417.fasta.gz	ok	537351258163ebbdccab4abc32d0e39d	1
UP001642520	UP001642520_135666.fasta.gz	ok	5d5d24a70650702a007f0e0070a6528b	1
UP001642540	UP001642540_48710.fasta.gz	ok	0cf31cda43e5580e6ed610eaa42b293c	1
UP001648503	UP001648503_1357716.fasta.gz	ok	dd27c08c77765106728f6ea61a78cfab	1
UP001652623	UP001652623_326968.fasta.gz	ok	fac8badcd4a24d831bda6a970b56e923	1
UP001652624	UP001652624_9365.fasta.gz	ok	3e8a66f0be976a85e2ee691fd0962f1d	1
UP001652625	UP001652625_6087.fasta.gz	ok	c86aca2a3acddd47e4475aa2b8bed8fa	1
UP001652627	UP001652627_2696672.fasta.gz	ok	6c98f09619cae1312fbbb610b7006ed9	1
UP001652660	UP001652660_13443.fasta.gz	ok	7d191256c4bce5083b749b7fac327cce	1
UP001652662	UP001652662_9798.fasta.gz	ok	34d11bfb07ed9875629640f08b87eb92	1
UP001652663	UP001652663_9915.fasta.gz	ok	9d91d8921eb5f3068bb6ab6ce080b0f1	1
UP001652741	UP001652741_8030.fasta.gz	ok	80f8e09aae665ef2aaff7fe592a4bc77	1
UP001697639	UP001697639_2302425.fasta.gz	ok	2454dc89063e5900793c9ef3b4e97490	1
UP001701531	UP001701531_2728915.fasta.gz	ok	f7fc1bae1969f2903e1c20c6b02c90b2	1
UP001724931	UP001724931_13268.fasta.gz	ok	08867023b1197069d89d35050f38b744	1
UP001729289	UP001729289_27923.fasta.gz	ok	e4f60400eba473afe5e7f635adc9299c	1
UP001730760	UP001730760_300641.fasta.gz	ok	cc58601937f3c55261a4fafd56691ab9	1
UP001730802	UP001730802_69944.fasta.gz	ok	4bcdcb83c86adb670769747a30075740	1
UP001730806	UP001730806_107463.fasta.gz	ok	43fd79eebac5ac955f87dc6824273b64	1
UP001732271	UP001732271_8467.fasta.gz	ok	85835301bd50dbd099203f188a7a095b	1
UP001735300	UP001735300_7757.fasta.gz	ok	eb594a2275807b4aa9c3b64ef9f4848e	1
UP001735580	UP001735580_6945.fasta.gz	ok	9d683a9dfe6de1dc0dbf37826c63424d	1
