superfamily	group	proteome_rows	domain_enumeration_frac	domain_call_frac
abc_channel	vertebrate	13	1.0	1.0
bestrophin	deuterostome	5	1.0	1.0
bestrophin	invertebrate	52	1.0	1.0
bestrophin	prokaryote	2	0.0	0.0
bestrophin	vertebrate	41	1.0	1.0
ca_release	basal_metazoan	9	1.0	0.2222
ca_release	ciliate	17	1.0	0.0
ca_release	cnidarian	2	1.0	0.0
ca_release	deuterostome	7	1.0	0.4286
ca_release	holozoa	6	1.0	0.1667
ca_release	invertebrate	16	1.0	0.3125
ca_release	vertebrate	77	1.0	0.4805
calhm	cnidarian	3	1.0	1.0
calhm	deuterostome	2	1.0	1.0
calhm	invertebrate	1	1.0	1.0
calhm	vertebrate	74	1.0	1.0
clc	basal_metazoan	2	1.0	0.0
clc	deuterostome	3	1.0	0.0
clc	holozoa	4	1.0	0.0
clc	invertebrate	12	1.0	0.0
clc	vertebrate	47	1.0	0.0
clic	algae	1	0.0	0.0
clic	basal_metazoan	2	0.0	0.0
clic	ciliate	4	0.0	0.0
clic	cnidarian	6	0.5	0.5
clic	deuterostome	5	0.8	0.8
clic	holozoa	1	0.0	0.0
clic	invertebrate	14	0.6429	0.6429
clic	plant	9	0.0	0.0
clic	vertebrate	75	0.9867	0.9867
connexin	deuterostome	14	1.0	1.0
connexin	vertebrate	379	1.0	1.0
cysloop	algae	1	1.0	0.0
cysloop	cnidarian	57	1.0	0.0
cysloop	deuterostome	193	1.0	0.0
cysloop	invertebrate	247	0.996	0.0
cysloop	prokaryote	1	1.0	0.0
cysloop	vertebrate	609	0.9984	0.0
deg_enac	basal_metazoan	23	1.0	0.0
deg_enac	cnidarian	22	1.0	0.0
deg_enac	deuterostome	38	1.0	0.0
deg_enac	invertebrate	51	1.0	0.0
deg_enac	vertebrate	97	1.0	0.0
gphr	algae	1	1.0	1.0
gphr	amoebozoa	1	1.0	1.0
gphr	apicomplexa	2	1.0	0.5
gphr	basal_metazoan	3	1.0	1.0
gphr	ciliate	2	1.0	1.0
gphr	cnidarian	2	1.0	1.0
gphr	deuterostome	2	1.0	1.0
gphr	excavate	1	1.0	1.0
gphr	fungi	1	1.0	1.0
gphr	holozoa	2	1.0	1.0
gphr	invertebrate	6	1.0	1.0
gphr	plant	3	1.0	1.0
gphr	vertebrate	14	1.0	1.0
hv	deuterostome	2	0.0	0.0
hv	invertebrate	8	0.0	0.0
hv	vertebrate	13	0.6154	0.6154
iglur	cnidarian	5	1.0	0.0
iglur	deuterostome	10	1.0	0.0
iglur	invertebrate	22	1.0	0.0
iglur	plant	36	1.0	0.0
iglur	prokaryote	1	1.0	1.0
iglur	vertebrate	250	1.0	0.0
innexin_like	cnidarian	1	1.0	1.0
innexin_like	deuterostome	4	0.25	0.0
innexin_like	invertebrate	73	1.0	0.0
innexin_like	vertebrate	136	0.9632	0.7132
mclc	deuterostome	2	1.0	1.0
mclc	invertebrate	3	1.0	1.0
mclc	vertebrate	13	1.0	1.0
mcu	basal_metazoan	1	1.0	1.0
mcu	ciliate	1	1.0	1.0
mcu	cnidarian	2	1.0	1.0
mcu	deuterostome	3	1.0	1.0
mcu	holozoa	2	1.0	1.0
mcu	invertebrate	7	1.0	1.0
mcu	vertebrate	24	1.0	1.0
mitok	deuterostome	1	0.0	0.0
mitok	invertebrate	1	0.0	0.0
mitok	vertebrate	12	0.0	0.0
msc	algae	2	1.0	0.0
msc	amoebozoa	1	1.0	0.0
msc	apicomplexa	1	1.0	0.0
msc	basal_metazoan	1	1.0	0.0
msc	fungi	2	1.0	0.0
msc	holozoa	3	1.0	0.0
msc	plant	29	1.0	0.0
msc	prokaryote	33	1.0	0.2424
orai	basal_metazoan	2	1.0	1.0
orai	cnidarian	2	1.0	1.0
orai	deuterostome	3	1.0	1.0
orai	holozoa	2	1.0	1.0
orai	invertebrate	7	1.0	1.0
orai	vertebrate	36	1.0	1.0
otopetrin	cnidarian	3	1.0	1.0
otopetrin	deuterostome	7	1.0	1.0
otopetrin	invertebrate	25	1.0	1.0
otopetrin	vertebrate	40	1.0	1.0
p2x	amoebozoa	5	1.0	0.0
p2x	basal_metazoan	4	1.0	0.0
p2x	cnidarian	4	1.0	0.0
p2x	deuterostome	4	1.0	0.0
p2x	holozoa	3	1.0	0.0
p2x	invertebrate	5	1.0	0.0
p2x	vertebrate	92	1.0	0.0
pac	basal_metazoan	1	1.0	1.0
pac	vertebrate	12	1.0	1.0
piezo	amoebozoa	1	1.0	0.0
piezo	basal_metazoan	2	1.0	1.0
piezo	cnidarian	1	1.0	1.0
piezo	deuterostome	2	1.0	1.0
piezo	holozoa	1	1.0	1.0
piezo	invertebrate	5	1.0	0.6
piezo	vertebrate	32	1.0	1.0
ploop	algae	9	1.0	0.4444
ploop	amoebozoa	6	0.8333	0.5
ploop	basal_metazoan	46	0.8913	0.3913
ploop	ciliate	233	0.9614	0.0558
ploop	cnidarian	155	0.9871	0.3484
ploop	deuterostome	258	0.9922	0.4109
ploop	holozoa	15	1.0	0.3333
ploop	invertebrate	333	0.988	0.6186
ploop	plant	27	1.0	0.5556
ploop	prokaryote	5	0.8	0.0
ploop	vertebrate	1799	0.9961	0.6492
porin	algae	3	1.0	1.0
porin	amoebozoa	2	1.0	1.0
porin	apicomplexa	1	1.0	1.0
porin	basal_metazoan	6	1.0	1.0
porin	cnidarian	4	1.0	1.0
porin	deuterostome	6	1.0	1.0
porin	excavate	1	0.0	0.0
porin	fungi	5	1.0	1.0
porin	holozoa	4	1.0	1.0
porin	invertebrate	17	1.0	1.0
porin	plant	23	1.0	1.0
porin	vertebrate	68	1.0	1.0
tmco1	algae	1	1.0	0.0
tmco1	amoebozoa	1	1.0	0.0
tmco1	apicomplexa	1	1.0	0.0
tmco1	basal_metazoan	2	1.0	0.0
tmco1	ciliate	3	1.0	0.0
tmco1	cnidarian	2	1.0	0.0
tmco1	deuterostome	3	1.0	0.0
tmco1	holozoa	1	1.0	0.0
tmco1	invertebrate	6	1.0	0.0
tmco1	plant	4	1.0	0.0
tmco1	vertebrate	12	1.0	0.0
tmem109	vertebrate	11	1.0	0.0
tmem16_like	algae	10	1.0	0.8
tmem16_like	amoebozoa	3	1.0	1.0
tmem16_like	apicomplexa	1	1.0	0.0
tmem16_like	basal_metazoan	11	1.0	0.6364
tmem16_like	ciliate	33	1.0	0.0
tmem16_like	cnidarian	18	1.0	0.4444
tmem16_like	deuterostome	22	1.0	0.5455
tmem16_like	fungi	8	1.0	0.75
tmem16_like	holozoa	9	0.8889	0.6667
tmem16_like	invertebrate	44	0.9091	0.5227
tmem16_like	plant	44	1.0	0.8864
tmem16_like	vertebrate	288	1.0	0.4896
tmem175	basal_metazoan	1	1.0	1.0
tmem175	cnidarian	24	1.0	1.0
tmem175	deuterostome	6	1.0	1.0
tmem175	holozoa	1	1.0	1.0
tmem175	vertebrate	11	1.0	1.0
tmem87	basal_metazoan	1	1.0	0.0
tmem87	cnidarian	2	1.0	0.0
tmem87	deuterostome	3	1.0	0.0
tmem87	fungi	1	1.0	0.0
tmem87	holozoa	2	1.0	0.0
tmem87	invertebrate	6	1.0	0.0
tmem87	vertebrate	17	1.0	0.0
tric	algae	1	1.0	1.0
tric	basal_metazoan	2	1.0	1.0
tric	cnidarian	2	1.0	1.0
tric	deuterostome	4	1.0	1.0
tric	holozoa	1	1.0	1.0
tric	invertebrate	10	1.0	1.0
tric	vertebrate	25	1.0	1.0
tweety	amoebozoa	2	0.5	0.5
tweety	basal_metazoan	1	1.0	1.0
tweety	cnidarian	2	1.0	1.0
tweety	deuterostome	3	1.0	1.0
tweety	holozoa	3	1.0	1.0
tweety	invertebrate	6	1.0	1.0
tweety	plant	1	0.0	0.0
tweety	vertebrate	42	1.0	1.0
viroporin	virus	3	0.0	0.0
