family	superfamily	n	n_domain_call	cum_domain_call	n_domain_enumeration	cum_domain_enumeration	n_profile	cum_profile	n_genome	cum_genome
ampa	iglur	62	0	0.0	58	0.9355	0	0.9355	4	1.0
ano_channel	tmem16_like	31	0	0.0	29	0.9355	0	0.9355	2	1.0
ano_scramblase	tmem16_like	187	0	0.0	178	0.9519	0	0.9519	9	1.0
asic	deg_enac	187	0	0.0	182	0.9733	0	0.9733	5	1.0
bestrophin	bestrophin	103	98	0.9515	0	0.9515	2	0.9709	3	1.0
calhm	calhm	82	80	0.9756	0	0.9756	0	0.9756	2	1.0
catsper	ploop	41	0	0.0	40	0.9756	0	0.9756	1	1.0
cav	ploop	201	158	0.7861	39	0.9801	0	0.9801	4	1.0
cftr	abc_channel	14	13	0.9286	0	0.9286	0	0.9286	1	1.0
clc_channel	clc	72	0	0.0	68	0.9444	0	0.9444	4	1.0
clcc1	mclc	18	18	1.0	0	1.0	0	1.0	0	1.0
clic	clic	125	90	0.72	0	0.72	27	0.936	8	1.0
cng	ploop	313	65	0.2077	231	0.9457	10	0.9776	7	1.0
connexin	connexin	406	393	0.968	0	0.968	0	0.968	13	1.0
deg_invertebrate	deg_enac	12	0	0.0	10	0.8333	0	0.8333	2	1.0
delta_glur	iglur	32	0	0.0	29	0.9062	0	0.9062	3	1.0
enac	deg_enac	41	0	0.0	39	0.9512	0	0.9512	2	1.0
gabaa	cysloop	281	0	0.0	267	0.9502	0	0.9502	14	1.0
glyr	cysloop	65	0	0.0	62	0.9538	0	0.9538	3	1.0
gphr	gphr	40	39	0.975	1	1.0	0	1.0	0	1.0
hcn	ploop	64	55	0.8594	4	0.9219	0	0.9219	5	1.0
ht3	cysloop	52	0	0.0	50	0.9615	1	0.9808	1	1.0
hv1	hv	26	8	0.3077	0	0.3077	15	0.8846	3	1.0
iglur_nonvertebrate	iglur	38	0	0.0	38	1.0	0	1.0	0	1.0
iglur_prok	iglur	1	1	1.0	0	1.0	0	1.0	0	1.0
innexin	innexin_like	82	0	0.0	73	0.8902	0	0.8902	9	1.0
itpr	ca_release	89	0	0.0	86	0.9663	0	0.9663	3	1.0
k2p	ploop	380	348	0.9158	11	0.9447	1	0.9474	20	1.0
kainate	iglur	79	0	0.0	75	0.9494	0	0.9494	4	1.0
kca_sk	ploop	80	67	0.8375	7	0.925	0	0.925	6	1.0
kca_slo	ploop	106	101	0.9528	0	0.9528	0	0.9528	5	1.0
kcsa_prok	ploop	4	0	0.0	3	0.75	1	1.0	0	1.0
kir	ploop	299	277	0.9264	3	0.9365	2	0.9431	17	1.0
kv_eag	ploop	158	120	0.7595	32	0.962	0	0.962	6	1.0
kv_kcnq	ploop	97	86	0.8866	3	0.9175	0	0.9175	8	1.0
kv_modifier	ploop	90	0	0.0	85	0.9444	0	0.9444	5	1.0
kv_shaker	ploop	313	0	0.0	299	0.9553	0	0.9553	14	1.0
lrrc8	innexin_like	102	98	0.9608	0	0.9608	0	0.9608	4	1.0
mcu	mcu	43	40	0.9302	0	0.9302	0	0.9302	3	1.0
mitok	mitok	14	0	0.0	0	0.0	14	1.0	0	1.0
mscl	msc	6	6	1.0	0	1.0	0	1.0	0	1.0
mscs	msc	67	2	0.0299	64	0.9851	0	0.9851	1	1.0
nachr	cysloop	726	0	0.0	714	0.9835	0	0.9835	12	1.0
nalcn	ploop	24	16	0.6667	5	0.875	0	0.875	3	1.0
nav	ploop	138	108	0.7826	26	0.971	0	0.971	4	1.0
nmda	iglur	131	0	0.0	123	0.9389	0	0.9389	8	1.0
orai	orai	54	52	0.963	0	0.963	0	0.963	2	1.0
osca_tmem63	tmem16_like	143	112	0.7832	26	0.965	1	0.972	4	1.0
otop	otopetrin	81	75	0.9259	0	0.9259	0	0.9259	6	1.0
p2x	p2x	114	0	0.0	108	0.9474	0	0.9474	6	1.0
p2x_nonmetazoan	p2x	10	0	0.0	9	0.9	0	0.9	1	1.0
pacc	pac	13	13	1.0	0	1.0	0	1.0	0	1.0
pannexin	innexin_like	46	0	0.0	35	0.7609	8	0.9348	3	1.0
piezo	piezo	45	41	0.9111	3	0.9778	0	0.9778	1	1.0
plgic_invertebrate	cysloop	7	0	0.0	7	1.0	0	1.0	0	1.0
plgic_prok	cysloop	5	0	0.0	4	0.8	1	1.0	0	1.0
ryr	ca_release	56	48	0.8571	0	0.8571	0	0.8571	8	1.0
tmc	tmem16_like	149	141	0.9463	0	0.9463	4	0.9732	4	1.0
tmco1	tmco1	36	0	0.0	36	1.0	0	1.0	0	1.0
tmem109	tmem109	11	0	0.0	11	1.0	0	1.0	0	1.0
tmem175	tmem175	45	43	0.9556	0	0.9556	0	0.9556	2	1.0
tmem87	tmem87	32	0	0.0	32	1.0	0	1.0	0	1.0
tpc	ploop	100	0	0.0	96	0.96	0	0.96	4	1.0
tric	tric	48	45	0.9375	0	0.9375	0	0.9375	3	1.0
trpa	ploop	49	0	0.0	42	0.8571	3	0.9184	4	1.0
trpc	ploop	174	97	0.5575	63	0.9195	2	0.931	12	1.0
trpm	ploop	145	20	0.1379	120	0.9655	0	0.9655	5	1.0
trpml	ploop	62	55	0.8871	0	0.8871	3	0.9355	4	1.0
trpn	ploop	19	0	0.0	12	0.6316	1	0.6842	6	1.0
trpp	ploop	65	19	0.2923	42	0.9385	0	0.9385	4	1.0
trpv	ploop	115	0	0.0	100	0.8696	8	0.9391	7	1.0
tweety	tweety	63	58	0.9206	0	0.9206	2	0.9524	3	1.0
vdac	porin	146	139	0.9521	0	0.9521	1	0.9589	6	1.0
viroporin	viroporin	3	0	0.0	0	0.0	3	1.0	0	1.0
zac	cysloop	2	0	0.0	2	1.0	0	1.0	0	1.0
