hgnc_id	symbol	catalogue_symbol	resolved_by	family	superfamily	status	category	gtopdb	hgnc	uniprot	n_lists	gtopdb_group	hgnc_group
HGNC:100	ASIC1	ASIC1	symbol	asic	deg_enac	CHANNEL	pore_census	1	1	1	3	Acid-sensing (proton-gated) ion channels (ASICs)	Acid sensing ion channel subunits
HGNC:101	ASIC3	ASIC3	symbol	asic	deg_enac	CHANNEL	pore_census	1	1	1	3	Acid-sensing (proton-gated) ion channels (ASICs)	Acid sensing ion channel subunits
HGNC:10483	RYR1	RYR1	symbol	ryr	ca_release	CHANNEL	pore_census	1	1	1	3	Ryanodine receptors (RyR)	Ryanodine receptors
HGNC:10484	RYR2	RYR2	symbol	ryr	ca_release	CHANNEL	pore_census	1	1	1	3	Ryanodine receptors (RyR)	Ryanodine receptors
HGNC:10485	RYR3	RYR3	symbol	ryr	ca_release	CHANNEL	pore_census	1	1	1	3	Ryanodine receptors (RyR)	Ryanodine receptors
HGNC:10582	SCN10A	SCN10A	symbol	nav	ploop	CHANNEL	pore_census	1	1	1	3	Voltage-gated sodium channels (NaV)	Sodium voltage-gated channel alpha subunits
HGNC:10583	SCN11A	SCN11A	symbol	nav	ploop	CHANNEL	pore_census	1	1	1	3	Voltage-gated sodium channels (NaV)	Sodium voltage-gated channel alpha subunits
HGNC:10585	SCN1A	SCN1A	symbol	nav	ploop	CHANNEL	pore_census	1	1	1	3	Voltage-gated sodium channels (NaV)	Sodium voltage-gated channel alpha subunits
HGNC:10586	SCN1B	SCN1B	symbol	assoc_nav_beta	ploop	CHANNEL_ASSOCIATED	auxiliary	0	1	0	1		Sodium voltage-gated channel beta subunits
HGNC:10588	SCN2A	SCN2A	symbol	nav	ploop	CHANNEL	pore_census	1	1	1	3	Voltage-gated sodium channels (NaV)	Sodium voltage-gated channel alpha subunits
HGNC:10589	SCN2B	SCN2B	symbol	assoc_nav_beta	ploop	CHANNEL_ASSOCIATED	auxiliary	0	1	0	1		Sodium voltage-gated channel beta subunits
HGNC:10590	SCN3A	SCN3A	symbol	nav	ploop	CHANNEL	pore_census	1	1	1	3	Voltage-gated sodium channels (NaV)	Sodium voltage-gated channel alpha subunits
HGNC:10591	SCN4A	SCN4A	symbol	nav	ploop	CHANNEL	pore_census	1	1	1	3	Voltage-gated sodium channels (NaV)	Sodium voltage-gated channel alpha subunits
HGNC:10592	SCN4B	SCN4B	symbol	assoc_nav_beta	ploop	CHANNEL_ASSOCIATED	auxiliary	0	1	0	1		Sodium voltage-gated channel beta subunits
HGNC:10593	SCN5A	SCN5A	symbol	nav	ploop	CHANNEL	pore_census	1	1	1	3	Voltage-gated sodium channels (NaV)	Sodium voltage-gated channel alpha subunits
HGNC:10594	SCN7A	SCN7A	symbol	nav	ploop	CHANNEL	pore_census	0	0	0	0		
HGNC:10596	SCN8A	SCN8A	symbol	nav	ploop	CHANNEL	pore_census	1	1	1	3	Voltage-gated sodium channels (NaV)	Sodium voltage-gated channel alpha subunits
HGNC:10597	SCN9A	SCN9A	symbol	nav	ploop	CHANNEL	pore_census	1	1	1	3	Voltage-gated sodium channels (NaV)	Sodium voltage-gated channel alpha subunits
HGNC:10599	SCNN1A	SCNN1A	symbol	enac	deg_enac	CHANNEL	pore_census	1	1	1	3	Epithelial sodium channel (ENaC)	Sodium channels epithelial
HGNC:10600	SCNN1B	SCNN1B	symbol	enac	deg_enac	CHANNEL	pore_census	1	1	1	3	Epithelial sodium channel (ENaC)	Sodium channels epithelial
HGNC:10601	SCNN1D	SCNN1D	symbol	enac	deg_enac	CHANNEL	pore_census	1	1	1	3	Epithelial sodium channel (ENaC)	Sodium channels epithelial
HGNC:10602	SCNN1G	SCNN1G	symbol	enac	deg_enac	CHANNEL	pore_census	1	1	1	3	Epithelial sodium channel (ENaC)	Sodium channels epithelial
HGNC:10993	SLC26A1	SLC26A1	symbol	transporter_slc26		TRANSPORTER	transporter	0	0	1	1		
HGNC:10994	SLC26A2	SLC26A2	symbol	transporter_slc26		TRANSPORTER	transporter	0	0	0	0		
HGNC:11386	STIM1	STIM1	symbol	assoc_stim	orai	CHANNEL_ASSOCIATED	auxiliary	0	0	0	0		
HGNC:1183	ANO2	ANO2	symbol	ano_channel	tmem16_like	CHANNEL	pore_census	0	1	1	2		Anoctamins
HGNC:12023	TPTE	TPTE	symbol	nonchannel_vsp	hv	NON_CHANNEL_HOMOLOG	non_channel_homolog	0	0	0	0		
HGNC:12333	TRPC1	TRPC1	symbol	trpc	ploop	CHANNEL	pore_census	1	1	1	3	Transient Receptor Potential channels (TRP)	Transient receptor potential cation channel subfamily C
HGNC:12334	TRPC2						uncatalogued	1	1	0	2	Transient Receptor Potential channels (TRP)	Transient receptor potential cation channel subfamily C
HGNC:12335	TRPC3	TRPC3	symbol	trpc	ploop	CHANNEL	pore_census	1	1	1	3	Transient Receptor Potential channels (TRP)	Transient receptor potential cation channel subfamily C
HGNC:12336	TRPC4	TRPC4	symbol	trpc	ploop	CHANNEL	pore_census	1	1	1	3	Transient Receptor Potential channels (TRP)	Transient receptor potential cation channel subfamily C
HGNC:12337	TRPC5	TRPC5	symbol	trpc	ploop	CHANNEL	pore_census	1	1	1	3	Transient Receptor Potential channels (TRP)	Transient receptor potential cation channel subfamily C
HGNC:12338	TRPC6	TRPC6	symbol	trpc	ploop	CHANNEL	pore_census	1	1	1	3	Transient Receptor Potential channels (TRP)	Transient receptor potential cation channel subfamily C
HGNC:12339	TRPM2	TRPM2	symbol	trpm	ploop	CHANNEL	pore_census	1	1	1	3	Transient Receptor Potential channels (TRP)	Transient receptor potential cation channel subfamily M
HGNC:12517	UCP1						uncatalogued	0	0	1	1		
HGNC:12669	VDAC1	VDAC1	symbol	vdac	porin	CHANNEL	pore_census	0	1	0	1		Voltage dependent anion channels
HGNC:12672	VDAC2	VDAC2	symbol	vdac	porin	CHANNEL	pore_census	0	1	0	1		Voltage dependent anion channels
HGNC:12674	VDAC3	VDAC3	symbol	vdac	porin	CHANNEL	pore_census	0	1	0	1		Voltage dependent anion channels
HGNC:12703	BEST1	BEST1	symbol	bestrophin	bestrophin	CHANNEL	pore_census	0	1	1	2		Bestrophins
HGNC:12716	TRPV1	TRPV1	symbol	trpv	ploop	CHANNEL	pore_census	1	1	1	3	Transient Receptor Potential channels (TRP)	Transient receptor potential cation channel subfamily V
HGNC:12722	VSNL1	VSNL1	symbol	nonchannel_ncs	ploop	NON_CHANNEL_HOMOLOG	non_channel_homolog	0	0	0	0		
HGNC:13311	GSDMA	GSDMA	symbol	nonchannel_gasdermin		NON_CHANNEL_HOMOLOG	non_channel_homolog	0	0	0	0		
HGNC:13356	MCOLN1	MCOLN1	symbol	trpml	ploop	CHANNEL	pore_census	1	1	1	3	Transient Receptor Potential channels (TRP)	Mucolipin TRP cation channel family
HGNC:13357	MCOLN2	MCOLN2	symbol	trpml	ploop	CHANNEL	pore_census	1	1	1	3	Transient Receptor Potential channels (TRP)	Mucolipin TRP cation channel family
HGNC:13358	MCOLN3	MCOLN3	symbol	trpml	ploop	CHANNEL	pore_census	1	1	1	3	Transient Receptor Potential channels (TRP)	Mucolipin TRP cation channel family
HGNC:13476	TTYH1	TTYH1	symbol	tweety	tweety	CHANNEL_CONTESTED	pore_census	0	0	1	1		
HGNC:13517	CLIC5	CLIC5	symbol	clic	clic	CHANNEL_CONTESTED	pore_census	0	0	1	1		
HGNC:13518	CLIC4	CLIC4	symbol	clic	clic	CHANNEL_CONTESTED	pore_census	0	0	1	1		
HGNC:13625	CACNG6	CACNG6	symbol	assoc_cav_aux	ploop	CHANNEL_ASSOCIATED	auxiliary	0	1	1	2		Calcium channel auxiliary gamma subunits
HGNC:13626	CACNG7	CACNG7	symbol	assoc_cav_aux	ploop	CHANNEL_ASSOCIATED	auxiliary	0	1	1	2		Calcium channel auxiliary gamma subunits
HGNC:13628	CACNG8	CACNG8	symbol	assoc_cav_aux	ploop	CHANNEL_ASSOCIATED	auxiliary	0	1	1	2		Calcium channel auxiliary gamma subunits
HGNC:13800	CHRNA10	CHRNA10	symbol	nachr	cysloop	CHANNEL	pore_census	1	1	1	3	Nicotinic acetylcholine receptors (nACh)	Cholinergic receptors nicotinic subunits
HGNC:13814	KCNK15	KCNK15	symbol	k2p	ploop	CHANNEL	pore_census	1	1	1	3	Two-pore domain potassium channels (K2P)	Potassium two pore domain channel subfamily K
HGNC:13823	NETO1	NETO1	symbol	assoc_iglur_aux	iglur	CHANNEL_ASSOCIATED	auxiliary	0	0	0	0		
HGNC:13840	GPHRB	GPHRB	symbol	gphr	gphr	CHANNEL_CONTESTED	pore_census	0	0	1	1		
HGNC:13877	TTYH2	TTYH2	symbol	tweety	tweety	CHANNEL_CONTESTED	pore_census	0	0	1	1		
HGNC:1388	CACNA1A	CACNA1A	symbol	cav	ploop	CHANNEL	pore_census	1	1	1	3	Voltage-gated calcium channels (CaV)	Calcium voltage-gated channel alpha1 subunits
HGNC:1389	CACNA1B	CACNA1B	symbol	cav	ploop	CHANNEL	pore_census	1	1	1	3	Voltage-gated calcium channels (CaV)	Calcium voltage-gated channel alpha1 subunits
HGNC:1390	CACNA1C	CACNA1C	symbol	cav	ploop	CHANNEL	pore_census	1	1	1	3	Voltage-gated calcium channels (CaV)	Calcium voltage-gated channel alpha1 subunits
HGNC:1391	CACNA1D	CACNA1D	symbol	cav	ploop	CHANNEL	pore_census	1	1	1	3	Voltage-gated calcium channels (CaV)	Calcium voltage-gated channel alpha1 subunits
HGNC:1392	CACNA1E	CACNA1E	symbol	cav	ploop	CHANNEL	pore_census	1	1	1	3	Voltage-gated calcium channels (CaV)	Calcium voltage-gated channel alpha1 subunits
HGNC:1393	CACNA1F	CACNA1F	symbol	cav	ploop	CHANNEL	pore_census	1	1	1	3	Voltage-gated calcium channels (CaV)	Calcium voltage-gated channel alpha1 subunits
HGNC:1394	CACNA1G	CACNA1G	symbol	cav	ploop	CHANNEL	pore_census	1	1	1	3	Voltage-gated calcium channels (CaV)	Calcium voltage-gated channel alpha1 subunits
HGNC:1395	CACNA1H	CACNA1H	symbol	cav	ploop	CHANNEL	pore_census	1	1	1	3	Voltage-gated calcium channels (CaV)	Calcium voltage-gated channel alpha1 subunits
HGNC:1396	CACNA1I	CACNA1I	symbol	cav	ploop	CHANNEL	pore_census	1	1	1	3	Voltage-gated calcium channels (CaV)	Calcium voltage-gated channel alpha1 subunits
HGNC:1397	CACNA1S	CACNA1S	symbol	cav	ploop	CHANNEL	pore_census	1	1	1	3	Voltage-gated calcium channels (CaV)	Calcium voltage-gated channel alpha1 subunits
HGNC:1399	CACNA2D1	CACNA2D1	symbol	assoc_cav_aux	ploop	CHANNEL_ASSOCIATED	auxiliary	0	1	1	2		Calcium voltage-gated channel auxiliary alpha2delta subunits
HGNC:1400	CACNA2D2	CACNA2D2	symbol	assoc_cav_aux	ploop	CHANNEL_ASSOCIATED	auxiliary	0	1	1	2		Calcium voltage-gated channel auxiliary alpha2delta subunits
HGNC:14004	ANO3	ANO3	symbol	ano_scramblase	tmem16_like	CHANNEL_CONTESTED	pore_census	0	1	0	1		Anoctamins
HGNC:14006	TRPV6	TRPV6	symbol	trpv	ploop	CHANNEL	pore_census	1	1	1	3	Transient Receptor Potential channels (TRP)	Transient receptor potential cation channel subfamily V
HGNC:1401	CACNB1	CACNB1	symbol	assoc_cav_aux	ploop	CHANNEL_ASSOCIATED	auxiliary	0	1	1	2		Calcium voltage-gated channel auxiliary beta subunits
HGNC:1402	CACNB2	CACNB2	symbol	assoc_cav_aux	ploop	CHANNEL_ASSOCIATED	auxiliary	0	1	1	2		Calcium voltage-gated channel auxiliary beta subunits
HGNC:1403	CACNB3	CACNB3	symbol	assoc_cav_aux	ploop	CHANNEL_ASSOCIATED	auxiliary	0	1	1	2		Calcium voltage-gated channel auxiliary beta subunits
HGNC:1404	CACNB4	CACNB4	symbol	assoc_cav_aux	ploop	CHANNEL_ASSOCIATED	auxiliary	0	1	1	2		Calcium voltage-gated channel auxiliary beta subunits
HGNC:1405	CACNG1	CACNG1	symbol	assoc_cav_aux	ploop	CHANNEL_ASSOCIATED	auxiliary	0	1	1	2		Calcium channel auxiliary gamma subunits
HGNC:1406	CACNG2	CACNG2	symbol	assoc_cav_aux	ploop	CHANNEL_ASSOCIATED	auxiliary	0	1	1	2		Calcium channel auxiliary gamma subunits
HGNC:1407	CACNG3	CACNG3	symbol	assoc_cav_aux	ploop	CHANNEL_ASSOCIATED	auxiliary	0	1	1	2		Calcium channel auxiliary gamma subunits
HGNC:14079	CHRNA9	CHRNA9	symbol	nachr	cysloop	CHANNEL	pore_census	1	1	1	3	Nicotinic acetylcholine receptors (nACh)	Cholinergic receptors nicotinic subunits
HGNC:1408	CACNG4	CACNG4	symbol	assoc_cav_aux	ploop	CHANNEL_ASSOCIATED	auxiliary	0	1	1	2		Calcium channel auxiliary gamma subunits
HGNC:1409	CACNG5	CACNG5	symbol	assoc_cav_aux	ploop	CHANNEL_ASSOCIATED	auxiliary	0	1	0	1		Calcium channel auxiliary gamma subunits
HGNC:14251	BRI3BP	BRI3BP	symbol	nonchannel_bri3bp	tmem109	NON_CHANNEL_HOMOLOG	non_channel_homolog	0	0	0	0		
HGNC:14323	TRPM5	TRPM5	symbol	trpm	ploop	CHANNEL	pore_census	1	1	1	3	Transient Receptor Potential channels (TRP)	Transient receptor potential cation channel subfamily M
HGNC:14448	TAS1R1	TAS1R1	symbol	nonchannel_class_c_gpcr	iglur	NON_CHANNEL_HOMOLOG	non_channel_homolog	0	0	0	0		
HGNC:14454	GABRQ	GABRQ	symbol	gabaa	cysloop	CHANNEL	pore_census	1	1	1	3	GABAA receptors	Gamma-aminobutyric acid type A receptor subunits
HGNC:14464	KCNK16	KCNK16	symbol	k2p	ploop	CHANNEL	pore_census	1	1	1	3	Two-pore domain potassium channels (K2P)	Potassium two pore domain channel subfamily K
HGNC:14465	KCNK17	KCNK17	symbol	k2p	ploop	CHANNEL	pore_census	1	1	1	3	Two-pore domain potassium channels (K2P)	Potassium two pore domain channel subfamily K
HGNC:14467	SLC26A7	SLC26A7	symbol	transporter_slc26		TRANSPORTER	transporter	0	0	0	0		
HGNC:14468	SLC26A8	SLC26A8	symbol	transporter_slc26		TRANSPORTER	transporter	0	0	0	0		
HGNC:14469	SLC26A9	SLC26A9	symbol	transporter_slc26		TRANSPORTER	transporter	0	0	0	0		
HGNC:14471	SLC26A11	SLC26A11	symbol	transporter_slc26		TRANSPORTER	transporter	0	0	0	0		
HGNC:14472	SLC26A6	SLC26A6	symbol	transporter_slc26		TRANSPORTER	transporter	0	0	1	1		
HGNC:14639	ABCC11	ABCC11	symbol	nonchannel_abc_transporter	abc_channel	NON_CHANNEL_HOMOLOG	non_channel_homolog	0	0	0	0		
HGNC:14640	ABCC12	ABCC12	symbol	nonchannel_abc_transporter	abc_channel	NON_CHANNEL_HOMOLOG	non_channel_homolog	0	0	0	0		
HGNC:14644	NETO2	NETO2	symbol	assoc_iglur_aux	iglur	CHANNEL_ASSOCIATED	auxiliary	0	0	0	0		
HGNC:14678	KCTD12	KCTD12	symbol	nonchannel_kctd	ploop	NON_CHANNEL_HOMOLOG	non_channel_homolog	0	0	0	0		
HGNC:14874	NOX5						uncatalogued	0	0	1	1		
HGNC:14905	TAS1R2	TAS1R2	symbol	nonchannel_class_c_gpcr	iglur	NON_CHANNEL_HOMOLOG	non_channel_homolog	0	0	0	0		
HGNC:1514	CASR	CASR	symbol	nonchannel_class_c_gpcr	iglur	NON_CHANNEL_HOMOLOG	non_channel_homolog	0	0	0	0		
HGNC:1530	MICU1	MICU1	symbol	assoc_mcu_reg	mcu	CHANNEL_ASSOCIATED	auxiliary	1	0	0	1	Mitochondrial calcium uniporter (MCU) complex	
HGNC:15459	P2RX2	P2RX2	symbol	p2x	p2x	CHANNEL	pore_census	1	1	1	3	P2X receptors	Purinergic receptors P2X
HGNC:15460	CACNA2D3	CACNA2D3	symbol	assoc_cav_aux	ploop	CHANNEL_ASSOCIATED	auxiliary	0	1	1	2		Calcium voltage-gated channel auxiliary alpha2delta subunits
HGNC:15521	KCNIP1	KCNIP1	symbol	assoc_kchip	ploop	CHANNEL_ASSOCIATED	auxiliary	0	0	1	1		
HGNC:15522	KCNIP2	KCNIP2	symbol	assoc_kchip	ploop	CHANNEL_ASSOCIATED	auxiliary	0	0	1	1		
HGNC:15523	KCNIP3	KCNIP3	symbol	assoc_kchip	ploop	CHANNEL_ASSOCIATED	auxiliary	0	0	1	1		
HGNC:15661	TAS1R3	TAS1R3	symbol	nonchannel_class_c_gpcr	iglur	NON_CHANNEL_HOMOLOG	non_channel_homolog	0	0	0	0		
HGNC:15963	CHRNA6	CHRNA6	symbol	nachr	cysloop	CHANNEL	pore_census	1	1	1	3	Nicotinic acetylcholine receptors (nACh)	Cholinergic receptors nicotinic subunits
HGNC:16029	AQP10	AQP10	symbol	outofscope_aquaporin		OUT_OF_SCOPE	out_of_scope	1	1	0	2	Aquaporins	Aquaporins
HGNC:16512	BSND	BSND	symbol	assoc_clc_aux	clc	CHANNEL_ASSOCIATED	auxiliary	0	0	0	0		
HGNC:16513	TMC1	TMC1	symbol	tmc	tmem16_like	CHANNEL_CONTESTED	pore_census	0	0	1	1		
HGNC:16527	TMC2	TMC2	symbol	tmc	tmem16_like	CHANNEL_CONTESTED	pore_census	0	0	1	1		
HGNC:16690	GJB7	GJB7	symbol	connexin	connexin	CHANNEL	pore_census	1	1	0	2	Connexins and Pannexins	Gap junction proteins
HGNC:16703	SLC17A6						uncatalogued	0	0	1	1		
HGNC:16704	SLC17A7						uncatalogued	0	0	1	1		
HGNC:16767	GRIN3A	GRIN3A	symbol	nmda	iglur	CHANNEL	pore_census	1	1	1	3	Ionotropic glutamate receptors	Glutamate ionotropic receptor NMDA type subunits
HGNC:16768	GRIN3B	GRIN3B	symbol	nmda	iglur	CHANNEL	pore_census	1	1	1	3	Ionotropic glutamate receptors	Glutamate ionotropic receptor NMDA type subunits
HGNC:16882	HCN4	HCN4	symbol	hcn	ploop	CHANNEL	pore_census	1	1	1	3	Cyclic nucleotide-regulated channels (CNG)	Cyclic nucleotide gated channels
HGNC:16992	LRRC8D	LRRC8D	symbol	lrrc8	innexin_like	CHANNEL	pore_census	0	1	1	2		Volume regulated anion channel subunits
HGNC:16995	GJA10	GJA10	symbol	connexin	connexin	CHANNEL	pore_census	1	1	0	2	Connexins and Pannexins	Gap junction proteins
HGNC:17105	BEST3	BEST3	symbol	bestrophin	bestrophin	CHANNEL	pore_census	0	1	1	2		Bestrophins
HGNC:17106	BEST4	BEST4	symbol	bestrophin	bestrophin	CHANNEL	pore_census	0	1	1	2		Bestrophins
HGNC:17107	BEST2	BEST2	symbol	bestrophin	bestrophin	CHANNEL	pore_census	0	1	1	2		Bestrophins
HGNC:17116	CATSPER1	CATSPER1	symbol	catsper	ploop	CHANNEL	pore_census	1	1	1	3	CatSper and Two-Pore channels (TPC)	Cation channels sperm associated
HGNC:17299	TPTE2	TPTE2	symbol	nonchannel_vsp	hv	NON_CHANNEL_HOMOLOG	non_channel_homolog	0	0	0	0		
HGNC:17494	GJC2	GJC2	symbol	connexin	connexin	CHANNEL	pore_census	1	1	0	2	Connexins and Pannexins	Gap junction proteins
HGNC:17495	GJC3	GJC3	symbol	connexin	connexin	CHANNEL	pore_census	1	1	0	2	Connexins and Pannexins	Gap junction proteins
HGNC:17537	ASIC5	ASIC5	symbol	asic	deg_enac	CHANNEL	pore_census	0	1	1	2		Acid sensing ion channel subunits
HGNC:17735	TMEM63B	TMEM63B	symbol	osca_tmem63	tmem16_like	CHANNEL	pore_census	0	0	1	1		
HGNC:17829	GPR108	GPR108	symbol	nonchannel_gost	tmem87	NON_CHANNEL_HOMOLOG	non_channel_homolog	0	0	0	0		
HGNC:17830	GPR107	GPR107	symbol	nonchannel_gost	tmem87	NON_CHANNEL_HOMOLOG	non_channel_homolog	0	0	0	0		
HGNC:17961	TRPM8	TRPM8	symbol	trpm	ploop	CHANNEL	pore_census	1	0	1	2	Transient Receptor Potential channels (TRP)	
HGNC:17969	GABRR3	GABRR3	symbol	gabaa	cysloop	CHANNEL	pore_census	1	1	1	3	GABAA receptors	Gamma-aminobutyric acid type A receptor subunits
HGNC:17992	TRPM3	TRPM3	symbol	trpm	ploop	CHANNEL	pore_census	1	1	1	3	Transient Receptor Potential channels (TRP)	Transient receptor potential cation channel subfamily M
HGNC:17993	TRPM4	TRPM4	symbol	trpm	ploop	CHANNEL	pore_census	1	1	1	3	Transient Receptor Potential channels (TRP)	Transient receptor potential cation channel subfamily M
HGNC:17994	TRPM7	TRPM7	symbol	trpm	ploop	CHANNEL	pore_census	1	1	1	3	Transient Receptor Potential channels (TRP)	Transient receptor potential cation channel subfamily M
HGNC:17995	TRPM6	TRPM6	symbol	trpm	ploop	CHANNEL	pore_census	1	1	1	3	Transient Receptor Potential channels (TRP)	Transient receptor potential cation channel subfamily M
HGNC:18021	TMC6	TMC6	symbol	tmc	tmem16_like	CHANNEL_CONTESTED	pore_census	0	0	0	0		
HGNC:18053	PKD1L1	PKD1L1	symbol	assoc_polycystin1	ploop	CHANNEL_ASSOCIATED	auxiliary	0	0	1	1		
HGNC:18082	TRPV2	TRPV2	symbol	trpv	ploop	CHANNEL	pore_census	1	1	1	3	Transient Receptor Potential channels (TRP)	Transient receptor potential cation channel subfamily V
HGNC:18083	TRPV4	TRPV4	symbol	trpv	ploop	CHANNEL	pore_census	1	1	1	3	Transient Receptor Potential channels (TRP)	Transient receptor potential cation channel subfamily V
HGNC:18084	TRPV3	TRPV3	symbol	trpv	ploop	CHANNEL	pore_census	1	1	1	3	Transient Receptor Potential channels (TRP)	Transient receptor potential cation channel subfamily V
HGNC:18182	TPCN1	TPCN1	symbol	tpc	ploop	CHANNEL	pore_census	1	1	1	3	CatSper and Two-Pore channels (TPC)	Two pore segment channels
HGNC:18188	TMCO1	TMCO1	symbol	tmco1	tmco1	CHANNEL_CONTESTED	pore_census	0	0	1	1		
HGNC:18212	HPCAL4	HPCAL4	symbol	nonchannel_ncs	ploop	NON_CHANNEL_HOMOLOG	non_channel_homolog	0	0	0	0		
HGNC:18216	TMEM37	TMEM37	symbol	assoc_cav_aux	ploop	CHANNEL_ASSOCIATED	auxiliary	0	0	1	1		
HGNC:18249	KCTD1	KCTD1	symbol	nonchannel_kctd	ploop	NON_CHANNEL_HOMOLOG	non_channel_homolog	0	0	0	0		
HGNC:18306	KCNG3	KCNG3	symbol	kv_modifier	ploop	CHANNEL	pore_census	1	1	1	3	Voltage-gated potassium channels (Kv)	Potassium voltage-gated channels
HGNC:18351	SHISA8	SHISA8	symbol	assoc_iglur_aux	iglur	CHANNEL_ASSOCIATED	auxiliary	0	0	0	0		
HGNC:18810	CATSPER2	CATSPER2	symbol	catsper	ploop	CHANNEL	pore_census	1	1	1	3	CatSper and Two-Pore channels (TPC)	Cation channels sperm associated
HGNC:1884	CFTR	CFTR	symbol	cftr	abc_channel	CHANNEL	pore_census	1	1	1	3	CFTR	Chloride channels, ATP-gated CFTR
HGNC:18861	KCNV1	KCNV1	symbol	kv_modifier	ploop	CHANNEL	pore_census	1	1	1	3	Voltage-gated potassium channels (Kv)	Potassium voltage-gated channels
HGNC:18862	KCNH6	KCNH6	symbol	kv_eag	ploop	CHANNEL	pore_census	1	1	1	3	Voltage-gated potassium channels (Kv)	Potassium voltage-gated channels
HGNC:18863	KCNH7	KCNH7	symbol	kv_eag	ploop	CHANNEL	pore_census	1	1	1	3	Voltage-gated potassium channels (Kv)	Potassium voltage-gated channels
HGNC:18864	KCNH8	KCNH8	symbol	kv_eag	ploop	CHANNEL	pore_census	1	1	1	3	Voltage-gated potassium channels (Kv)	Potassium voltage-gated channels
HGNC:18865	KCNT1	KCNT1	symbol	kca_slo	ploop	CHANNEL	pore_census	1	1	1	3	Calcium- and sodium-activated potassium channels (KCa, KNa)	Potassium sodium-activated channel subfamily T 
HGNC:18866	KCNT2	KCNT2	symbol	kca_slo	ploop	CHANNEL	pore_census	1	1	1	3	Calcium- and sodium-activated potassium channels (KCa, KNa)	Potassium sodium-activated channel subfamily T 
HGNC:18867	KCNU1	KCNU1	symbol	kca_slo	ploop	CHANNEL	pore_census	1	1	1	3	Calcium- and sodium-activated potassium channels (KCa, KNa)	Potassium calcium-activated channels
HGNC:19027	LRRC8A	LRRC8A	symbol	lrrc8	innexin_like	CHANNEL	pore_census	0	1	1	2		Volume regulated anion channel subunits
HGNC:19082	NALCN	NALCN	symbol	nalcn	ploop	CHANNEL	pore_census	1	1	1	3	Sodium leak channel, non-selective (NALCN)	Sodium leak channels, non selective
HGNC:19147	GJD3	GJD3	symbol	connexin	connexin	CHANNEL	pore_census	1	1	0	2	Connexins and Pannexins	Gap junction proteins
HGNC:19154	GJD2	GJD2	symbol	connexin	connexin	CHANNEL	pore_census	1	1	0	2	Connexins and Pannexins	Gap junction proteins
HGNC:19155	GJA9	GJA9	symbol	connexin	connexin	CHANNEL	pore_census	1	1	0	2	Connexins and Pannexins	Gap junction proteins
HGNC:19183	HCN3	HCN3	symbol	hcn	ploop	CHANNEL	pore_census	1	1	1	3	Cyclic nucleotide-regulated channels (CNG)	Cyclic nucleotide gated channels
HGNC:19205	STIM2	STIM2	symbol	assoc_stim	orai	CHANNEL_ASSOCIATED	auxiliary	0	0	0	0		
HGNC:19231	CATSPERZ	CATSPERZ	symbol	assoc_catsper_aux	ploop	CHANNEL_ASSOCIATED	auxiliary	0	0	0	0		
HGNC:19439	KCNK18	KCNK18	symbol	k2p	ploop	CHANNEL	pore_census	1	1	1	3	Two-pore domain potassium channels (K2P)	Potassium two pore domain channel subfamily K
HGNC:1955	CHRNA1	CHRNA1	symbol	nachr	cysloop	CHANNEL	pore_census	1	1	1	3	Nicotinic acetylcholine receptors (nACh)	Cholinergic receptors nicotinic subunits
HGNC:1956	CHRNA2	CHRNA2	symbol	nachr	cysloop	CHANNEL	pore_census	1	1	1	3	Nicotinic acetylcholine receptors (nACh)	Cholinergic receptors nicotinic subunits
HGNC:1957	CHRNA3	CHRNA3	symbol	nachr	cysloop	CHANNEL	pore_census	1	1	1	3	Nicotinic acetylcholine receptors (nACh)	Cholinergic receptors nicotinic subunits
HGNC:1958	CHRNA4	CHRNA4	symbol	nachr	cysloop	CHANNEL	pore_census	1	1	1	3	Nicotinic acetylcholine receptors (nACh)	Cholinergic receptors nicotinic subunits
HGNC:1959	CHRNA5	CHRNA5	symbol	nachr	cysloop	CHANNEL	pore_census	1	1	1	3	Nicotinic acetylcholine receptors (nACh)	Cholinergic receptors nicotinic subunits
HGNC:1960	CHRNA7	CHRNA7	symbol	nachr	cysloop	CHANNEL	pore_census	1	1	1	3	Nicotinic acetylcholine receptors (nACh)	Cholinergic receptors nicotinic subunits
HGNC:1961	CHRNB1	CHRNB1	symbol	nachr	cysloop	CHANNEL	pore_census	1	1	1	3	Nicotinic acetylcholine receptors (nACh)	Cholinergic receptors nicotinic subunits
HGNC:1962	CHRNB2	CHRNB2	symbol	nachr	cysloop	CHANNEL	pore_census	1	1	1	3	Nicotinic acetylcholine receptors (nACh)	Cholinergic receptors nicotinic subunits
HGNC:1963	CHRNB3	CHRNB3	symbol	nachr	cysloop	CHANNEL	pore_census	1	1	1	3	Nicotinic acetylcholine receptors (nACh)	Cholinergic receptors nicotinic subunits
HGNC:1964	CHRNB4	CHRNB4	symbol	nachr	cysloop	CHANNEL	pore_census	1	1	1	3	Nicotinic acetylcholine receptors (nACh)	Cholinergic receptors nicotinic subunits
HGNC:1965	CHRND	CHRND	symbol	nachr	cysloop	CHANNEL	pore_census	1	1	1	3	Nicotinic acetylcholine receptors (nACh)	Cholinergic receptors nicotinic subunits
HGNC:19656	OTOP1	OTOP1	symbol	otop	otopetrin	CHANNEL	pore_census	0	0	1	1		
HGNC:19657	OTOP2	OTOP2	symbol	otop	otopetrin	CHANNEL	pore_census	0	0	1	1		
HGNC:19658	OTOP3	OTOP3	symbol	otop	otopetrin	CHANNEL	pore_census	0	0	1	1		
HGNC:1966	CHRNE	CHRNE	symbol	nachr	cysloop	CHANNEL	pore_census	1	1	1	3	Nicotinic acetylcholine receptors (nACh)	Cholinergic receptors nicotinic subunits
HGNC:1967	CHRNG	CHRNG	symbol	nachr	cysloop	CHANNEL	pore_census	1	1	1	3	Nicotinic acetylcholine receptors (nACh)	Cholinergic receptors nicotinic subunits
HGNC:19697	KCNG4	KCNG4	symbol	kv_modifier	ploop	CHANNEL	pore_census	1	1	1	3	Voltage-gated potassium channels (Kv)	Potassium voltage-gated channels
HGNC:19698	KCNV2	KCNV2	symbol	kv_modifier	ploop	CHANNEL	pore_census	1	1	1	3	Voltage-gated potassium channels (Kv)	Potassium voltage-gated channels
HGNC:19743	POMT2	POMT2	symbol	nonchannel_pomt	ca_release	NON_CHANNEL_HOMOLOG	non_channel_homolog	0	0	0	0		
HGNC:19940	AQP11	AQP11	symbol	outofscope_aquaporin		OUT_OF_SCOPE	out_of_scope	1	1	0	2	Aquaporins	Aquaporins
HGNC:19941	AQP12A	AQP12A	symbol	outofscope_aquaporin		OUT_OF_SCOPE	out_of_scope	0	1	0	1		Aquaporins
HGNC:2015	CLCA1	CLCA1	symbol	assoc_clc_aux	clc	CHANNEL_ASSOCIATED	auxiliary	0	0	0	0		
HGNC:20151	SLC17A8						uncatalogued	0	0	1	1		
HGNC:2016	CLCA2	CLCA2	symbol	assoc_clc_aux	clc	CHANNEL_ASSOCIATED	auxiliary	0	0	0	0		
HGNC:2017	CLCA3P	CLCA3P	symbol	assoc_clc_aux	clc	CHANNEL_ASSOCIATED	auxiliary	0	0	0	0		
HGNC:2018	CLCA4	CLCA4	symbol	assoc_clc_aux	clc	CHANNEL_ASSOCIATED	auxiliary	0	0	0	0		
HGNC:2019	CLCN1	CLCN1	symbol	clc_channel	clc	CHANNEL	pore_census	1	1	1	3	ClC family	CLC chloride channel and transporter family
HGNC:2020	CLCN2	CLCN2	symbol	clc_channel	clc	CHANNEL	pore_census	1	1	1	3	ClC family	CLC chloride channel and transporter family
HGNC:20202	CACNA2D4	CACNA2D4	symbol	assoc_cav_aux	ploop	CHANNEL_ASSOCIATED	auxiliary	0	1	1	2		Calcium voltage-gated channel auxiliary alpha2delta subunits
HGNC:2021	CLCN3	CLCN3	symbol	clc_transporter	clc	TRANSPORTER	transporter	1	1	0	2	ClC family	CLC chloride channel and transporter family
HGNC:2022	CLCN4	CLCN4	symbol	clc_transporter	clc	TRANSPORTER	transporter	1	1	0	2	ClC family	CLC chloride channel and transporter family
HGNC:2023	CLCN5	CLCN5	symbol	clc_transporter	clc	TRANSPORTER	transporter	1	1	0	2	ClC family	CLC chloride channel and transporter family
HGNC:2024	CLCN6	CLCN6	symbol	clc_transporter	clc	TRANSPORTER	transporter	1	1	0	2	ClC family	CLC chloride channel and transporter family
HGNC:2025	CLCN7	CLCN7	symbol	clc_transporter	clc	TRANSPORTER	transporter	1	1	0	2	ClC family	CLC chloride channel and transporter family
HGNC:2026	CLCNKA	CLCNKA	symbol	clc_channel	clc	CHANNEL	pore_census	1	1	1	3	ClC family	CLC chloride channel and transporter family
HGNC:2027	CLCNKB	CLCNKB	symbol	clc_channel	clc	CHANNEL	pore_census	1	1	1	3	ClC family	CLC chloride channel and transporter family
HGNC:2038	CLDN17						uncatalogued	0	0	1	1		
HGNC:2046	CLDN4						uncatalogued	0	0	1	1		
HGNC:20474	TMC8	TMC8	symbol	tmc	tmem16_like	CHANNEL_CONTESTED	pore_census	0	0	0	0		
HGNC:20500	CATSPERB	CATSPERB	symbol	assoc_catsper_aux	ploop	CHANNEL_ASSOCIATED	auxiliary	0	0	0	0		
HGNC:20573	PANX3	PANX3	symbol	pannexin	innexin_like	CHANNEL	pore_census	1	1	1	3	Connexins and Pannexins	Pannexins
HGNC:2062	CLIC1	CLIC1	symbol	clic	clic	CHANNEL_CONTESTED	pore_census	0	0	1	1		
HGNC:2063	CLIC2	CLIC2	symbol	clic	clic	CHANNEL_CONTESTED	pore_census	0	0	1	1		
HGNC:2064	CLIC3	CLIC3	symbol	clic	clic	CHANNEL_CONTESTED	pore_census	0	0	1	1		
HGNC:2065	CLIC6	CLIC6	symbol	clic	clic	CHANNEL_CONTESTED	pore_census	0	0	1	1		
HGNC:20665	SCN3B	SCN3B	symbol	assoc_nav_beta	ploop	CHANNEL_ASSOCIATED	auxiliary	0	1	1	2		Sodium voltage-gated channel beta subunits
HGNC:20679	ANO9	ANO9	symbol	ano_scramblase	tmem16_like	CHANNEL_CONTESTED	pore_census	0	1	0	1		Anoctamins
HGNC:20754	TRPC7	TRPC7	symbol	trpc	ploop	CHANNEL	pore_census	1	1	1	3	Transient Receptor Potential channels (TRP)	Transient receptor potential cation channel subfamily C
HGNC:20819	CATSPER3	CATSPER3	symbol	catsper	ploop	CHANNEL	pore_census	1	1	1	3	CatSper and Two-Pore channels (TPC)	Cation channels sperm associated
HGNC:20820	TPCN2	TPCN2	symbol	tpc	ploop	CHANNEL	pore_census	1	1	1	3	CatSper and Two-Pore channels (TPC)	Two pore segment channels
HGNC:20823	DPP10	DPP10	symbol	assoc_k_beta	ploop	CHANNEL_ASSOCIATED	auxiliary	0	0	0	0		
HGNC:21052	KCTD20	KCTD20	symbol	nonchannel_kctd	ploop	NON_CHANNEL_HOMOLOG	non_channel_homolog	0	0	0	0		
HGNC:21094	CALHM4	CALHM4	symbol	calhm	calhm	CHANNEL	pore_census	0	1	1	2		Calcium homeostasis modulators
HGNC:21097	MCUR1	MCUR1	symbol	assoc_mcu_reg	mcu	CHANNEL_ASSOCIATED	auxiliary	0	0	0	0		
HGNC:21263	ASIC4	ASIC4	symbol	asic	deg_enac	CHANNEL	pore_census	0	1	1	2		Acid sensing ion channel subunits
HGNC:21294	KCTD2	KCTD2	symbol	nonchannel_kctd	ploop	NON_CHANNEL_HOMOLOG	non_channel_homolog	0	0	0	0		
HGNC:21302	KCTD11	KCTD11	symbol	nonchannel_kctd	ploop	NON_CHANNEL_HOMOLOG	non_channel_homolog	0	0	0	0		
HGNC:21305	KCTD3	KCTD3	symbol	nonchannel_kctd	ploop	NON_CHANNEL_HOMOLOG	non_channel_homolog	0	0	0	0		
HGNC:21423	KCTD5	KCTD5	symbol	nonchannel_kctd	ploop	NON_CHANNEL_HOMOLOG	non_channel_homolog	0	0	0	0		
HGNC:2148	CNGA1	CNGA1	symbol	cng	ploop	CHANNEL	pore_census	1	1	1	3	Cyclic nucleotide-regulated channels (CNG)	Cyclic nucleotide gated channels
HGNC:2149	CNGA2	CNGA2	symbol	cng	ploop	CHANNEL	pore_census	1	1	1	3	Cyclic nucleotide-regulated channels (CNG)	Cyclic nucleotide gated channels
HGNC:2150	CNGA3	CNGA3	symbol	cng	ploop	CHANNEL	pore_census	1	1	1	3	Cyclic nucleotide-regulated channels (CNG)	Cyclic nucleotide gated channels
HGNC:2151	CNGB1	CNGB1	symbol	cng	ploop	CHANNEL	pore_census	1	1	1	3	Cyclic nucleotide-regulated channels (CNG)	Cyclic nucleotide gated channels
HGNC:2152	CNGA4	CNGA4	symbol	cng	ploop	CHANNEL	pore_census	1	1	1	3	Cyclic nucleotide-regulated channels (CNG)	Cyclic nucleotide gated channels
HGNC:2153	CNGB3	CNGB3	symbol	cng	ploop	CHANNEL	pore_census	1	1	1	3	Cyclic nucleotide-regulated channels (CNG)	Cyclic nucleotide gated channels
HGNC:21568	CALHM5	CALHM5	symbol	calhm	calhm	CHANNEL	pore_census	0	1	1	2		Calcium homeostasis modulators
HGNC:21625	ANO1	ANO1	symbol	ano_channel	tmem16_like	CHANNEL	pore_census	1	1	1	3	Calcium activated chloride channel (CaCC)	Anoctamins
HGNC:21667	ORAI2	ORAI2	symbol	orai	orai	CHANNEL	pore_census	1	1	1	3	Orai channels	ORAI calcium release-activated calcium modulators
HGNC:21715	PKD1L2	PKD1L2	symbol	assoc_polycystin1	ploop	CHANNEL_ASSOCIATED	auxiliary	0	0	1	1		
HGNC:21716	PKD1L3	PKD1L3	symbol	assoc_polycystin1	ploop	CHANNEL_ASSOCIATED	auxiliary	0	0	1	1		
HGNC:21957	KCTD7	KCTD7	symbol	nonchannel_kctd	ploop	NON_CHANNEL_HOMOLOG	non_channel_homolog	0	0	0	0		
HGNC:22222	TTYH3	TTYH3	symbol	tweety	tweety	CHANNEL_CONTESTED	pore_census	0	0	1	1		
HGNC:22234	KCTD13	KCTD13	symbol	nonchannel_kctd	ploop	NON_CHANNEL_HOMOLOG	non_channel_homolog	0	0	0	0		
HGNC:22235	KCTD6	KCTD6	symbol	nonchannel_kctd	ploop	NON_CHANNEL_HOMOLOG	non_channel_homolog	0	0	0	0		
HGNC:22394	KCTD8	KCTD8	symbol	nonchannel_kctd	ploop	NON_CHANNEL_HOMOLOG	non_channel_homolog	0	0	0	0		
HGNC:22995	TMC3	TMC3	symbol	tmc	tmem16_like	CHANNEL_CONTESTED	pore_census	0	0	0	0		
HGNC:22998	TMC4	TMC4	symbol	tmc	tmem16_like	CHANNEL_CONTESTED	pore_census	0	0	1	1		
HGNC:22999	TMC5	TMC5	symbol	tmc	tmem16_like	CHANNEL_CONTESTED	pore_census	0	0	0	0		
HGNC:23000	TMC7	TMC7	symbol	tmc	tmem16_like	CHANNEL_CONTESTED	pore_census	0	0	0	0		
HGNC:23220	CATSPER4	CATSPER4	symbol	catsper	ploop	CHANNEL	pore_census	1	1	1	3	CatSper and Two-Pore channels (TPC)	Cation channels sperm associated
HGNC:23236	KCTD10	KCTD10	symbol	nonchannel_kctd	ploop	NON_CHANNEL_HOMOLOG	non_channel_homolog	0	0	0	0		
HGNC:23296	GJD4	GJD4	symbol	connexin	connexin	CHANNEL	pore_census	1	1	0	2	Connexins and Pannexins	Gap junction proteins
HGNC:23297	KCTD15	KCTD15	symbol	nonchannel_kctd	ploop	NON_CHANNEL_HOMOLOG	non_channel_homolog	0	0	0	0		
HGNC:23458	CALHM3	CALHM3	symbol	calhm	calhm	CHANNEL	pore_census	0	1	1	2		Calcium homeostasis modulators
HGNC:23493	CALHM2	CALHM2	symbol	calhm	calhm	CHANNEL	pore_census	0	1	1	2		Calcium homeostasis modulators
HGNC:23494	CALHM1	CALHM1	symbol	calhm	calhm	CHANNEL	pore_census	0	1	1	2		Calcium homeostasis modulators
HGNC:23526	MCU	MCU	symbol	mcu	mcu	CHANNEL	pore_census	1	0	1	2	Mitochondrial calcium uniporter (MCU) complex	
HGNC:23690	GSDMB	GSDMB	symbol	nonchannel_gasdermin		NON_CHANNEL_HOMOLOG	non_channel_homolog	0	0	0	0		
HGNC:23787	TMEM63C	TMEM63C	symbol	osca_tmem63	tmem16_like	CHANNEL	pore_census	0	0	1	1		
HGNC:23837	ANO4	ANO4	symbol	ano_scramblase	tmem16_like	CHANNEL_CONTESTED	pore_census	0	1	0	1		Anoctamins
HGNC:23999	EMC3	EMC3	symbol	nonchannel_emc3	tmco1	NON_CHANNEL_HOMOLOG	non_channel_homolog	0	0	0	0		
HGNC:24003	HTR3C	HTR3C	symbol	ht3	cysloop	CHANNEL	pore_census	1	1	1	3	5-HT3 receptors	5-hydroxytryptamine receptors, ionotropic
HGNC:24004	HTR3D	HTR3D	symbol	ht3	cysloop	CHANNEL	pore_census	1	1	1	3	5-HT3 receptors	5-hydroxytryptamine receptors, ionotropic
HGNC:24005	HTR3E	HTR3E	symbol	ht3	cysloop	CHANNEL	pore_census	1	1	1	3	5-HT3 receptors	5-hydroxytryptamine receptors, ionotropic
HGNC:24522	TMEM87A	TMEM87A	symbol	tmem87	tmem87	CHANNEL_CONTESTED	pore_census	0	0	1	1		
HGNC:25055	SMDT1	SMDT1	symbol	assoc_mcu_reg	mcu	CHANNEL_ASSOCIATED	auxiliary	1	0	0	1	Mitochondrial calcium uniporter (MCU) complex	
HGNC:25075	LRRC8C	LRRC8C	symbol	lrrc8	innexin_like	CHANNEL	pore_census	0	1	1	2		Volume regulated anion channel subunits
HGNC:25240	ANO6	ANO6	symbol	ano_scramblase	tmem16_like	CHANNEL_CONTESTED	pore_census	0	1	1	2		Anoctamins
HGNC:25243	CATSPERG	CATSPERG	symbol	assoc_catsper_aux	ploop	CHANNEL_ASSOCIATED	auxiliary	0	0	0	0		
HGNC:25519	ANO10	ANO10	symbol	ano_scramblase	tmem16_like	CHANNEL_CONTESTED	pore_census	0	1	0	1		Anoctamins
HGNC:25535	TMEM38B	TMEM38B	symbol	tric	tric	CHANNEL	pore_census	0	0	1	1		
HGNC:25593	PACC1	PACC1	symbol	pacc	pac	CHANNEL	pore_census	0	0	1	1		
HGNC:25697	GSDMD	GSDMD	symbol	nonchannel_gasdermin		NON_CHANNEL_HOMOLOG	non_channel_homolog	0	0	0	0		
HGNC:25705	KCTD17	KCTD17	symbol	nonchannel_kctd	ploop	NON_CHANNEL_HOMOLOG	non_channel_homolog	0	0	0	0		
HGNC:25714	CCDC51	CCDC51	symbol	mitok	mitok	CHANNEL_CONTESTED	pore_census	0	0	1	1		
HGNC:2578	CYBB						uncatalogued	0	0	1	1		
HGNC:25896	ORAI1	ORAI1	symbol	orai	orai	CHANNEL	pore_census	1	1	1	3	Orai channels	ORAI calcium release-activated calcium modulators
HGNC:25913	TMEM87B	TMEM87B	symbol	tmem87	tmem87	CHANNEL_CONTESTED	pore_census	0	0	0	0		
HGNC:26076	MCUB	MCUB	symbol	mcu	mcu	CHANNEL	pore_census	1	0	0	1	Mitochondrial calcium uniporter (MCU) complex	
HGNC:26270	PIEZO2	PIEZO2	symbol	piezo	piezo	CHANNEL	pore_census	1	1	1	3	Piezo channels	Piezo type mechanosensitive ion channel components
HGNC:26272	LRRC8E	LRRC8E	symbol	lrrc8	innexin_like	CHANNEL	pore_census	0	1	1	2		Volume regulated anion channel subunits
HGNC:26802	CNIH3	CNIH3	symbol	assoc_iglur_aux	iglur	CHANNEL_ASSOCIATED	auxiliary	0	0	0	0		
HGNC:27005	LRRC38	LRRC38	symbol	assoc_k_beta	ploop	CHANNEL_ASSOCIATED	auxiliary	0	0	1	1		
HGNC:27337	ANO5	ANO5	symbol	ano_scramblase	tmem16_like	CHANNEL_CONTESTED	pore_census	0	1	0	1		Anoctamins
HGNC:27452	KCTD21	KCTD21	symbol	nonchannel_kctd	ploop	NON_CHANNEL_HOMOLOG	non_channel_homolog	0	0	0	0		
HGNC:27820	MICU3	MICU3	symbol	assoc_mcu_reg	mcu	CHANNEL_ASSOCIATED	auxiliary	1	0	0	1	Mitochondrial calcium uniporter (MCU) complex	
HGNC:27962	STING1						uncatalogued	0	0	1	1		
HGNC:2810	GSDME	GSDME	symbol	nonchannel_gasdermin		NON_CHANNEL_HOMOLOG	non_channel_homolog	0	0	0	0		
HGNC:28185	ORAI3	ORAI3	symbol	orai	orai	CHANNEL	pore_census	1	1	1	3	Orai channels	ORAI calcium release-activated calcium modulators
HGNC:28240	HVCN1	HVCN1	symbol	hv1	hv	CHANNEL	pore_census	1	1	1	3	Voltage-gated proton channel (Hv1)	Hydrogen voltage gated channels
HGNC:28283	GSG1L	GSG1L	symbol	assoc_iglur_aux	iglur	CHANNEL_ASSOCIATED	auxiliary	0	0	0	0		
HGNC:28462	TMEM38A	TMEM38A	symbol	tric	tric	CHANNEL	pore_census	0	0	1	1		
HGNC:28486	MFSD8						uncatalogued	0	0	1	1		
HGNC:28491	CATSPERE	CATSPERE	symbol	assoc_catsper_aux	ploop	CHANNEL_ASSOCIATED	auxiliary	0	0	0	0		
HGNC:28598	CATSPERD	CATSPERD	symbol	assoc_catsper_aux	ploop	CHANNEL_ASSOCIATED	auxiliary	0	0	0	0		
HGNC:28709	TMEM175	TMEM175	symbol	tmem175	tmem175	CHANNEL	pore_census	0	0	1	1		
HGNC:28744	CNIH2	CNIH2	symbol	assoc_iglur_aux	iglur	CHANNEL_ASSOCIATED	auxiliary	0	0	0	0		
HGNC:28771	TMEM109	TMEM109	symbol	tmem109	tmem109	CHANNEL_CONTESTED	pore_census	0	0	1	1		
HGNC:28993	PIEZO1	PIEZO1	symbol	piezo	piezo	CHANNEL	pore_census	1	1	1	3	Piezo channels	Piezo type mechanosensitive ion channel components
HGNC:29118	TMEM63A	TMEM63A	symbol	osca_tmem63	tmem16_like	CHANNEL	pore_census	0	0	1	1		
HGNC:29244	KCTD16	KCTD16	symbol	nonchannel_kctd	ploop	NON_CHANNEL_HOMOLOG	non_channel_homolog	0	0	0	0		
HGNC:29329	ANO8	ANO8	symbol	ano_scramblase	tmem16_like	CHANNEL_CONTESTED	pore_census	0	1	0	1		Anoctamins
HGNC:29502	PJVK	PJVK	symbol	nonchannel_gasdermin		NON_CHANNEL_HOMOLOG	non_channel_homolog	0	0	0	0		
HGNC:29504	ZACN	ZACN	symbol	zac	cysloop	CHANNEL	pore_census	1	1	1	3	ZAC	Zinc activated channels
HGNC:29675	CLCC1	CLCC1	symbol	clcc1	mclc	CHANNEL_CONTESTED	pore_census	0	0	1	1		
HGNC:30083	KCNIP4	KCNIP4	symbol	assoc_kchip	ploop	CHANNEL_ASSOCIATED	auxiliary	0	0	1	1		
HGNC:3010	DPP6	DPP6	symbol	assoc_k_beta	ploop	CHANNEL_ASSOCIATED	auxiliary	0	0	0	0		
HGNC:3018	SLC26A3	SLC26A3	symbol	transporter_slc26		TRANSPORTER	transporter	0	0	0	0		
HGNC:30692	LRRC8B	LRRC8B	symbol	lrrc8	innexin_like	CHANNEL	pore_census	0	1	1	2		Volume regulated anion channel subunits
HGNC:31124	FXYD6P3						uncatalogued	0	0	1	1		
HGNC:31409	LRRC26	LRRC26	symbol	assoc_k_beta	ploop	CHANNEL_ASSOCIATED	auxiliary	0	0	1	1		
HGNC:3145	TRPV5	TRPV5	symbol	trpv	ploop	CHANNEL	pore_census	1	1	1	3	Transient Receptor Potential channels (TRP)	Transient receptor potential cation channel subfamily V
HGNC:31677	ANO7	ANO7	symbol	ano_scramblase	tmem16_like	CHANNEL_CONTESTED	pore_census	0	1	0	1		Anoctamins
HGNC:31715	GLRA4	GLRA4	symbol	glyr	cysloop	CHANNEL	pore_census	1	1	0	2	Glycine receptors	Glycine receptors
HGNC:31830	MICU2	MICU2	symbol	assoc_mcu_reg	mcu	CHANNEL_ASSOCIATED	auxiliary	1	0	0	1	Mitochondrial calcium uniporter (MCU) complex	
HGNC:31984	GPHRA	GPHRA	symbol	gphr	gphr	CHANNEL_CONTESTED	pore_census	0	0	1	1		
HGNC:32156	LRRC52	LRRC52	symbol	assoc_k_beta	ploop	CHANNEL_ASSOCIATED	auxiliary	0	0	1	1		
HGNC:32324	LRRC55	LRRC55	symbol	assoc_k_beta	ploop	CHANNEL_ASSOCIATED	auxiliary	0	0	1	1		
HGNC:32542	GJA6P						uncatalogued	0	1	0	1		Gap junction proteins
HGNC:33251	GJE1	GJE1	symbol	connexin	connexin	CHANNEL	pore_census	1	1	0	2	Connexins and Pannexins	Gap junction proteins
HGNC:33391	CALHM6	CALHM6	symbol	calhm	calhm	CHANNEL	pore_census	0	1	1	2		Calcium homeostasis modulators
HGNC:34491	SHISA6	SHISA6	symbol	assoc_iglur_aux	iglur	CHANNEL_ASSOCIATED	auxiliary	0	0	0	0		
HGNC:35409	SHISA7	SHISA7	symbol	assoc_iglur_aux	iglur	CHANNEL_ASSOCIATED	auxiliary	0	0	0	0		
HGNC:37231	SHISA9	SHISA9	symbol	assoc_iglur_aux	iglur	CHANNEL_ASSOCIATED	auxiliary	0	0	0	0		
HGNC:39080	KCNJ18	KCNJ18	symbol	kir	ploop	CHANNEL	pore_census	0	1	1	2		Potassium inwardly rectifying channel subfamily J
HGNC:3953	NCS1	NCS1	symbol	nonchannel_ncs	ploop	NON_CHANNEL_HOMOLOG	non_channel_homolog	0	0	0	0		
HGNC:4070	GABBR1	GABBR1	symbol	nonchannel_class_c_gpcr	iglur	NON_CHANNEL_HOMOLOG	non_channel_homolog	0	0	0	0		
HGNC:4075	GABRA1	GABRA1	symbol	gabaa	cysloop	CHANNEL	pore_census	1	1	1	3	GABAA receptors	Gamma-aminobutyric acid type A receptor subunits
HGNC:4076	GABRA2	GABRA2	symbol	gabaa	cysloop	CHANNEL	pore_census	1	1	1	3	GABAA receptors	Gamma-aminobutyric acid type A receptor subunits
HGNC:4077	GABRA3	GABRA3	symbol	gabaa	cysloop	CHANNEL	pore_census	1	1	1	3	GABAA receptors	Gamma-aminobutyric acid type A receptor subunits
HGNC:4078	GABRA4	GABRA4	symbol	gabaa	cysloop	CHANNEL	pore_census	1	1	1	3	GABAA receptors	Gamma-aminobutyric acid type A receptor subunits
HGNC:4079	GABRA5	GABRA5	symbol	gabaa	cysloop	CHANNEL	pore_census	1	1	1	3	GABAA receptors	Gamma-aminobutyric acid type A receptor subunits
HGNC:4080	GABRA6	GABRA6	symbol	gabaa	cysloop	CHANNEL	pore_census	1	1	1	3	GABAA receptors	Gamma-aminobutyric acid type A receptor subunits
HGNC:4081	GABRB1	GABRB1	symbol	gabaa	cysloop	CHANNEL	pore_census	1	1	1	3	GABAA receptors	Gamma-aminobutyric acid type A receptor subunits
HGNC:4082	GABRB2	GABRB2	symbol	gabaa	cysloop	CHANNEL	pore_census	1	1	1	3	GABAA receptors	Gamma-aminobutyric acid type A receptor subunits
HGNC:4083	GABRB3	GABRB3	symbol	gabaa	cysloop	CHANNEL	pore_census	1	1	1	3	GABAA receptors	Gamma-aminobutyric acid type A receptor subunits
HGNC:4084	GABRD	GABRD	symbol	gabaa	cysloop	CHANNEL	pore_census	1	1	1	3	GABAA receptors	Gamma-aminobutyric acid type A receptor subunits
HGNC:4085	GABRE	GABRE	symbol	gabaa	cysloop	CHANNEL	pore_census	1	1	1	3	GABAA receptors	Gamma-aminobutyric acid type A receptor subunits
HGNC:4086	GABRG1	GABRG1	symbol	gabaa	cysloop	CHANNEL	pore_census	1	1	1	3	GABAA receptors	Gamma-aminobutyric acid type A receptor subunits
HGNC:4087	GABRG2	GABRG2	symbol	gabaa	cysloop	CHANNEL	pore_census	1	1	1	3	GABAA receptors	Gamma-aminobutyric acid type A receptor subunits
HGNC:4088	GABRG3	GABRG3	symbol	gabaa	cysloop	CHANNEL	pore_census	1	1	1	3	GABAA receptors	Gamma-aminobutyric acid type A receptor subunits
HGNC:4089	GABRP	GABRP	symbol	gabaa	cysloop	CHANNEL	pore_census	1	1	1	3	GABAA receptors	Gamma-aminobutyric acid type A receptor subunits
HGNC:4090	GABRR1	GABRR1	symbol	gabaa	cysloop	CHANNEL	pore_census	1	1	1	3	GABAA receptors	Gamma-aminobutyric acid type A receptor subunits
HGNC:4091	GABRR2	GABRR2	symbol	gabaa	cysloop	CHANNEL	pore_census	1	1	1	3	GABAA receptors	Gamma-aminobutyric acid type A receptor subunits
HGNC:4274	GJA1	GJA1	symbol	connexin	connexin	CHANNEL	pore_census	1	1	0	2	Connexins and Pannexins	Gap junction proteins
HGNC:4277	GJA3	GJA3	symbol	connexin	connexin	CHANNEL	pore_census	1	1	0	2	Connexins and Pannexins	Gap junction proteins
HGNC:4278	GJA4	GJA4	symbol	connexin	connexin	CHANNEL	pore_census	1	1	0	2	Connexins and Pannexins	Gap junction proteins
HGNC:4279	GJA5	GJA5	symbol	connexin	connexin	CHANNEL	pore_census	1	1	0	2	Connexins and Pannexins	Gap junction proteins
HGNC:4280	GJC1	GJC1	symbol	connexin	connexin	CHANNEL	pore_census	1	1	0	2	Connexins and Pannexins	Gap junction proteins
HGNC:4281	GJA8	GJA8	symbol	connexin	connexin	CHANNEL	pore_census	1	1	0	2	Connexins and Pannexins	Gap junction proteins
HGNC:4283	GJB1	GJB1	symbol	connexin	connexin	CHANNEL	pore_census	1	1	0	2	Connexins and Pannexins	Gap junction proteins
HGNC:4284	GJB2	GJB2	symbol	connexin	connexin	CHANNEL	pore_census	1	1	0	2	Connexins and Pannexins	Gap junction proteins
HGNC:4285	GJB3	GJB3	symbol	connexin	connexin	CHANNEL	pore_census	1	1	0	2	Connexins and Pannexins	Gap junction proteins
HGNC:4286	GJB4	GJB4	symbol	connexin	connexin	CHANNEL	pore_census	1	1	0	2	Connexins and Pannexins	Gap junction proteins
HGNC:4287	GJB5	GJB5	symbol	connexin	connexin	CHANNEL	pore_census	1	1	0	2	Connexins and Pannexins	Gap junction proteins
HGNC:4288	GJB6	GJB6	symbol	connexin	connexin	CHANNEL	pore_census	1	1	0	2	Connexins and Pannexins	Gap junction proteins
HGNC:4326	GLRA1	GLRA1	symbol	glyr	cysloop	CHANNEL	pore_census	1	1	1	3	Glycine receptors	Glycine receptors
HGNC:4327	GLRA2	GLRA2	symbol	glyr	cysloop	CHANNEL	pore_census	1	1	1	3	Glycine receptors	Glycine receptors
HGNC:4328	GLRA3	GLRA3	symbol	glyr	cysloop	CHANNEL	pore_census	1	1	1	3	Glycine receptors	Glycine receptors
HGNC:4329	GLRB	GLRB	symbol	glyr	cysloop	CHANNEL	pore_census	1	1	1	3	Glycine receptors	Glycine receptors
HGNC:44155	CATSPERQ	TMEM249	prev_symbol	assoc_catsper_aux	ploop	CHANNEL_ASSOCIATED	auxiliary	0	0	0	0		
HGNC:4507	GABBR2	GABBR2	symbol	nonchannel_class_c_gpcr	iglur	NON_CHANNEL_HOMOLOG	non_channel_homolog	0	0	0	0		
HGNC:4571	GRIA1	GRIA1	symbol	ampa	iglur	CHANNEL	pore_census	1	1	1	3	Ionotropic glutamate receptors	Glutamate ionotropic receptor AMPA type subunits
HGNC:4572	GRIA2	GRIA2	symbol	ampa	iglur	CHANNEL	pore_census	1	1	1	3	Ionotropic glutamate receptors	Glutamate ionotropic receptor AMPA type subunits
HGNC:4573	GRIA3	GRIA3	symbol	ampa	iglur	CHANNEL	pore_census	1	1	1	3	Ionotropic glutamate receptors	Glutamate ionotropic receptor AMPA type subunits
HGNC:4574	GRIA4	GRIA4	symbol	ampa	iglur	CHANNEL	pore_census	1	1	1	3	Ionotropic glutamate receptors	Glutamate ionotropic receptor AMPA type subunits
HGNC:4575	GRID1	GRID1	symbol	delta_glur	iglur	CHANNEL_CONTESTED	pore_census	1	1	1	3	Ionotropic glutamate receptors	Glutamate ionotropic receptor delta type subunits
HGNC:4576	GRID2	GRID2	symbol	delta_glur	iglur	CHANNEL_CONTESTED	pore_census	1	1	1	3	Ionotropic glutamate receptors	Glutamate ionotropic receptor delta type subunits
HGNC:4579	GRIK1	GRIK1	symbol	kainate	iglur	CHANNEL	pore_census	1	1	1	3	Ionotropic glutamate receptors	Glutamate ionotropic receptor kainate type subunits
HGNC:4580	GRIK2	GRIK2	symbol	kainate	iglur	CHANNEL	pore_census	1	1	1	3	Ionotropic glutamate receptors	Glutamate ionotropic receptor kainate type subunits
HGNC:4581	GRIK3	GRIK3	symbol	kainate	iglur	CHANNEL	pore_census	1	1	1	3	Ionotropic glutamate receptors	Glutamate ionotropic receptor kainate type subunits
HGNC:4582	GRIK4	GRIK4	symbol	kainate	iglur	CHANNEL	pore_census	1	1	1	3	Ionotropic glutamate receptors	Glutamate ionotropic receptor kainate type subunits
HGNC:4583	GRIK5	GRIK5	symbol	kainate	iglur	CHANNEL	pore_census	1	1	1	3	Ionotropic glutamate receptors	Glutamate ionotropic receptor kainate type subunits
HGNC:4584	GRIN1	GRIN1	symbol	nmda	iglur	CHANNEL	pore_census	1	1	1	3	Ionotropic glutamate receptors	Glutamate ionotropic receptor NMDA type subunits
HGNC:4585	GRIN2A	GRIN2A	symbol	nmda	iglur	CHANNEL	pore_census	1	1	1	3	Ionotropic glutamate receptors	Glutamate ionotropic receptor NMDA type subunits
HGNC:4586	GRIN2B	GRIN2B	symbol	nmda	iglur	CHANNEL	pore_census	1	1	1	3	Ionotropic glutamate receptors	Glutamate ionotropic receptor NMDA type subunits
HGNC:4587	GRIN2C	GRIN2C	symbol	nmda	iglur	CHANNEL	pore_census	1	1	1	3	Ionotropic glutamate receptors	Glutamate ionotropic receptor NMDA type subunits
HGNC:4588	GRIN2D	GRIN2D	symbol	nmda	iglur	CHANNEL	pore_census	1	1	1	3	Ionotropic glutamate receptors	Glutamate ionotropic receptor NMDA type subunits
HGNC:4593	GRM1	GRM1	symbol	nonchannel_class_c_gpcr	iglur	NON_CHANNEL_HOMOLOG	non_channel_homolog	0	0	0	0		
HGNC:4594	GRM2	GRM2	symbol	nonchannel_class_c_gpcr	iglur	NON_CHANNEL_HOMOLOG	non_channel_homolog	0	0	0	0		
HGNC:4595	GRM3	GRM3	symbol	nonchannel_class_c_gpcr	iglur	NON_CHANNEL_HOMOLOG	non_channel_homolog	0	0	0	0		
HGNC:4596	GRM4	GRM4	symbol	nonchannel_class_c_gpcr	iglur	NON_CHANNEL_HOMOLOG	non_channel_homolog	0	0	0	0		
HGNC:4597	GRM5	GRM5	symbol	nonchannel_class_c_gpcr	iglur	NON_CHANNEL_HOMOLOG	non_channel_homolog	0	0	0	0		
HGNC:4598	GRM6	GRM6	symbol	nonchannel_class_c_gpcr	iglur	NON_CHANNEL_HOMOLOG	non_channel_homolog	0	0	0	0		
HGNC:4599	GRM7	GRM7	symbol	nonchannel_class_c_gpcr	iglur	NON_CHANNEL_HOMOLOG	non_channel_homolog	0	0	0	0		
HGNC:4600	GRM8	GRM8	symbol	nonchannel_class_c_gpcr	iglur	NON_CHANNEL_HOMOLOG	non_channel_homolog	0	0	0	0		
HGNC:4678	GUCA1A	GUCA1A	symbol	nonchannel_ncs	ploop	NON_CHANNEL_HOMOLOG	non_channel_homolog	0	0	0	0		
HGNC:4679	GUCA1B	GUCA1B	symbol	nonchannel_ncs	ploop	NON_CHANNEL_HOMOLOG	non_channel_homolog	0	0	0	0		
HGNC:4680	GUCA1C	GUCA1C	symbol	nonchannel_ncs	ploop	NON_CHANNEL_HOMOLOG	non_channel_homolog	0	0	0	0		
HGNC:4845	HCN1	HCN1	symbol	hcn	ploop	CHANNEL	pore_census	1	1	1	3	Cyclic nucleotide-regulated channels (CNG)	Cyclic nucleotide gated channels
HGNC:4846	HCN2	HCN2	symbol	hcn	ploop	CHANNEL	pore_census	1	1	1	3	Cyclic nucleotide-regulated channels (CNG)	Cyclic nucleotide gated channels
HGNC:497	TRPA1	TRPA1	symbol	trpa	ploop	CHANNEL	pore_census	1	1	1	3	Transient Receptor Potential channels (TRP)	Transient receptor potential cation channel subfamily A
HGNC:51	ABCC1	ABCC1	symbol	nonchannel_abc_transporter	abc_channel	NON_CHANNEL_HOMOLOG	non_channel_homolog	0	0	0	0		
HGNC:5144	HPCA	HPCA	symbol	nonchannel_ncs	ploop	NON_CHANNEL_HOMOLOG	non_channel_homolog	0	0	0	0		
HGNC:5145	HPCAL1	HPCAL1	symbol	nonchannel_ncs	ploop	NON_CHANNEL_HOMOLOG	non_channel_homolog	0	0	0	0		
HGNC:52	ABCC10	ABCC10	symbol	nonchannel_abc_transporter	abc_channel	NON_CHANNEL_HOMOLOG	non_channel_homolog	0	0	0	0		
HGNC:5297	HTR3A	HTR3A	symbol	ht3	cysloop	CHANNEL	pore_census	1	1	1	3	5-HT3 receptors	5-hydroxytryptamine receptors, ionotropic
HGNC:5298	HTR3B	HTR3B	symbol	ht3	cysloop	CHANNEL	pore_census	1	1	1	3	5-HT3 receptors	5-hydroxytryptamine receptors, ionotropic
HGNC:53	ABCC2	ABCC2	symbol	nonchannel_abc_transporter	abc_channel	NON_CHANNEL_HOMOLOG	non_channel_homolog	0	0	0	0		
HGNC:54	ABCC3	ABCC3	symbol	nonchannel_abc_transporter	abc_channel	NON_CHANNEL_HOMOLOG	non_channel_homolog	0	0	0	0		
HGNC:55	ABCC4	ABCC4	symbol	nonchannel_abc_transporter	abc_channel	NON_CHANNEL_HOMOLOG	non_channel_homolog	0	0	0	0		
HGNC:56	ABCC5	ABCC5	symbol	nonchannel_abc_transporter	abc_channel	NON_CHANNEL_HOMOLOG	non_channel_homolog	0	0	0	0		
HGNC:57	ABCC6	ABCC6	symbol	nonchannel_abc_transporter	abc_channel	NON_CHANNEL_HOMOLOG	non_channel_homolog	0	0	0	0		
HGNC:59	ABCC8	ABCC8	symbol	assoc_sur	abc_channel	CHANNEL_ASSOCIATED	auxiliary	0	0	0	0		
HGNC:60	ABCC9	ABCC9	symbol	assoc_sur	abc_channel	CHANNEL_ASSOCIATED	auxiliary	0	0	0	0		
HGNC:6096	AQP12B						uncatalogued	0	1	0	1		Aquaporins
HGNC:6180	ITPR1	ITPR1	symbol	itpr	ca_release	CHANNEL	pore_census	1	1	1	3	IP3 receptors	Inositol 1,4,5-triphosphate receptors
HGNC:6181	ITPR2	ITPR2	symbol	itpr	ca_release	CHANNEL	pore_census	1	1	1	3	IP3 receptors	Inositol 1,4,5-triphosphate receptors
HGNC:6182	ITPR3	ITPR3	symbol	itpr	ca_release	CHANNEL	pore_census	1	1	1	3	IP3 receptors	Inositol 1,4,5-triphosphate receptors
HGNC:6218	KCNA1	KCNA1	symbol	kv_shaker	ploop	CHANNEL	pore_census	1	1	1	3	Voltage-gated potassium channels (Kv)	Potassium voltage-gated channels
HGNC:6219	KCNA10	KCNA10	symbol	kv_shaker	ploop	CHANNEL	pore_census	1	1	1	3	Voltage-gated potassium channels (Kv)	Potassium voltage-gated channels
HGNC:6220	KCNA2	KCNA2	symbol	kv_shaker	ploop	CHANNEL	pore_census	1	1	1	3	Voltage-gated potassium channels (Kv)	Potassium voltage-gated channels
HGNC:6221	KCNA3	KCNA3	symbol	kv_shaker	ploop	CHANNEL	pore_census	1	1	1	3	Voltage-gated potassium channels (Kv)	Potassium voltage-gated channels
HGNC:6222	KCNA4	KCNA4	symbol	kv_shaker	ploop	CHANNEL	pore_census	1	1	1	3	Voltage-gated potassium channels (Kv)	Potassium voltage-gated channels
HGNC:6224	KCNA5	KCNA5	symbol	kv_shaker	ploop	CHANNEL	pore_census	1	1	1	3	Voltage-gated potassium channels (Kv)	Potassium voltage-gated channels
HGNC:6225	KCNA6	KCNA6	symbol	kv_shaker	ploop	CHANNEL	pore_census	1	1	1	3	Voltage-gated potassium channels (Kv)	Potassium voltage-gated channels
HGNC:6226	KCNA7	KCNA7	symbol	kv_shaker	ploop	CHANNEL	pore_census	1	1	1	3	Voltage-gated potassium channels (Kv)	Potassium voltage-gated channels
HGNC:6228	KCNAB1	KCNAB1	symbol	assoc_k_beta	ploop	CHANNEL_ASSOCIATED	auxiliary	0	0	0	0		
HGNC:6229	KCNAB2	KCNAB2	symbol	assoc_k_beta	ploop	CHANNEL_ASSOCIATED	auxiliary	0	0	0	0		
HGNC:6230	KCNAB3	KCNAB3	symbol	assoc_k_beta	ploop	CHANNEL_ASSOCIATED	auxiliary	0	0	1	1		
HGNC:6231	KCNB1	KCNB1	symbol	kv_shaker	ploop	CHANNEL	pore_census	1	1	1	3	Voltage-gated potassium channels (Kv)	Potassium voltage-gated channels
HGNC:6232	KCNB2	KCNB2	symbol	kv_shaker	ploop	CHANNEL	pore_census	1	1	1	3	Voltage-gated potassium channels (Kv)	Potassium voltage-gated channels
HGNC:6233	KCNC1	KCNC1	symbol	kv_shaker	ploop	CHANNEL	pore_census	1	1	1	3	Voltage-gated potassium channels (Kv)	Potassium voltage-gated channels
HGNC:6234	KCNC2	KCNC2	symbol	kv_shaker	ploop	CHANNEL	pore_census	1	1	1	3	Voltage-gated potassium channels (Kv)	Potassium voltage-gated channels
HGNC:6235	KCNC3	KCNC3	symbol	kv_shaker	ploop	CHANNEL	pore_census	1	1	1	3	Voltage-gated potassium channels (Kv)	Potassium voltage-gated channels
HGNC:6236	KCNC4	KCNC4	symbol	kv_shaker	ploop	CHANNEL	pore_census	1	1	1	3	Voltage-gated potassium channels (Kv)	Potassium voltage-gated channels
HGNC:6237	KCND1	KCND1	symbol	kv_shaker	ploop	CHANNEL	pore_census	1	1	1	3	Voltage-gated potassium channels (Kv)	Potassium voltage-gated channels
HGNC:6238	KCND2	KCND2	symbol	kv_shaker	ploop	CHANNEL	pore_census	1	1	1	3	Voltage-gated potassium channels (Kv)	Potassium voltage-gated channels
HGNC:6239	KCND3	KCND3	symbol	kv_shaker	ploop	CHANNEL	pore_census	1	1	1	3	Voltage-gated potassium channels (Kv)	Potassium voltage-gated channels
HGNC:6240	KCNE1	KCNE1	symbol	assoc_kcne	ploop	CHANNEL_ASSOCIATED	auxiliary	0	0	1	1		
HGNC:6241	KCNE5	KCNE5	symbol	assoc_kcne	ploop	CHANNEL_ASSOCIATED	auxiliary	0	0	0	0		
HGNC:6242	KCNE2	KCNE2	symbol	assoc_kcne	ploop	CHANNEL_ASSOCIATED	auxiliary	0	0	1	1		
HGNC:6243	KCNE3	KCNE3	symbol	assoc_kcne	ploop	CHANNEL_ASSOCIATED	auxiliary	0	0	0	0		
HGNC:6244	KCNE4	KCNE4	symbol	assoc_kcne	ploop	CHANNEL_ASSOCIATED	auxiliary	0	0	1	1		
HGNC:6246	KCNF1	KCNF1	symbol	kv_modifier	ploop	CHANNEL	pore_census	1	1	1	3	Voltage-gated potassium channels (Kv)	Potassium voltage-gated channels
HGNC:6248	KCNG1	KCNG1	symbol	kv_modifier	ploop	CHANNEL	pore_census	1	1	1	3	Voltage-gated potassium channels (Kv)	Potassium voltage-gated channels
HGNC:6249	KCNG2	KCNG2	symbol	kv_modifier	ploop	CHANNEL	pore_census	1	1	1	3	Voltage-gated potassium channels (Kv)	Potassium voltage-gated channels
HGNC:6250	KCNH1	KCNH1	symbol	kv_eag	ploop	CHANNEL	pore_census	1	1	1	3	Voltage-gated potassium channels (Kv)	Potassium voltage-gated channels
HGNC:6251	KCNH2	KCNH2	symbol	kv_eag	ploop	CHANNEL	pore_census	1	1	1	3	Voltage-gated potassium channels (Kv)	Potassium voltage-gated channels
HGNC:6252	KCNH3	KCNH3	symbol	kv_eag	ploop	CHANNEL	pore_census	1	1	1	3	Voltage-gated potassium channels (Kv)	Potassium voltage-gated channels
HGNC:6253	KCNH4	KCNH4	symbol	kv_eag	ploop	CHANNEL	pore_census	1	1	1	3	Voltage-gated potassium channels (Kv)	Potassium voltage-gated channels
HGNC:6254	KCNH5	KCNH5	symbol	kv_eag	ploop	CHANNEL	pore_census	1	1	1	3	Voltage-gated potassium channels (Kv)	Potassium voltage-gated channels
HGNC:6255	KCNJ1	KCNJ1	symbol	kir	ploop	CHANNEL	pore_census	1	1	1	3	Inwardly rectifying potassium channels (KIR)	Potassium inwardly rectifying channel subfamily J
HGNC:6256	KCNJ10	KCNJ10	symbol	kir	ploop	CHANNEL	pore_census	1	1	1	3	Inwardly rectifying potassium channels (KIR)	Potassium inwardly rectifying channel subfamily J
HGNC:6257	KCNJ11	KCNJ11	symbol	kir	ploop	CHANNEL	pore_census	1	1	1	3	Inwardly rectifying potassium channels (KIR)	Potassium inwardly rectifying channel subfamily J
HGNC:6258	KCNJ12	KCNJ12	symbol	kir	ploop	CHANNEL	pore_census	1	1	1	3	Inwardly rectifying potassium channels (KIR)	Potassium inwardly rectifying channel subfamily J
HGNC:6259	KCNJ13	KCNJ13	symbol	kir	ploop	CHANNEL	pore_census	1	1	1	3	Inwardly rectifying potassium channels (KIR)	Potassium inwardly rectifying channel subfamily J
HGNC:6260	KCNJ14	KCNJ14	symbol	kir	ploop	CHANNEL	pore_census	1	1	1	3	Inwardly rectifying potassium channels (KIR)	Potassium inwardly rectifying channel subfamily J
HGNC:6261	KCNJ15	KCNJ15	symbol	kir	ploop	CHANNEL	pore_census	1	1	1	3	Inwardly rectifying potassium channels (KIR)	Potassium inwardly rectifying channel subfamily J
HGNC:6262	KCNJ16	KCNJ16	symbol	kir	ploop	CHANNEL	pore_census	1	1	1	3	Inwardly rectifying potassium channels (KIR)	Potassium inwardly rectifying channel subfamily J
HGNC:6263	KCNJ2	KCNJ2	symbol	kir	ploop	CHANNEL	pore_census	1	1	1	3	Inwardly rectifying potassium channels (KIR)	Potassium inwardly rectifying channel subfamily J
HGNC:6264	KCNJ3	KCNJ3	symbol	kir	ploop	CHANNEL	pore_census	1	1	1	3	Inwardly rectifying potassium channels (KIR)	Potassium inwardly rectifying channel subfamily J
HGNC:6265	KCNJ4	KCNJ4	symbol	kir	ploop	CHANNEL	pore_census	1	1	1	3	Inwardly rectifying potassium channels (KIR)	Potassium inwardly rectifying channel subfamily J
HGNC:6266	KCNJ5	KCNJ5	symbol	kir	ploop	CHANNEL	pore_census	1	1	1	3	Inwardly rectifying potassium channels (KIR)	Potassium inwardly rectifying channel subfamily J
HGNC:6267	KCNJ6	KCNJ6	symbol	kir	ploop	CHANNEL	pore_census	1	1	1	3	Inwardly rectifying potassium channels (KIR)	Potassium inwardly rectifying channel subfamily J
HGNC:6269	KCNJ8	KCNJ8	symbol	kir	ploop	CHANNEL	pore_census	1	1	1	3	Inwardly rectifying potassium channels (KIR)	Potassium inwardly rectifying channel subfamily J
HGNC:6270	KCNJ9	KCNJ9	symbol	kir	ploop	CHANNEL	pore_census	1	1	1	3	Inwardly rectifying potassium channels (KIR)	Potassium inwardly rectifying channel subfamily J
HGNC:6272	KCNK1	KCNK1	symbol	k2p	ploop	CHANNEL	pore_census	1	1	1	3	Two-pore domain potassium channels (K2P)	Potassium two pore domain channel subfamily K
HGNC:6273	KCNK10	KCNK10	symbol	k2p	ploop	CHANNEL	pore_census	1	1	1	3	Two-pore domain potassium channels (K2P)	Potassium two pore domain channel subfamily K
HGNC:6274	KCNK12	KCNK12	symbol	k2p	ploop	CHANNEL	pore_census	1	1	1	3	Two-pore domain potassium channels (K2P)	Potassium two pore domain channel subfamily K
HGNC:6275	KCNK13	KCNK13	symbol	k2p	ploop	CHANNEL	pore_census	1	1	1	3	Two-pore domain potassium channels (K2P)	Potassium two pore domain channel subfamily K
HGNC:6277	KCNK2	KCNK2	symbol	k2p	ploop	CHANNEL	pore_census	1	1	1	3	Two-pore domain potassium channels (K2P)	Potassium two pore domain channel subfamily K
HGNC:6278	KCNK3	KCNK3	symbol	k2p	ploop	CHANNEL	pore_census	1	1	1	3	Two-pore domain potassium channels (K2P)	Potassium two pore domain channel subfamily K
HGNC:6279	KCNK4	KCNK4	symbol	k2p	ploop	CHANNEL	pore_census	1	1	1	3	Two-pore domain potassium channels (K2P)	Potassium two pore domain channel subfamily K
HGNC:6280	KCNK5	KCNK5	symbol	k2p	ploop	CHANNEL	pore_census	1	1	1	3	Two-pore domain potassium channels (K2P)	Potassium two pore domain channel subfamily K
HGNC:6281	KCNK6	KCNK6	symbol	k2p	ploop	CHANNEL	pore_census	1	1	1	3	Two-pore domain potassium channels (K2P)	Potassium two pore domain channel subfamily K
HGNC:6282	KCNK7	KCNK7	symbol	k2p	ploop	CHANNEL	pore_census	1	1	1	3	Two-pore domain potassium channels (K2P)	Potassium two pore domain channel subfamily K
HGNC:6283	KCNK9	KCNK9	symbol	k2p	ploop	CHANNEL	pore_census	1	1	1	3	Two-pore domain potassium channels (K2P)	Potassium two pore domain channel subfamily K
HGNC:6284	KCNMA1	KCNMA1	symbol	kca_slo	ploop	CHANNEL	pore_census	1	1	1	3	Calcium- and sodium-activated potassium channels (KCa, KNa)	Potassium calcium-activated channels
HGNC:6285	KCNMB1	KCNMB1	symbol	assoc_k_beta	ploop	CHANNEL_ASSOCIATED	auxiliary	0	0	1	1		
HGNC:6286	KCNMB2	KCNMB2	symbol	assoc_k_beta	ploop	CHANNEL_ASSOCIATED	auxiliary	0	0	1	1		
HGNC:6287	KCNMB3	KCNMB3	symbol	assoc_k_beta	ploop	CHANNEL_ASSOCIATED	auxiliary	0	0	1	1		
HGNC:6289	KCNMB4	KCNMB4	symbol	assoc_k_beta	ploop	CHANNEL_ASSOCIATED	auxiliary	0	0	1	1		
HGNC:6290	KCNN1	KCNN1	symbol	kca_sk	ploop	CHANNEL	pore_census	1	1	1	3	Calcium- and sodium-activated potassium channels (KCa, KNa)	Potassium calcium-activated channels
HGNC:6291	KCNN2	KCNN2	symbol	kca_sk	ploop	CHANNEL	pore_census	1	1	1	3	Calcium- and sodium-activated potassium channels (KCa, KNa)	Potassium calcium-activated channels
HGNC:6292	KCNN3	KCNN3	symbol	kca_sk	ploop	CHANNEL	pore_census	1	1	1	3	Calcium- and sodium-activated potassium channels (KCa, KNa)	Potassium calcium-activated channels
HGNC:6293	KCNN4	KCNN4	symbol	kca_sk	ploop	CHANNEL	pore_census	1	1	1	3	Calcium- and sodium-activated potassium channels (KCa, KNa)	Potassium calcium-activated channels
HGNC:6294	KCNQ1	KCNQ1	symbol	kv_kcnq	ploop	CHANNEL	pore_census	1	1	1	3	Voltage-gated potassium channels (Kv)	Potassium voltage-gated channels
HGNC:6296	KCNQ2	KCNQ2	symbol	kv_kcnq	ploop	CHANNEL	pore_census	1	1	1	3	Voltage-gated potassium channels (Kv)	Potassium voltage-gated channels
HGNC:6297	KCNQ3	KCNQ3	symbol	kv_kcnq	ploop	CHANNEL	pore_census	1	1	1	3	Voltage-gated potassium channels (Kv)	Potassium voltage-gated channels
HGNC:6298	KCNQ4	KCNQ4	symbol	kv_kcnq	ploop	CHANNEL	pore_census	1	1	1	3	Voltage-gated potassium channels (Kv)	Potassium voltage-gated channels
HGNC:6299	KCNQ5	KCNQ5	symbol	kv_kcnq	ploop	CHANNEL	pore_census	1	1	1	3	Voltage-gated potassium channels (Kv)	Potassium voltage-gated channels
HGNC:6300	KCNS1	KCNS1	symbol	kv_modifier	ploop	CHANNEL	pore_census	1	1	1	3	Voltage-gated potassium channels (Kv)	Potassium voltage-gated channels
HGNC:6301	KCNS2	KCNS2	symbol	kv_modifier	ploop	CHANNEL	pore_census	1	1	1	3	Voltage-gated potassium channels (Kv)	Potassium voltage-gated channels
HGNC:6302	KCNS3	KCNS3	symbol	kv_modifier	ploop	CHANNEL	pore_census	1	1	1	3	Voltage-gated potassium channels (Kv)	Potassium voltage-gated channels
HGNC:633	AQP1	AQP1	symbol	outofscope_aquaporin		OUT_OF_SCOPE	out_of_scope	1	1	0	2	Aquaporins	Aquaporins
HGNC:634	AQP2	AQP2	symbol	outofscope_aquaporin		OUT_OF_SCOPE	out_of_scope	1	1	0	2	Aquaporins	Aquaporins
HGNC:636	AQP3	AQP3	symbol	outofscope_aquaporin		OUT_OF_SCOPE	out_of_scope	1	1	0	2	Aquaporins	Aquaporins
HGNC:637	AQP4	AQP4	symbol	outofscope_aquaporin		OUT_OF_SCOPE	out_of_scope	1	1	0	2	Aquaporins	Aquaporins
HGNC:638	AQP5	AQP5	symbol	outofscope_aquaporin		OUT_OF_SCOPE	out_of_scope	1	1	0	2	Aquaporins	Aquaporins
HGNC:639	AQP6	AQP6	symbol	outofscope_aquaporin		OUT_OF_SCOPE	out_of_scope	1	1	0	2	Aquaporins	Aquaporins
HGNC:640	AQP7	AQP7	symbol	outofscope_aquaporin		OUT_OF_SCOPE	out_of_scope	1	1	0	2	Aquaporins	Aquaporins
HGNC:642	AQP8	AQP8	symbol	outofscope_aquaporin		OUT_OF_SCOPE	out_of_scope	1	1	0	2	Aquaporins	Aquaporins
HGNC:643	AQP9	AQP9	symbol	outofscope_aquaporin		OUT_OF_SCOPE	out_of_scope	1	1	0	2	Aquaporins	Aquaporins
HGNC:7103	MIP	AQP0	alias_symbol	outofscope_aquaporin		OUT_OF_SCOPE	out_of_scope	1	1	0	2	Aquaporins	Aquaporins
HGNC:7146	TRPM1	TRPM1	symbol	trpm	ploop	CHANNEL	pore_census	1	1	1	3	Transient Receptor Potential channels (TRP)	Transient receptor potential cation channel subfamily M
HGNC:7151	GSDMC	GSDMC	symbol	nonchannel_gasdermin		NON_CHANNEL_HOMOLOG	non_channel_homolog	0	0	0	0		
HGNC:7655	NCALD	NCALD	symbol	nonchannel_ncs	ploop	NON_CHANNEL_HOMOLOG	non_channel_homolog	0	0	0	0		
HGNC:8533	P2RX1	P2RX1	symbol	p2x	p2x	CHANNEL	pore_census	1	1	1	3	P2X receptors	Purinergic receptors P2X
HGNC:8534	P2RX3	P2RX3	symbol	p2x	p2x	CHANNEL	pore_census	1	1	1	3	P2X receptors	Purinergic receptors P2X
HGNC:8535	P2RX4	P2RX4	symbol	p2x	p2x	CHANNEL	pore_census	1	1	1	3	P2X receptors	Purinergic receptors P2X
HGNC:8536	P2RX5	P2RX5	symbol	p2x	p2x	CHANNEL	pore_census	1	1	1	3	P2X receptors	Purinergic receptors P2X
HGNC:8537	P2RX7	P2RX7	symbol	p2x	p2x	CHANNEL	pore_census	1	1	1	3	P2X receptors	Purinergic receptors P2X
HGNC:8538	P2RX6	P2RX6	symbol	p2x	p2x	CHANNEL	pore_census	1	1	1	3	P2X receptors	Purinergic receptors P2X
HGNC:8599	PANX1	PANX1	symbol	pannexin	innexin_like	CHANNEL	pore_census	1	1	1	3	Connexins and Pannexins	Pannexins
HGNC:8600	PANX2	PANX2	symbol	pannexin	innexin_like	CHANNEL	pore_census	1	1	1	3	Connexins and Pannexins	Pannexins
HGNC:8818	SLC26A4	SLC26A4	symbol	transporter_slc26		TRANSPORTER	transporter	0	0	0	0		
HGNC:9008	PKD1	PKD1	symbol	assoc_polycystin1	ploop	CHANNEL_ASSOCIATED	auxiliary	0	0	0	0		
HGNC:9009	PKD2	PKD2	symbol	trpp	ploop	CHANNEL	pore_census	1	1	1	3	Transient Receptor Potential channels (TRP)	Polycystin 2, transient receptor potential cation channel family
HGNC:9011	PKD2L1	PKD2L1	symbol	trpp	ploop	CHANNEL	pore_census	1	1	1	3	Transient Receptor Potential channels (TRP)	Polycystin 2, transient receptor potential cation channel family
HGNC:9012	PKD2L2	PKD2L2	symbol	trpp	ploop	CHANNEL	pore_census	1	1	1	3	Transient Receptor Potential channels (TRP)	Polycystin 2, transient receptor potential cation channel family
HGNC:9202	POMT1	POMT1	symbol	nonchannel_pomt	ca_release	NON_CHANNEL_HOMOLOG	non_channel_homolog	0	0	0	0		
HGNC:9359	SLC26A5	SLC26A5	symbol	transporter_slc26		TRANSPORTER	transporter	0	0	0	0		
HGNC:99	ASIC2	ASIC2	symbol	asic	deg_enac	CHANNEL	pore_census	1	1	1	3	Acid-sensing (proton-gated) ion channels (ASICs)	Acid sensing ion channel subunits
HGNC:9937	RCVRN	RCVRN	symbol	nonchannel_ncs	ploop	NON_CHANNEL_HOMOLOG	non_channel_homolog	0	0	0	0		
