filter_string	family	records
EEEE	cav	13966
DEKA	nav	10744
EEDD	cav	5299
EEKE	nalcn	1359
NEEE	-	1267
EEE-	-	438
DEEA	-	435
DEKG	nav	253
DE-A	nav	231
QEEE	-	221
DEK-	nav	178
-EEE	-	166
DENA	-	164
DDDD	-	129
QEEE	cav	94
EED-	-	93
-EDD	-	88
EKEE	-	73
DE-A	-	72
EDEE	-	54
EDDD	-	51
-EEE	cav	43
E-EE	-	40
EE-E	-	40
DEKG	-	37
TEEE	-	33
SDEE	-	33
E-EE	cav	31
DEK-	-	30
D-KA	-	29
DKEA	-	28
-EKA	-	26
DEHA	nav	26
EEE-	cav	25
DEKE	-	24
EEK-	-	23
DETA	nav	21
DEEE	-	20
SESE	-	20
NDDN	-	20
-EE-	-	19
-EKE	-	18
DQKD	-	18
DE-G	nav	17
D-KA	nav	16
-EKA	nav	16
EERE	-	16
EEDE	-	16
DEKX	nav	15
E-DD	-	15
EEEA	-	15
EE-E	cav	15
QDEE	-	15
TEND	-	15
NNEE	-	15
DENS	-	14
DERA	nav	14
DEES	-	14
DEE-	-	14
EDEQ	-	14
DELA	nav	13
QEE-	-	13
AEEE	-	13
DEDD	-	12
SEDD	-	12
EERE	cav	12
NEDD	-	12
SGKE	-	12
DE--	nav	11
EEET	-	11
DETE	-	11
SEEE	-	10
EEEA	cav	10
EESD	-	10
QQAQ	-	10
EGEE	-	9
TNEE	-	9
DGDD	-	9
IEEE	-	9
ENLL	-	9
DDND	-	9
EEED	-	8
--EE	-	8
EE--	-	8
ENEE	-	8
EEEC	cav	8
EQDD	-	8
EDDE	-	8
EDED	-	8
DEQA	-	7
EEEG	-	7
DDQA	-	7
-EEA	-	7
D-EA	-	7
QDSE	-	7
HDQA	-	7
QESE	-	7
AHKE	-	7
QEAQ	-	7
DEQA	nav	6
EEDT	-	6
DETS	-	6
DENV	-	6
DQSS	-	6
EEGE	-	6
TYL-	-	6
DEDG	-	6
EQDE	-	6
EEGE	cav	5
EEES	-	5
MEEE	-	5
ESDD	-	5
DEAA	nav	5
DERA	-	5
DEHS	-	5
DEAA	-	5
-DDD	-	5
NEKE	-	5
DEAE	-	5
NDEE	-	5
DEKS	nav	4
-E-A	-	4
--DD	-	4
ELKE	-	4
EEEN	-	4
EDEE	cav	4
E--E	-	4
IEEE	cav	4
EE-D	-	4
ENDD	-	4
DEIA	-	4
DSKA	-	4
WEEE	-	4
-DEE	-	4
DEET	-	4
DDKG	-	4
DDSD	-	4
FEEE	-	4
DEGA	nav	3
D--A	-	3
EVEE	-	3
-E--	-	3
EQEE	cav	3
GEDD	-	3
EPEE	-	3
ERDD	-	3
KEDD	-	3
EEPD	-	3
DE-G	-	3
EEEK	-	3
ELEE	cav	3
EEDA	-	3
E-E-	-	3
-DAA	-	3
TEDD	-	3
EEDR	-	3
EEEI	-	3
DEVA	-	3
D-K-	nav	3
DEEG	-	3
-E-E	-	3
DDQ-	-	3
DDEE	-	3
AEDD	-	3
EDE-	-	3
EIEE	-	3
HD-A	-	3
NEEA	-	3
EEDS	-	3
-DKE	-	3
-KEE	-	3
ESEE	-	3
SEND	-	3
DD-E	-	3
TNND	-	3
DDKD	-	3
DSGG	-	3
EDAD	-	3
--D-	-	3
IQEE	-	3
DEPA	nav	2
NEKA	-	2
GEEE	-	2
DEN-	-	2
EEEQ	-	2
DEVA	nav	2
DEEG	nav	2
PEKA	nav	2
DEST	-	2
EEIE	cav	2
DEHA	-	2
D-SA	-	2
E-KE	-	2
DDAA	-	2
IEDD	-	2
DHSS	-	2
EHEE	-	2
EEEH	-	2
EEER	-	2
DLSS	-	2
ERE-	-	2
DENT	-	2
EQEE	-	2
LEEE	-	2
ASKA	-	2
EREE	-	2
DEAS	-	2
ESE-	cav	2
DDDS	-	2
-D-A	-	2
DESA	nav	2
EEKA	nav	2
DEH-	nav	2
XEKA	-	2
DTQE	-	2
ELEE	-	2
EEKD	-	2
EEHE	-	2
V-EE	-	2
DES-	-	2
TSY-	-	2
ETDD	-	2
EMDD	-	2
-D--	-	2
EEDI	-	2
AESD	-	2
DESE	-	2
DADD	-	2
TSAD	-	2
ENDE	-	2
GHRC	-	2
RDDD	-	2
SSEE	-	2
QAEE	-	2
NEE-	-	2
NTEE	-	2
NSEE	-	2
NEDE	-	2
NE-E	-	2
LKAV	-	2
DTVR	-	2
EDGE	-	2
ANEE	-	2
NEED	-	2
SNEE	-	2
SEQD	-	2
GRDV	-	2
T-TA	-	2
D-TS	-	2
DDVD	-	2
-DS-	-	2
--TS	-	2
N-EE	-	2
GQEQ	-	2
DEKC	nav	1
DYKA	nav	1
DXK-	nav	1
-EK-	nav	1
DEKS	-	1
DMKA	-	1
DEKP	-	1
D-K-	-	1
-ENA	-	1
EGET	-	1
EEES	cav	1
-PKE	-	1
EWEE	-	1
REDD	-	1
-EEG	-	1
-EER	-	1
EEEL	cav	1
EEQA	-	1
-E-P	-	1
SEEE	cav	1
VEDD	-	1
EEDP	-	1
DEFA	nav	1
DEVG	nav	1
DE-K	nav	1
KEKA	nav	1
-EKR	nav	1
DESS	-	1
DDA-	-	1
DTAA	-	1
SLT-	-	1
-EPE	cav	1
SREE	-	1
E-EA	-	1
EECE	-	1
-EDV	-	1
E-EC	-	1
QEEA	-	1
EER-	-	1
DRAA	-	1
KEK-	-	1
PEKE	-	1
--QE	-	1
-ED-	-	1
QEKE	-	1
EEEQ	cav	1
DN-T	-	1
DQAP	-	1
EEKT	-	1
DKAS	-	1
DSDS	-	1
Q-EE	-	1
EETD	-	1
ED-E	cav	1
E-EF	-	1
AEE-	-	1
-E-E	cav	1
--E-	-	1
EEEF	cav	1
DH-D	-	1
EDDP	-	1
ELDD	-	1
ETEE	-	1
EEEY	-	1
D-DS	-	1
EETE	-	1
QEER	-	1
----	-	1
D-F-	-	1
--PE	cav	1
DEAP	-	1
ES-T	-	1
EEDQ	-	1
DEDI	-	1
YEKA	nav	1
DVKA	nav	1
DSKA	nav	1
DXKA	nav	1
HEKA	nav	1
AEKA	-	1
DER-	nav	1
DEKY	nav	1
DEYA	nav	1
DEKE	nav	1
DEKN	nav	1
DEQ-	nav	1
-EKG	nav	1
PEKA	-	1
DEPA	-	1
---A	-	1
D-KG	-	1
DEDA	-	1
STYI	-	1
YDVL	-	1
XEEE	cav	1
EEEF	-	1
VEEE	-	1
-EEK	-	1
ESE-	-	1
EEEV	-	1
--KA	-	1
EEND	-	1
DENE	-	1
EKDD	-	1
EEWD	-	1
-EDI	-	1
EEHE	cav	1
GEEE	cav	1
EEEK	cav	1
KEEE	-	1
-EDP	-	1
DEEE	cav	1
DEME	-	1
D--A	nav	1
-TS-	-	1
DE--	-	1
-EKL	-	1
GY--	-	1
TYT-	-	1
NQV-	-	1
TQY-	-	1
TA-C	-	1
QAV-	-	1
T--P	-	1
--LG	-	1
EEEI	cav	1
EIKE	cav	1
E--D	-	1
MEKE	-	1
KEKE	-	1
EEEM	-	1
E---	-	1
EEKA	-	1
NEK-	-	1
DEER	-	1
DKKA	-	1
-EEI	-	1
DSEA	-	1
EDDS	-	1
KE-E	-	1
REKE	-	1
DEGA	-	1
EESE	-	1
-EEL	-	1
EG-D	-	1
EESA	-	1
EQKE	-	1
EREA	-	1
EEDX	-	1
TEKE	-	1
EIE-	-	1
E-ES	-	1
-E-D	-	1
LDDD	-	1
ERKE	-	1
--KE	-	1
EEV-	-	1
--GE	-	1
TR--	-	1
-L-A	-	1
T-T-	-	1
VRKS	-	1
DY--	-	1
TQ--	-	1
---E	-	1
ETE-	-	1
DKEL	-	1
EKE-	-	1
HD--	-	1
-EES	-	1
-EK-	-	1
ME-G	-	1
HDR-	-	1
EEKF	-	1
SSNS	-	1
-SAD	-	1
DNSN	-	1
T-ND	-	1
TESD	-	1
SSSE	-	1
SDNA	-	1
-RIS	-	1
DLDD	-	1
AEND	-	1
KQND	-	1
-HRC	-	1
RSDD	-	1
VTDD	-	1
S-SE	-	1
SSDD	-	1
GNEE	-	1
DPED	-	1
NEAE	-	1
VSEE	-	1
TRSE	-	1
NMEE	-	1
ESQE	-	1
EEQE	-	1
NDEK	-	1
SE-E	-	1
NEEN	-	1
SDRD	-	1
NDDE	-	1
ENED	-	1
NWEE	-	1
NETE	-	1
DKEY	-	1
SDQE	-	1
SES-	-	1
N-DE	-	1
QEET	-	1
NEER	-	1
QREE	-	1
DKEP	-	1
-DE-	-	1
-AEE	-	1
TDAA	-	1
-TKR	-	1
DHVK	-	1
TDKI	-	1
D-VG	-	1
LSFF	-	1
LDKS	-	1
NH-A	-	1
-KFF	-	1
AV-S	-	1
ERGF	-	1
DD-I	-	1
PEEI	-	1
AL-A	-	1
T--Y	-	1
PE-A	-	1
PENI	-	1
-KLR	-	1
RDYV	-	1
DGAA	-	1
LQ-Q	-	1
DKRA	-	1
D-KV	-	1
DDTP	-	1
YEEE	-	1
SDDN	-	1
SAEE	-	1
DDAD	-	1
ENNE	-	1
DEDN	-	1
AQKD	-	1
DSKD	-	1
YNEA	-	1
S-RD	-	1
SEAE	-	1
SDQ-	-	1
ADQD	-	1
EEAD	-	1
-DA-	-	1
-MGD	-	1
DI--	-	1
VESD	-	1
ESRD	-	1
EEDN	-	1
-NNA	-	1
DDGD	-	1
CDQD	-	1
NDEA	-	1
NKDN	-	1
AGKE	-	1
DTVE	-	1
DDD-	-	1
T-SA	-	1
NNN-	-	1
DNPN	-	1
E-KD	-	1
-RSS	-	1
EDDN	-	1
NEDN	-	1
AAGV	-	1
DDKA	-	1
-DTD	-	1
EEEL	-	1
AHK-	-	1
EDSD	-	1
SDKE	-	1
-AGT	-	1
VIT-	-	1
N-DN	-	1
STKE	-	1
KDDD	-	1
EIDD	-	1
SDE-	-	1
TD--	-	1
Q-GA	-	1
RS--	-	1
PEYV	-	1
D--V	-	1
QI--	-	1
DT-V	-	1
D-KF	-	1
GT-V	-	1
ERLS	-	1
-NAN	-	1
P--A	-	1
DERD	-	1
-AGI	-	1
-NGV	-	1
QNDD	-	1
DDHD	-	1
PQQG	-	1
SDSD	-	1
DRSD	-	1
DNDP	-	1
SGTE	-	1
DDVG	-	1
VDDD	-	1
DG-D	-	1
EDEG	-	1
ADSD	-	1
DNDD	-	1
-RGV	-	1
EVEA	-	1
-SAL	-	1
DKTD	-	1
-VDD	-	1
-H--	-	1
QGEC	-	1
SGEE	-	1
PGRS	-	1
QYDD	-	1
--GA	-	1
-EGD	-	1
DSD-	-	1
QEAE	-	1
DED-	-	1
NDDD	-	1
DA--	-	1
DTDE	-	1
DGEE	-	1
ESDP	-	1
D-NA	-	1
