gene	expected_family	accession	s2_family	s2_status	confidence	decisive_tier	correct
GRIA1	ampa	P42261		superfamily_only	bronze		no
GRIA2	ampa	P42262		superfamily_only	bronze		no
GRIA3	ampa	P42263		superfamily_only	bronze		no
GRIA4	ampa	P48058		superfamily_only	bronze		no
ANO1	ano_channel	Q5XXA6		superfamily_only	bronze		no
ANO2	ano_channel	Q9NQ90		superfamily_only	bronze		no
ANO10	ano_scramblase	Q9NW15		unassigned	unassigned		no
ANO3	ano_scramblase	Q9BYT9		superfamily_only	bronze		no
ANO4	ano_scramblase	Q32M45		superfamily_only	bronze		no
ANO5	ano_scramblase	Q75V66		superfamily_only	bronze		no
ANO6	ano_scramblase	Q4KMQ2		superfamily_only	bronze		no
ANO7	ano_scramblase	Q6IWH7		superfamily_only	bronze		no
ANO8	ano_scramblase	Q9HCE9		unassigned	unassigned		no
ANO9	ano_scramblase	A1A5B4		superfamily_only	bronze		no
ASIC1	asic	P78348		superfamily_only	bronze		no
ASIC2	asic	Q16515		superfamily_only	bronze		no
ASIC3	asic	Q9UHC3		superfamily_only	bronze		no
ASIC4	asic	Q96FT7		superfamily_only	bronze		no
ASIC5	asic	Q9NY37		superfamily_only	bronze		no
BEST1	bestrophin	O76090	bestrophin	channel	bronze	architecture	yes
BEST2	bestrophin	Q8NFU1	bestrophin	channel	bronze	architecture	yes
BEST3	bestrophin	Q8N1M1	bestrophin	channel	bronze	architecture	yes
BEST4	bestrophin	Q8NFU0	bestrophin	channel	bronze	architecture	yes
CALHM1	calhm	Q8IU99	calhm	channel	bronze	architecture	yes
CALHM2	calhm	Q9HA72	calhm	channel	bronze	architecture	yes
CALHM3	calhm	Q86XJ0	calhm	channel	bronze	architecture	yes
CALHM4	calhm	Q5JW98	calhm	channel	bronze	architecture	yes
CALHM5	calhm	Q8N5C1	calhm	channel	bronze	architecture	yes
CALHM6	calhm	Q5R3K3	calhm	channel	bronze	architecture	yes
CATSPER1	catsper	Q8NEC5		superfamily_only	bronze		no
CATSPER2	catsper	Q96P56		superfamily_only	bronze		no
CATSPER3	catsper	Q86XQ3		superfamily_only	bronze		no
CATSPER4	catsper	Q7RTX7		superfamily_only	bronze		no
CACNA1A	cav	O00555	cav	channel	silver	motif	yes
CACNA1B	cav	Q00975	cav	channel	silver	motif	yes
CACNA1C	cav	Q13936	cav	channel	gold	motif	yes
CACNA1D	cav	Q01668	cav	channel	gold	motif	yes
CACNA1E	cav	Q15878	cav	channel	silver	motif	yes
CACNA1F	cav	O60840	cav	channel	gold	motif	yes
CACNA1G	cav	O43497	cav	channel	silver	motif	yes
CACNA1H	cav	O95180	cav	channel	silver	motif	yes
CACNA1I	cav	Q9P0X4	cav	channel	silver	motif	yes
CACNA1S	cav	Q13698	cav	channel	silver	motif	yes
CFTR	cftr	P13569	cftr	channel	silver	hazard	yes
CLCN1	clc_channel	P35523		superfamily_only	bronze		no
CLCN2	clc_channel	P51788		superfamily_only	bronze		no
CLCNKA	clc_channel	P51800		superfamily_only	bronze		no
CLCNKB	clc_channel	P51801		superfamily_only	bronze		no
CLIC1	clic	O00299	clic	channel_contested	bronze	architecture	yes
CLIC2	clic	O15247	clic	channel_contested	bronze	architecture	yes
CLIC3	clic	O95833	clic	channel_contested	bronze	architecture	yes
CLIC4	clic	Q9Y696	clic	channel_contested	bronze	architecture	yes
CLIC5	clic	Q9NZA1	clic	channel_contested	bronze	architecture	yes
CLIC6	clic	Q96NY7	clic	channel_contested	bronze	architecture	yes
CNGA1	cng	P29973	cng	channel	bronze	architecture	yes
CNGA2	cng	Q16280	cng	channel	bronze	architecture	yes
CNGA3	cng	Q16281	cng	channel	bronze	architecture	yes
CNGA4	cng	Q8IV77	cng	channel	bronze	architecture	yes
CNGB1	cng	Q14028		superfamily_only	bronze		no
CNGB3	cng	Q9NQW8		superfamily_only	bronze		no
GJA1	connexin	P17302	connexin	channel	bronze	architecture	yes
GJA10	connexin	Q969M2	connexin	channel	bronze	architecture	yes
GJA3	connexin	Q9Y6H8	connexin	channel	bronze	architecture	yes
GJA4	connexin	P35212	connexin	channel	bronze	architecture	yes
GJA5	connexin	P36382	connexin	channel	bronze	architecture	yes
GJA8	connexin	P48165	connexin	channel	bronze	architecture	yes
GJA9	connexin	P57773	connexin	channel	bronze	architecture	yes
GJB1	connexin	P08034	connexin	channel	bronze	architecture	yes
GJB2	connexin	P29033	connexin	channel	bronze	architecture	yes
GJB3	connexin	O75712	connexin	channel	bronze	architecture	yes
GJB4	connexin	Q9NTQ9	connexin	channel	bronze	architecture	yes
GJB5	connexin	O95377	connexin	channel	bronze	architecture	yes
GJB6	connexin	O95452	connexin	channel	bronze	architecture	yes
GJB7	connexin	Q6PEY0	connexin	channel	bronze	architecture	yes
GJC1	connexin	P36383	connexin	channel	bronze	architecture	yes
GJC2	connexin	Q5T442	connexin	channel	bronze	architecture	yes
GJC3	connexin	Q8NFK1	connexin	channel	bronze	architecture	yes
GJD2	connexin	Q9UKL4	connexin	channel	bronze	architecture	yes
GJD3	connexin	Q8N144	connexin	channel	bronze	architecture	yes
GJD4	connexin	Q96KN9	connexin	channel	bronze	architecture	yes
GJE1	connexin	A6NN92	connexin	channel	bronze	architecture	yes
GRID1	delta_glur	Q9ULK0		superfamily_only	bronze		no
GRID2	delta_glur	O43424		superfamily_only	bronze		no
SCNN1A	enac	P37088		superfamily_only	bronze		no
SCNN1B	enac	P51168		superfamily_only	bronze		no
SCNN1D	enac	P51172		superfamily_only	bronze		no
SCNN1G	enac	P51170		superfamily_only	bronze		no
GABRA1	gabaa	P14867		superfamily_only	bronze		no
GABRA2	gabaa	P47869		superfamily_only	bronze		no
GABRA3	gabaa	P34903		superfamily_only	bronze		no
GABRA4	gabaa	P48169		superfamily_only	bronze		no
GABRA5	gabaa	P31644		superfamily_only	bronze		no
GABRA6	gabaa	Q16445		superfamily_only	bronze		no
GABRB1	gabaa	P18505		superfamily_only	bronze		no
GABRB2	gabaa	P47870		superfamily_only	bronze		no
GABRB3	gabaa	P28472		superfamily_only	bronze		no
GABRD	gabaa	O14764		superfamily_only	bronze		no
GABRE	gabaa	P78334		superfamily_only	bronze		no
GABRG1	gabaa	Q8N1C3		superfamily_only	bronze		no
GABRG2	gabaa	P18507		superfamily_only	bronze		no
GABRG3	gabaa	Q99928		superfamily_only	bronze		no
GABRP	gabaa	O00591		superfamily_only	bronze		no
GABRQ	gabaa	Q9UN88		superfamily_only	bronze		no
GABRR1	gabaa	P24046		superfamily_only	bronze		no
GABRR2	gabaa	P28476		superfamily_only	bronze		no
GABRR3	gabaa	A8MPY1		superfamily_only	bronze		no
GLRA1	glyr	P23415		superfamily_only	bronze		no
GLRA2	glyr	P23416		superfamily_only	bronze		no
GLRA3	glyr	O75311		superfamily_only	bronze		no
GLRA4	glyr			absent			no
GLRB	glyr	P48167		superfamily_only	bronze		no
HCN1	hcn	O60741	hcn	channel	bronze	architecture	yes
HCN2	hcn	Q9UL51	hcn	channel	bronze	architecture	yes
HCN3	hcn	Q9P1Z3	hcn	channel	bronze	architecture	yes
HCN4	hcn	Q9Y3Q4	hcn	channel	bronze	architecture	yes
HTR3A	ht3	P46098		superfamily_only	bronze		no
HTR3B	ht3	O95264		superfamily_only	bronze		no
HTR3C	ht3	Q8WXA8		superfamily_only	bronze		no
HTR3D	ht3	Q70Z44		superfamily_only	bronze		no
HTR3E	ht3	A5X5Y0		superfamily_only	bronze		no
HVCN1	hv1	Q96D96	hv1	channel	silver	hazard	yes
ITPR1	itpr	Q14643	itpr	channel	silver	hazard	yes
ITPR2	itpr	Q14571	itpr	channel	silver	hazard	yes
ITPR3	itpr	Q14573	itpr	channel	silver	hazard	yes
KCNK1	k2p	O00180	k2p	channel	silver	hazard	yes
KCNK10	k2p	P57789	k2p	channel	silver	hazard	yes
KCNK12	k2p	Q9HB15	k2p	channel	silver	hazard	yes
KCNK13	k2p	Q9HB14	k2p	channel	silver	hazard	yes
KCNK15	k2p	Q9H427	k2p	channel	silver	hazard	yes
KCNK16	k2p	Q96T55	k2p	channel	silver	hazard	yes
KCNK17	k2p	Q96T54	k2p	channel	silver	hazard	yes
KCNK18	k2p	Q7Z418	k2p	channel	silver	hazard	yes
KCNK2	k2p	O95069	k2p	channel	silver	hazard	yes
KCNK3	k2p	O14649	k2p	channel	silver	hazard	yes
KCNK4	k2p	Q9NYG8	k2p	channel	silver	hazard	yes
KCNK5	k2p	O95279	k2p	channel	silver	hazard	yes
KCNK6	k2p	Q9Y257	k2p	channel	silver	hazard	yes
KCNK7	k2p	Q9Y2U2	k2p	channel	silver	hazard	yes
KCNK9	k2p	Q9NPC2	k2p	channel	silver	hazard	yes
GRIK1	kainate	P39086		superfamily_only	bronze		no
GRIK2	kainate	Q13002		superfamily_only	bronze		no
GRIK3	kainate	Q13003		superfamily_only	bronze		no
GRIK4	kainate	Q16099		superfamily_only	bronze		no
GRIK5	kainate	Q16478		superfamily_only	bronze		no
KCNN1	kca_sk	Q92952	kca_sk	channel	bronze	architecture	yes
KCNN2	kca_sk	Q9H2S1	kca_sk	channel	bronze	architecture	yes
KCNN3	kca_sk	Q9UGI6	kca_sk	channel	bronze	architecture	yes
KCNN4	kca_sk	O15554	kca_sk	channel	bronze	architecture	yes
KCNMA1	kca_slo	Q12791	kca_slo	channel	bronze	architecture	yes
KCNT1	kca_slo	Q5JUK3	kca_slo	channel	bronze	architecture	yes
KCNT2	kca_slo	Q6UVM3	kca_slo	channel	bronze	architecture	yes
KCNU1	kca_slo	A8MYU2	kca_slo	channel	bronze	architecture	yes
KCNJ1	kir	P48048	kir	channel	silver	hazard	yes
KCNJ10	kir	P78508	kir	channel	silver	hazard	yes
KCNJ11	kir	Q14654	kir	channel	silver	hazard	yes
KCNJ12	kir	Q14500	kir	channel	silver	hazard	yes
KCNJ13	kir	O60928	kir	channel	silver	hazard	yes
KCNJ14	kir	Q9UNX9	kir	channel	silver	hazard	yes
KCNJ15	kir	Q99712	kir	channel	silver	hazard	yes
KCNJ16	kir	Q9NPI9	kir	channel	silver	hazard	yes
KCNJ18	kir	B7U540	kir	channel	silver	hazard	yes
KCNJ2	kir	P63252	kir	channel	silver	hazard	yes
KCNJ3	kir	P48549	kir	channel	silver	hazard	yes
KCNJ4	kir	P48050	kir	channel	silver	hazard	yes
KCNJ5	kir	P48544	kir	channel	silver	hazard	yes
KCNJ6	kir	P48051	kir	channel	silver	hazard	yes
KCNJ8	kir	Q15842	kir	channel	silver	hazard	yes
KCNJ9	kir	Q92806	kir	channel	silver	hazard	yes
KCNH1	kv_eag	O95259	kv_eag	channel	bronze	architecture	yes
KCNH2	kv_eag	Q12809	kv_eag	channel	bronze	architecture	yes
KCNH3	kv_eag	Q9ULD8	kv_eag	channel	bronze	architecture	yes
KCNH4	kv_eag	Q9UQ05		superfamily_only	bronze		no
KCNH5	kv_eag	Q8NCM2	kv_eag	channel	bronze	architecture	yes
KCNH6	kv_eag	Q9H252	kv_eag	channel	bronze	architecture	yes
KCNH7	kv_eag	Q9NS40	kv_eag	channel	bronze	architecture	yes
KCNH8	kv_eag	Q96L42	kv_eag	channel	bronze	architecture	yes
KCNQ1	kv_kcnq	P51787	kv_kcnq	channel	bronze	architecture	yes
KCNQ2	kv_kcnq	O43526	kv_kcnq	channel	bronze	architecture	yes
KCNQ3	kv_kcnq	O43525	kv_kcnq	channel	bronze	architecture	yes
KCNQ4	kv_kcnq	P56696	kv_kcnq	channel	bronze	architecture	yes
KCNQ5	kv_kcnq	Q9NR82	kv_kcnq	channel	bronze	architecture	yes
KCNF1	kv_modifier	Q9H3M0		superfamily_only	bronze		no
KCNG1	kv_modifier	Q9UIX4		superfamily_only	bronze		no
KCNG2	kv_modifier	Q9UJ96		superfamily_only	bronze		no
KCNG3	kv_modifier	Q8TAE7		superfamily_only	bronze		no
KCNG4	kv_modifier	Q8TDN1		superfamily_only	bronze		no
KCNS1	kv_modifier	Q96KK3		superfamily_only	bronze		no
KCNS2	kv_modifier	Q9ULS6		superfamily_only	bronze		no
KCNS3	kv_modifier	Q9BQ31		superfamily_only	bronze		no
KCNV1	kv_modifier	Q6PIU1		superfamily_only	bronze		no
KCNV2	kv_modifier	Q8TDN2		superfamily_only	bronze		no
KCNA1	kv_shaker	Q09470		superfamily_only	bronze		no
KCNA10	kv_shaker	Q16322		superfamily_only	bronze		no
KCNA2	kv_shaker	P16389		superfamily_only	bronze		no
KCNA3	kv_shaker	P22001		superfamily_only	bronze		no
KCNA4	kv_shaker	P22459		superfamily_only	bronze		no
KCNA5	kv_shaker	P22460		superfamily_only	bronze		no
KCNA6	kv_shaker	P17658		superfamily_only	bronze		no
KCNA7	kv_shaker	Q96RP8		superfamily_only	bronze		no
KCNB1	kv_shaker	Q14721	kv_shaker	channel	bronze	architecture	yes
KCNB2	kv_shaker	Q92953	kv_shaker	channel	bronze	architecture	yes
KCNC1	kv_shaker	P48547		superfamily_only	bronze		no
KCNC2	kv_shaker	Q96PR1		superfamily_only	bronze		no
KCNC3	kv_shaker	Q14003		superfamily_only	bronze		no
KCNC4	kv_shaker	Q03721		superfamily_only	bronze		no
KCND1	kv_shaker	Q9NSA2		superfamily_only	bronze		no
KCND2	kv_shaker	Q9NZV8		superfamily_only	bronze		no
KCND3	kv_shaker	Q9UK17		superfamily_only	bronze		no
LRRC8A	lrrc8	Q8IWT6	lrrc8	channel	bronze	architecture	yes
LRRC8B	lrrc8	Q6P9F7	lrrc8	channel	bronze	architecture	yes
LRRC8C	lrrc8	Q8TDW0	lrrc8	channel	bronze	architecture	yes
LRRC8D	lrrc8	Q7L1W4	lrrc8	channel	bronze	architecture	yes
LRRC8E	lrrc8	Q6NSJ5	lrrc8	channel	bronze	architecture	yes
MCU	mcu	Q8NE86	mcu	channel	bronze	architecture	yes
MCUB	mcu	Q9NWR8	mcu	channel	bronze	architecture	yes
CHRNA1	nachr	P02708		superfamily_only	bronze		no
CHRNA10	nachr	Q9GZZ6		superfamily_only	bronze		no
CHRNA2	nachr	Q15822		superfamily_only	bronze		no
CHRNA3	nachr	P32297		superfamily_only	bronze		no
CHRNA4	nachr	P43681		superfamily_only	bronze		no
CHRNA5	nachr	P30532		superfamily_only	bronze		no
CHRNA6	nachr	Q15825		superfamily_only	bronze		no
CHRNA7	nachr	P36544		superfamily_only	bronze		no
CHRNA9	nachr	Q9UGM1		superfamily_only	bronze		no
CHRNB1	nachr	P11230		superfamily_only	bronze		no
CHRNB2	nachr	P17787		superfamily_only	bronze		no
CHRNB3	nachr	Q05901		superfamily_only	bronze		no
CHRNB4	nachr	P30926		superfamily_only	bronze		no
CHRND	nachr	Q07001		superfamily_only	bronze		no
CHRNE	nachr	Q04844		superfamily_only	bronze		no
CHRNG	nachr	P07510		superfamily_only	bronze		no
NALCN	nalcn	Q8IZF0	nalcn	channel	silver	motif	yes
SCN10A	nav	Q9Y5Y9	nav	channel	silver	motif	yes
SCN11A	nav	Q9UI33	nav	channel	silver	motif	yes
SCN1A	nav	P35498	nav	channel	gold	motif	yes
SCN2A	nav	Q99250	nav	channel	gold	motif	yes
SCN3A	nav	Q9NY46	nav	channel	gold	motif	yes
SCN4A	nav	P35499	nav	channel	silver	motif	yes
SCN5A	nav	Q14524	nav	channel	gold	motif	yes
SCN7A	nav	Q01118		superfamily_only	bronze		no
SCN8A	nav	Q9UQD0	nav	channel	gold	motif	yes
SCN9A	nav	Q15858	nav	channel	gold	motif	yes
GRIN1	nmda	Q05586		superfamily_only	bronze		no
GRIN2A	nmda	Q12879		superfamily_only	bronze		no
GRIN2B	nmda	Q13224		superfamily_only	bronze		no
GRIN2C	nmda	Q14957		superfamily_only	bronze		no
GRIN2D	nmda	O15399		superfamily_only	bronze		no
GRIN3A	nmda	Q8TCU5		superfamily_only	bronze		no
GRIN3B	nmda	O60391		superfamily_only	bronze		no
ORAI1	orai	Q96D31	orai	channel	bronze	architecture	yes
ORAI2	orai	Q96SN7	orai	channel	bronze	architecture	yes
ORAI3	orai	Q9BRQ5	orai	channel	bronze	architecture	yes
TMEM63A	osca_tmem63	O94886	osca_tmem63	channel	bronze	architecture	yes
TMEM63B	osca_tmem63	Q5T3F8	osca_tmem63	channel	bronze	architecture	yes
TMEM63C	osca_tmem63	Q9P1W3	osca_tmem63	channel	bronze	architecture	yes
OTOP1	otop	Q7RTM1	otop	channel	bronze	architecture	yes
OTOP2	otop	Q7RTS6	otop	channel	bronze	architecture	yes
OTOP3	otop	Q7RTS5	otop	channel	bronze	architecture	yes
P2RX1	p2x	P51575		superfamily_only	bronze		no
P2RX2	p2x	Q9UBL9		superfamily_only	bronze		no
P2RX3	p2x	P56373		superfamily_only	bronze		no
P2RX4	p2x	Q99571		superfamily_only	bronze		no
P2RX5	p2x	Q93086		superfamily_only	bronze		no
P2RX6	p2x	O15547		superfamily_only	bronze		no
P2RX7	p2x	Q99572		superfamily_only	bronze		no
PANX1	pannexin	Q96RD7		superfamily_only	bronze		no
PANX2	pannexin	Q96RD6		superfamily_only	bronze		no
PANX3	pannexin	Q96QZ0		superfamily_only	bronze		no
PIEZO1	piezo	Q92508	piezo	channel	bronze	architecture	yes
PIEZO2	piezo	Q9H5I5	piezo	channel	bronze	architecture	yes
RYR1	ryr	P21817	ryr	channel	silver	hazard	yes
RYR2	ryr	Q92736	ryr	channel	silver	hazard	yes
RYR3	ryr	Q15413	ryr	channel	silver	hazard	yes
TMC1	tmc	Q8TDI8	tmc	channel_contested	bronze	architecture	yes
TMC2	tmc	Q8TDI7	tmc	channel_contested	bronze	architecture	yes
TMC3	tmc	Q7Z5M5	tmc	channel_contested	bronze	architecture	yes
TMC4	tmc	Q7Z404	tmc	channel_contested	bronze	architecture	yes
TMC5	tmc	Q6UXY8	tmc	channel_contested	bronze	architecture	yes
TMC6	tmc	Q7Z403	tmc	channel_contested	bronze	architecture	yes
TMC7	tmc	Q7Z402	tmc	channel_contested	bronze	architecture	yes
TMC8	tmc	Q8IU68	tmc	channel_contested	bronze	architecture	yes
TMEM175	tmem175	Q9BSA9	tmem175	channel	bronze	architecture	yes
TPCN1	tpc	Q9ULQ1		superfamily_only	bronze		no
TPCN2	tpc	Q8NHX9		superfamily_only	bronze		no
TMEM38A	tric	Q9H6F2	tric	channel	bronze	architecture	yes
TMEM38B	tric	Q9NVV0	tric	channel	bronze	architecture	yes
TRPA1	trpa	O75762		superfamily_only	bronze		no
TRPC1	trpc	P48995	trpc	channel	bronze	architecture	yes
TRPC3	trpc	Q13507	trpc	channel	bronze	architecture	yes
TRPC4	trpc	Q9UBN4		superfamily_only	bronze		no
TRPC5	trpc	Q9UL62		superfamily_only	bronze		no
TRPC6	trpc	Q9Y210	trpc	channel	bronze	architecture	yes
TRPC7	trpc	Q9HCX4	trpc	channel	bronze	architecture	yes
TRPM1	trpm	Q7Z4N2		superfamily_only	bronze		no
TRPM2	trpm	O94759		superfamily_only	bronze		no
TRPM3	trpm	Q9HCF6		superfamily_only	bronze		no
TRPM4	trpm	Q8TD43		superfamily_only	bronze		no
TRPM5	trpm	Q9NZQ8		superfamily_only	bronze		no
TRPM6	trpm	Q9BX84	trpm	channel	bronze	architecture	yes
TRPM7	trpm	Q96QT4	trpm	channel	bronze	architecture	yes
TRPM8	trpm	Q7Z2W7		unassigned	unassigned		no
MCOLN1	trpml	Q9GZU1	trpml	channel	silver	hazard	yes
MCOLN2	trpml	Q8IZK6	trpml	channel	silver	hazard	yes
MCOLN3	trpml	Q8TDD5	trpml	channel	silver	hazard	yes
PKD2	trpp	Q13563	trpp	channel	silver	hazard	yes
PKD2L1	trpp	Q9P0L9	trpp	channel	silver	hazard	yes
PKD2L2	trpp	Q9NZM6	trpp	channel	silver	hazard	yes
TRPV1	trpv	Q8NER1		superfamily_only	bronze		no
TRPV2	trpv	Q9Y5S1		superfamily_only	bronze		no
TRPV3	trpv	Q8NET8		unassigned	unassigned		no
TRPV4	trpv	Q9HBA0		superfamily_only	bronze		no
TRPV5	trpv	Q9NQA5		superfamily_only	bronze		no
TRPV6	trpv	Q9H1D0		superfamily_only	bronze		no
TTYH1	tweety	Q9H313	tweety	channel_contested	bronze	architecture	yes
TTYH2	tweety	Q9BSA4	tweety	channel_contested	bronze	architecture	yes
TTYH3	tweety	Q9C0H2	tweety	channel_contested	bronze	architecture	yes
VDAC1	vdac	P21796	vdac	channel	bronze	architecture	yes
VDAC2	vdac	P45880	vdac	channel	bronze	architecture	yes
VDAC3	vdac	Q9Y277	vdac	channel	bronze	architecture	yes
ZACN	zac	Q401N2	nonchannel_achbp	non_channel_homolog	silver	hazard	no
