family	declared_family_signatures	unassigned_records
(several)		175715
iglur_prok	PF00497,PF07885	115928
kv_eag	PF00027,PF13426	111789
mscs	PF00924,PF05552,PF21082	65508
(none)		35201
osca_tmem63	PF02714,PF13967,PF14703	4505
trpm	PF16519,PF18139,PF23317,PF25508	3960
piezo	PF12166,PF15917,PF23188,PF24871,PF24874	3939
kca_slo	PF03493,PF22614	2243
ryr	PF02026,PF06459	1497
kir	PF01007,PF08466,PF17655	1076
kca_sk	PF02888,PF03530	981
trpc	PF08344,PF23317	933
gphr	PF12430,PF12537	451
hcn	PF00027,PF08412	291
nav	PF06512,PF11933	99
cng	PF00027,PF16526	61
