pfam	records	eukaryota	bacteria	archaea	viruses	other	solo_records
PF00027	149676	44284	105376	16	0	0	148190
PF00497	117066	982	115648	434	2	0	115927
PF13426	112924	18186	89759	4977	1	1	111788
PF00924	63768	9340	51623	2804	1	0	29370
PF21082	31906	92	30000	1814	0	0	143
PF23317	12287	12287	0	0	0	0	10386
PF04547	11053	11053	0	0	0	0	10965
PF02932	7307	7282	21	4	0	0	7295
PF18139	4720	4720	0	0	0	0	1954
PF05552	4569	4	4042	523	0	0	3083
PF10613	3852	3847	5	0	0	0	3838
PF25508	3682	3682	0	0	0	0	643
PF02714	3046	3046	0	0	0	0	1293
PF14703	2301	2301	0	0	0	0	598
PF12166	2257	2257	0	0	0	0	329
PF24874	2201	2201	0	0	0	0	91
PF22614	2058	1911	147	0	0	0	2056
PF23188	1802	1802	0	0	0	0	107
PF01365	1459	1458	1	0	0	0	1156
PF13967	1331	1331	0	0	0	0	528
PF02026	1326	678	570	13	65	0	1074
PF24871	1125	1125	0	0	0	0	766
PF17655	1078	1050	28	0	0	0	1069
PF08344	933	933	0	0	0	0	933
PF15917	788	788	0	0	0	0	252
PF16178	614	614	0	0	0	0	614
PF03530	603	603	0	0	0	0	602
PF16519	501	501	0	0	0	0	116
PF08454	458	458	0	0	0	0	324
PF02888	378	378	0	0	0	0	378
PF08412	291	291	0	0	0	0	291
PF03493	187	187	0	0	0	0	187
PF06459	172	171	1	0	0	0	122
PF16526	61	57	4	0	0	0	61
PF06512	57	57	0	0	0	0	57
PF11933	42	42	0	0	0	0	42
PF02931	13	13	0	0	0	0	0
PF00060	12	12	0	0	0	0	0
PF00520	9	9	0	0	0	0	0
PF00654	9	9	0	0	0	0	0
PF08466	7	7	0	0	0	0	2
PF01007	4	4	0	0	0	0	0
PF02214	1	1	0	0	0	0	1
PF00858	1	1	0	0	0	0	0
PF05197	1	1	0	0	0	0	0
PF08709	1	1	0	0	0	0	0
	1	1	0	0	0	0	1
PF01459	1	1	0	0	0	0	0
PF04678	1	1	0	0	0	0	0
PF07885	1	1	0	0	0	0	1
