set	family	n	correct	sf_only_correct	wrong_family_same_sf	wrong_superfamily	no_call	decoy_ok	decoy_called_channel
A_s1_panel	ampa	1	1	0	0	0	0	0	0
A_s1_panel	ano_channel	1	1	0	0	0	0	0	0
A_s1_panel	ano_scramblase	1	1	0	0	0	0	0	0
A_s1_panel	asic	1	1	0	0	0	0	0	0
A_s1_panel	assoc_catsper_aux	1	0	0	0	0	0	1	0
A_s1_panel	assoc_cav_aux	3	0	0	0	0	0	3	0
A_s1_panel	assoc_clc_aux	1	0	0	0	0	0	1	0
A_s1_panel	assoc_iglur_aux	1	0	0	0	0	0	1	0
A_s1_panel	assoc_k_beta	3	0	0	0	0	0	3	0
A_s1_panel	assoc_kcne	1	0	0	0	0	0	1	0
A_s1_panel	assoc_mcu_reg	2	0	0	0	0	0	2	0
A_s1_panel	assoc_nav_beta	1	0	0	0	0	0	1	0
A_s1_panel	assoc_polycystin1	1	0	0	0	0	0	1	0
A_s1_panel	assoc_stim	1	0	0	0	0	0	1	0
A_s1_panel	assoc_sur	1	0	0	0	0	0	1	0
A_s1_panel	bestrophin	1	1	0	0	0	0	0	0
A_s1_panel	calhm	1	1	0	0	0	0	0	0
A_s1_panel	catsper	1	1	0	0	0	0	0	0
A_s1_panel	cav	3	3	0	0	0	0	0	0
A_s1_panel	cftr	1	1	0	0	0	0	0	0
A_s1_panel	clc_channel	1	1	0	0	0	0	0	0
A_s1_panel	clc_transporter	1	0	0	0	0	0	1	0
A_s1_panel	clic	1	1	0	0	0	0	0	0
A_s1_panel	cng	1	1	0	0	0	0	0	0
A_s1_panel	connexin	2	2	0	0	0	0	0	0
A_s1_panel	delta_glur	1	1	0	0	0	0	0	0
A_s1_panel	enac	1	1	0	0	0	0	0	0
A_s1_panel	gabaa	2	2	0	0	0	0	0	0
A_s1_panel	glyr	1	1	0	0	0	0	0	0
A_s1_panel	hcn	2	2	0	0	0	0	0	0
A_s1_panel	ht3	1	1	0	0	0	0	0	0
A_s1_panel	hv1	1	1	0	0	0	0	0	0
A_s1_panel	itpr	1	1	0	0	0	0	0	0
A_s1_panel	k2p	2	2	0	0	0	0	0	0
A_s1_panel	kainate	1	1	0	0	0	0	0	0
A_s1_panel	kca_sk	1	1	0	0	0	0	0	0
A_s1_panel	kca_slo	2	2	0	0	0	0	0	0
A_s1_panel	kir	2	2	0	0	0	0	0	0
A_s1_panel	kv_eag	1	1	0	0	0	0	0	0
A_s1_panel	kv_kcnq	1	1	0	0	0	0	0	0
A_s1_panel	kv_modifier	1	1	0	0	0	0	0	0
A_s1_panel	kv_shaker	2	2	0	0	0	0	0	0
A_s1_panel	lrrc8	1	1	0	0	0	0	0	0
A_s1_panel	mcu	1	1	0	0	0	0	0	0
A_s1_panel	nachr	2	2	0	0	0	0	0	0
A_s1_panel	nalcn	1	1	0	0	0	0	0	0
A_s1_panel	nav	3	3	0	0	0	0	0	0
A_s1_panel	nmda	1	1	0	0	0	0	0	0
A_s1_panel	nonchannel_class_c_gpcr	2	0	0	0	0	0	2	0
A_s1_panel	nonchannel_gasdermin	1	0	0	0	0	0	1	0
A_s1_panel	nonchannel_kctd	1	0	0	0	0	0	1	0
A_s1_panel	nonchannel_pomt	1	0	0	0	0	0	1	0
A_s1_panel	nonchannel_vsp	1	0	0	0	0	0	1	0
A_s1_panel	orai	1	1	0	0	0	0	0	0
A_s1_panel	osca_tmem63	1	1	0	0	0	0	0	0
A_s1_panel	otop	1	1	0	0	0	0	0	0
A_s1_panel	outofscope_aquaporin	2	0	0	0	0	0	2	0
A_s1_panel	p2x	2	2	0	0	0	0	0	0
A_s1_panel	pannexin	1	1	0	0	0	0	0	0
A_s1_panel	piezo	1	1	0	0	0	0	0	0
A_s1_panel	ryr	1	1	0	0	0	0	0	0
A_s1_panel	tmc	1	1	0	0	0	0	0	0
A_s1_panel	tmem175	1	1	0	0	0	0	0	0
A_s1_panel	tpc	1	1	0	0	0	0	0	0
A_s1_panel	transporter_slc26	1	0	0	0	0	0	1	0
A_s1_panel	tric	1	1	0	0	0	0	0	0
A_s1_panel	trpa	1	0	0	0	0	1	0	0
A_s1_panel	trpc	1	1	0	0	0	0	0	0
A_s1_panel	trpm	2	2	0	0	0	0	0	0
A_s1_panel	trpml	1	1	0	0	0	0	0	0
A_s1_panel	trpp	1	1	0	0	0	0	0	0
A_s1_panel	trpv	2	2	0	0	0	0	0	0
A_s1_panel	tweety	1	1	0	0	0	0	0	0
A_s1_panel	vdac	1	1	0	0	0	0	0	0
A_s1_panel	zac	1	0	0	1	0	0	0	0
B_orthologues	ano_channel	2	2	0	0	0	0	0	0
B_orthologues	ano_scramblase	11	11	0	0	0	0	0	0
B_orthologues	asic	13	13	0	0	0	0	0	0
B_orthologues	assoc_polycystin1	2	0	0	0	0	0	2	0
B_orthologues	bestrophin	2	2	0	0	0	0	0	0
B_orthologues	calhm	7	7	0	0	0	0	0	0
B_orthologues	catsper	5	5	0	0	0	0	0	0
B_orthologues	cav	19	19	0	0	0	0	0	0
B_orthologues	cftr	11	11	0	0	0	0	0	0
B_orthologues	clc_channel	14	14	0	0	0	0	0	0
B_orthologues	clc_transporter	18	0	0	0	0	0	18	0
B_orthologues	clic	11	11	0	0	0	0	0	0
B_orthologues	cng	13	13	0	0	0	0	0	0
B_orthologues	connexin	58	58	0	0	0	0	0	0
B_orthologues	enac	28	28	0	0	0	0	0	0
B_orthologues	hcn	7	7	0	0	0	0	0	0
B_orthologues	hv1	3	3	0	0	0	0	0	0
B_orthologues	itpr	6	6	0	0	0	0	0	0
B_orthologues	k2p	21	21	0	0	0	0	0	0
B_orthologues	kainate	1	1	0	0	0	0	0	0
B_orthologues	kca_sk	6	6	0	0	0	0	0	0
B_orthologues	kca_slo	7	7	0	0	0	0	0	0
B_orthologues	kir	40	40	0	0	0	0	0	0
B_orthologues	kv_eag	12	12	0	0	0	0	0	0
B_orthologues	kv_kcnq	6	6	0	0	0	0	0	0
B_orthologues	kv_modifier	34	34	0	0	0	0	0	0
B_orthologues	kv_shaker	44	44	0	0	0	0	0	0
B_orthologues	lrrc8	7	7	0	0	0	0	0	0
B_orthologues	nav	18	18	0	0	0	0	0	0
B_orthologues	nonchannel_bri3bp	1	0	0	0	0	0	1	0
B_orthologues	nonchannel_emc3	7	0	0	0	0	0	7	0
B_orthologues	nonchannel_kctd	29	0	0	0	0	0	29	0
B_orthologues	orai	5	5	0	0	0	0	0	0
B_orthologues	osca_tmem63	2	2	0	0	0	0	0	0
B_orthologues	otop	2	2	0	0	0	0	0	0
B_orthologues	p2x	16	16	0	0	0	0	0	0
B_orthologues	pannexin	7	7	0	0	0	0	0	0
B_orthologues	piezo	1	1	0	0	0	0	0	0
B_orthologues	ryr	5	5	0	0	0	0	0	0
B_orthologues	tmc	10	10	0	0	0	0	0	0
B_orthologues	tmco1	8	8	0	0	0	0	0	0
B_orthologues	tpc	4	4	0	0	0	0	0	0
B_orthologues	tric	6	6	0	0	0	0	0	0
B_orthologues	trpa	3	3	0	0	0	0	0	0
B_orthologues	trpc	11	11	0	0	0	0	0	0
B_orthologues	trpm	14	14	0	0	0	0	0	0
B_orthologues	trpml	2	2	0	0	0	0	0	0
B_orthologues	trpp	2	2	0	0	0	0	0	0
B_orthologues	trpv	16	16	0	0	0	0	0	0
B_orthologues	tweety	5	5	0	0	0	0	0	0
B_orthologues	vdac	17	17	0	0	0	0	0	0
