v3_family	v3_basis	s2_tier	p_call	records
ampa	profile_only	-	family	8971
ano_channel	profile_only	-	family	3612
ano_scramblase	profile_only	-	family	18452
asic	profile_only	-	family	11983
assoc_catsper_aux	profile_only	-	family	3
assoc_k_beta	profile_only	-	family	11
assoc_mcu_reg	profile_only	-	family	7
assoc_polycystin1	both	hazard	family	3972
assoc_polycystin1	profile_only	-	family	28
assoc_polycystin1	s2_only	hazard	ambiguous	1
assoc_polycystin1	s2_only	hazard	low_score	1
assoc_polycystin1	s2_only	hazard	module	153
assoc_polycystin1	s2_only	hazard	no_hit	1
assoc_polycystin1	s2_only	hazard	superfamily_only	4
bestrophin	both	architecture	family	6027
bestrophin	s2_only	architecture	low_score	33
bestrophin	s2_only	architecture	module	2067
bestrophin	s2_only	architecture	no_hit	105
calhm	both	architecture	family	4779
calhm	s2_only	architecture	low_score	22
calhm	s2_only	architecture	module	51
calhm	s2_only	architecture	no_hit	94
catsper	profile_only	-	family	5633
cav	both	architecture	family	762
cav	both	motif	family	19219
cav	profile_only	-	family	5495
cav	s2_only	architecture	module	53
cav	s2_only	motif	ambiguous	1
cav	s2_only	motif	superfamily_only	1
cftr	both	architecture	family	3
cftr	both	hazard	family	1445
cftr	s2_only	architecture	module	21
clc_channel	profile_only	-	family	6315
clc_prokaryotic	profile_only	-	family	16474
clc_transporter	profile_only	-	family	18358
clcc1	both	architecture	family	1306
clcc1	s2_only	architecture	low_score	37
clcc1	s2_only	architecture	module	211
clcc1	s2_only	architecture	no_hit	8
clic	both	architecture	family	6290
clic	s2_only	architecture	low_score	3
clic	s2_only	architecture	module	56
clic	s2_only	architecture	no_hit	4
cng	both	architecture	family	4683
cng	profile_only	-	family	9700
cng	s2_only	architecture	module	30
connexin	both	architecture	family	19691
connexin	s2_only	architecture	low_score	18
connexin	s2_only	architecture	module	107
connexin	s2_only	architecture	no_hit	39
deg_invertebrate	profile_only	-	family	816
delta_glur	profile_only	-	family	4169
enac	profile_only	-	family	3742
gabaa	profile_only	-	family	27768
glyr	profile_only	-	family	6125
gphr	both	architecture	family	3609
gphr	profile_only	-	family	291
gphr	s2_only	architecture	module	3
gphr	s2_only	architecture	no_hit	2
hcn	both	architecture	family	3537
hcn	profile_only	-	family	1663
hcn	s2_only	architecture	module	2
hcn	s2_only	architecture	superfamily_only	1
ht3	profile_only	-	family	3623
hv1	both	hazard	family	683
hv1	s2_only	hazard	module	2
iglur_nonvertebrate	profile_only	-	family	11000
iglur_prok	both	architecture	family	138
iglur_prok	profile_only	-	family	1195
innexin	profile_only	-	family	7290
itpr	profile_only	-	family	5906
k2p	both	hazard	family	25493
k2p	profile_only	-	family	2368
k2p	s2_only	hazard	ambiguous	1
k2p	s2_only	hazard	module	276
k2p	s2_only	hazard	no_hit	3
k2p	s2_only	hazard	superfamily_only	133
kainate	profile_only	-	family	12686
kca_sk	both	architecture	family	4552
kca_sk	profile_only	-	family	1141
kca_sk	s2_only	architecture	module	1
kca_slo	both	architecture	family	12713
kca_slo	profile_only	-	family	625
kca_slo	s2_only	architecture	low_score	1
kca_slo	s2_only	architecture	module	286
kca_slo	s2_only	architecture	no_hit	2
kcsa_prok	profile_only	-	family	7461
kir	both	hazard	family	17328
kir	profile_only	-	family	1739
kir	s2_only	hazard	low_score	3
kir	s2_only	hazard	module	178
kir	s2_only	hazard	no_hit	2
kv_eag	both	architecture	family	7483
kv_eag	profile_only	-	family	7473
kv_eag	s2_only	architecture	low_score	2
kv_eag	s2_only	architecture	module	2
kv_eag	s2_only	architecture	no_hit	5
kv_kcnq	both	architecture	family	8209
kv_kcnq	profile_only	-	family	1130
kv_kcnq	s2_only	architecture	low_score	22
kv_kcnq	s2_only	architecture	module	592
kv_kcnq	s2_only	architecture	no_hit	19
kv_modifier	profile_only	-	family	10600
kv_shaker	both	architecture	family	931
kv_shaker	profile_only	-	family	21767
kv_shaker	s2_only	architecture	superfamily_only	1
lrrc8	both	architecture	family	4109
lrrc8	s2_only	architecture	low_score	3
lrrc8	s2_only	architecture	module	239
lrrc8	s2_only	architecture	no_hit	6
mcu	both	architecture	family	6191
mcu	s2_only	architecture	low_score	23
mcu	s2_only	architecture	module	218
mcu	s2_only	architecture	no_hit	36
mscl	both	architecture	family	16555
mscl	s2_only	architecture	low_score	12
mscl	s2_only	architecture	module	15
mscl	s2_only	architecture	no_hit	7
mscs	both	architecture	family	5992
mscs	profile_only	-	family	61863
nachr	profile_only	-	family	35502
nalcn	both	motif	family	1356
nalcn	profile_only	-	family	611
nav	both	architecture	family	1439
nav	both	motif	family	10744
nav	profile_only	-	family	2798
nav	s2_only	architecture	module	21
nmda	profile_only	-	family	10239
nonchannel_abc_transporter	profile_only	-	family	1026
nonchannel_achbp	profile_only	-	family	60
nonchannel_bri3bp	profile_only	-	family	804
nonchannel_class_c_gpcr	both	hazard	family	2
nonchannel_class_c_gpcr	profile_only	-	family	1
nonchannel_emc3	profile_only	-	family	4280
nonchannel_gost	profile_only	-	family	4441
nonchannel_kctd	both	hazard	family	14316
nonchannel_kctd	profile_only	-	family	12394
nonchannel_kctd	s2_only	hazard	module	34
nonchannel_ncs	profile_only	-	family	2
nonchannel_vsp	both	hazard	family	767
orai	both	architecture	family	3258
orai	s2_only	architecture	low_score	20
orai	s2_only	architecture	module	125
orai	s2_only	architecture	no_hit	183
osca_tmem63	both	architecture	family	18514
osca_tmem63	profile_only	-	family	2817
osca_tmem63	s2_only	architecture	ambiguous	4
osca_tmem63	s2_only	architecture	module	2
otop	both	architecture	family	5366
otop	s2_only	architecture	ambiguous	1
otop	s2_only	architecture	low_score	45
otop	s2_only	architecture	module	335
otop	s2_only	architecture	no_hit	360
p2x	profile_only	-	family	7736
p2x_nonmetazoan	profile_only	-	family	166
pacc	both	architecture	family	988
pacc	s2_only	architecture	module	4
pannexin	profile_only	-	family	2451
piezo	both	architecture	family	3512
piezo	profile_only	-	family	1552
piezo	s2_only	architecture	module	1
plgic_invertebrate	profile_only	-	family	2467
plgic_prok	profile_only	-	family	609
ryr	both	architecture	family	321
ryr	both	hazard	family	5160
ryr	profile_only	-	family	160
ryr	s2_only	hazard	module	137
tmc	both	architecture	family	8235
tmc	profile_only	-	family	8
tmc	s2_only	architecture	module	256
tmc	s2_only	architecture	no_hit	3
tmco1	profile_only	-	family	2237
tmem109	profile_only	-	family	763
tmem175	both	architecture	family	1809
tmem175	s2_only	architecture	low_score	777
tmem175	s2_only	architecture	module	2994
tmem175	s2_only	architecture	no_hit	1407
tmem87	profile_only	-	family	5484
tpc	profile_only	-	family	5390
transporter_slc26	profile_only	-	family	381
tric	both	architecture	family	2549
tric	profile_only	-	family	1
tric	s2_only	architecture	low_score	39
tric	s2_only	architecture	module	30
tric	s2_only	architecture	no_hit	55
trpa	profile_only	-	family	3104
trpc	both	architecture	family	6220
trpc	profile_only	-	family	4839
trpm	both	architecture	family	2280
trpm	profile_only	-	family	10267
trpml	both	architecture	family	637
trpml	both	hazard	family	3863
trpml	profile_only	-	family	17
trpml	s2_only	architecture	module	186
trpml	s2_only	architecture	no_hit	4
trpn	profile_only	-	family	773
trpp	both	hazard	family	1358
trpp	profile_only	-	family	2260
trpv	profile_only	-	family	6799
tweety	both	architecture	family	4453
tweety	s2_only	architecture	low_score	2
tweety	s2_only	architecture	module	216
tweety	s2_only	architecture	no_hit	6
vdac	both	architecture	family	16402
vdac	s2_only	architecture	low_score	70
vdac	s2_only	architecture	module	332
vdac	s2_only	architecture	no_hit	254
zac	profile_only	-	family	147
