s2_call	profile_family	s2_tier	records
[ploop]	hv1	-	1973
[ploop]	itpr	-	375
[ploop]	iglur_prok	-	196
[ploop]	ryr	-	83
[ploop]	nonchannel_vsp	-	81
cav	nalcn	motif	44
k2p	kca_sk	hazard	23
k2p	cng	hazard	22
k2p	kcsa_prok	hazard	19
k2p	kv_eag	hazard	14
[ploop]	nonchannel_abc_transporter	-	8
k2p	kca_slo	hazard	6
[cysloop]	kv_eag	-	5
assoc_polycystin1	trpp	hazard	5
k2p	kir	hazard	5
[ploop]	mscs	-	4
kir	assoc_sur	hazard	4
k2p	iglur_prok	hazard	4
nalcn	cav	motif	3
[deg_enac]	ano_scramblase	-	3
mcu	assoc_mcu_reg	architecture	3
[ploop]	ano_scramblase	-	3
k2p	assoc_catsper_aux	hazard	2
nonchannel_kctd	outofscope_aquaporin	hazard	2
[deg_enac]	nonchannel_abc_transporter	-	2
k2p	kv_kcnq	hazard	2
[deg_enac]	cng	-	2
nonchannel_kctd	nonchannel_abc_transporter	hazard	1
trpml	kv_eag	hazard	1
trpc	nonchannel_abc_transporter	architecture	1
kca_slo	nonchannel_abc_transporter	architecture	1
[cysloop]	trpml	-	1
[iglur]	otop	-	1
[innexin_like]	delta_glur	-	1
[deg_enac]	trpv	-	1
[iglur]	outofscope_aquaporin	-	1
[innexin_like]	outofscope_aquaporin	-	1
[cysloop]	clic	-	1
[cysloop]	bestrophin	-	1
k2p	outofscope_aquaporin	hazard	1
k2p	deg_invertebrate	hazard	1
[cysloop]	assoc_cav_aux	-	1
bestrophin	outofscope_aquaporin	architecture	1
nonchannel_kctd	assoc_clc_aux	hazard	1
[ploop]	transporter_slc26	-	1
k2p	nonchannel_abc_transporter	hazard	1
vdac	nonchannel_abc_transporter	architecture	1
clic	nonchannel_abc_transporter	architecture	1
mscl	mscs	architecture	1
tweety	outofscope_aquaporin	architecture	1
[ploop]	outofscope_aquaporin	-	1
k2p	catsper	hazard	1
mscl	transporter_slc26	architecture	1
