profile	db	targets_reported	seconds	hmm_sha256	db_sequences	command
assoc_kchip	census_v2.nr.fasta	22	8.1	33d373703e5b829a67e6d41405a3fbbf7cb1d379796ae2876b54718b54cf9088	1187702	hmmsearch --cpu 2 --noali -E 1e-3 --domE 1e-3 -Z 1187702 --domZ 1187702 -o /dev/null --domtblout /Volumes/FANTOM/ION_CHANNEL_DATA/hmmer/s3/domtbl/assoc_kchip.domtbl <hmm> <db>
clcc1	census_v2.nr.fasta	8	36.0	315b7908ad75b008503f8d3cfa9345974b23fd0078716ed8dfec04efe7f764b2	1187702	hmmsearch --cpu 2 --noali -E 1e-3 --domE 1e-3 -Z 1187702 --domZ 1187702 -o /dev/null --domtblout /Volumes/FANTOM/ION_CHANNEL_DATA/hmmer/s3/domtbl/clcc1.domtbl <hmm> <db>
gphr	census_v2.nr.fasta	3	9.2	c422d3f18c14534a97296dddcb8ba29b0eae64032d833d5e0df4208cc26f116d	1187702	hmmsearch --cpu 2 --noali -E 1e-3 --domE 1e-3 -Z 1187702 --domZ 1187702 -o /dev/null --domtblout /Volumes/FANTOM/ION_CHANNEL_DATA/hmmer/s3/domtbl/gphr.domtbl <hmm> <db>
mitok	census_v2.nr.fasta	1	8.1	7270a5eaa102f4c31d98fbf007cb969ff1cefa8b0ac8f17d830c3435d6188515	1187702	hmmsearch --cpu 2 --noali -E 1e-3 --domE 1e-3 -Z 1187702 --domZ 1187702 -o /dev/null --domtblout /Volumes/FANTOM/ION_CHANNEL_DATA/hmmer/s3/domtbl/mitok.domtbl <hmm> <db>
nonchannel_bri3bp	census_v2.nr.fasta	0	8.4	3beae47d153331f3396fbde2f94c84ce449a867774519d65447ff030a0d239f7	1187702	hmmsearch --cpu 2 --noali -E 1e-3 --domE 1e-3 -Z 1187702 --domZ 1187702 -o /dev/null --domtblout /Volumes/FANTOM/ION_CHANNEL_DATA/hmmer/s3/domtbl/nonchannel_bri3bp.domtbl <hmm> <db>
nonchannel_emc3	census_v2.nr.fasta	0	7.7	0611d29b799c0e23f5128e280aca3ce753a01eb85faa4d2f961d9eef0df605b4	1187702	hmmsearch --cpu 2 --noali -E 1e-3 --domE 1e-3 -Z 1187702 --domZ 1187702 -o /dev/null --domtblout /Volumes/FANTOM/ION_CHANNEL_DATA/hmmer/s3/domtbl/nonchannel_emc3.domtbl <hmm> <db>
nonchannel_gost	census_v2.nr.fasta	1	21.4	a6cbf52f82e45100f0d337091a64c6ebd2de8aac0b8af9f83d678468ea8a132c	1187702	hmmsearch --cpu 2 --noali -E 1e-3 --domE 1e-3 -Z 1187702 --domZ 1187702 -o /dev/null --domtblout /Volumes/FANTOM/ION_CHANNEL_DATA/hmmer/s3/domtbl/nonchannel_gost.domtbl <hmm> <db>
nonchannel_ncs	census_v2.nr.fasta	122	11.5	005c6089c60f9b43a14ff1f1fac244738436398675e701c676b211995db82f51	1187702	hmmsearch --cpu 2 --noali -E 1e-3 --domE 1e-3 -Z 1187702 --domZ 1187702 -o /dev/null --domtblout /Volumes/FANTOM/ION_CHANNEL_DATA/hmmer/s3/domtbl/nonchannel_ncs.domtbl <hmm> <db>
pacc	census_v2.nr.fasta	0	23.4	105364f49687da4202e6d4e3c8483de8b8a38f87e26a845fc38b0d9f759151aa	1187702	hmmsearch --cpu 2 --noali -E 1e-3 --domE 1e-3 -Z 1187702 --domZ 1187702 -o /dev/null --domtblout /Volumes/FANTOM/ION_CHANNEL_DATA/hmmer/s3/domtbl/pacc.domtbl <hmm> <db>
tmco1	census_v2.nr.fasta	0	23.3	112bdee793a640c0162fa6ee5c8640e22e7eea2b6f0d85a189f211299be21f1c	1187702	hmmsearch --cpu 2 --noali -E 1e-3 --domE 1e-3 -Z 1187702 --domZ 1187702 -o /dev/null --domtblout /Volumes/FANTOM/ION_CHANNEL_DATA/hmmer/s3/domtbl/tmco1.domtbl <hmm> <db>
tmem109	census_v2.nr.fasta	0	23.4	9d59b4fd7ada778e5d645c7ee3f9956dac0731b1b84da6975bd89763e18ca6ec	1187702	hmmsearch --cpu 2 --noali -E 1e-3 --domE 1e-3 -Z 1187702 --domZ 1187702 -o /dev/null --domtblout /Volumes/FANTOM/ION_CHANNEL_DATA/hmmer/s3/domtbl/tmem109.domtbl <hmm> <db>
tmem87	census_v2.nr.fasta	0	21.1	f73cd6b0a0cb463ad624612b61bc3184664d68cccea1dbe6ceab21f050d05770	1187702	hmmsearch --cpu 2 --noali -E 1e-3 --domE 1e-3 -Z 1187702 --domZ 1187702 -o /dev/null --domtblout /Volumes/FANTOM/ION_CHANNEL_DATA/hmmer/s3/domtbl/tmem87.domtbl <hmm> <db>
ampa	census_v2.r4_delta.nr.fasta	0	0.2	4085ecb6bc80c3a596c74be001ae0eb7211ccb656d2710fb14e26e4497e22c81	1187702	hmmsearch --cpu 2 --noali -E 1e-3 --domE 1e-3 -Z 1187702 --domZ 1187702 -o /dev/null --domtblout /Volumes/FANTOM/ION_CHANNEL_DATA/hmmer/s3/domtbl_r4/ampa.domtbl <hmm> <db>
ano_channel	census_v2.r4_delta.nr.fasta	0	0.5	5bd19e0a36bc81c496e807f9d3525d5df73495b60826bd72e9c8448361ed26aa	1187702	hmmsearch --cpu 2 --noali -E 1e-3 --domE 1e-3 -Z 1187702 --domZ 1187702 -o /dev/null --domtblout /Volumes/FANTOM/ION_CHANNEL_DATA/hmmer/s3/domtbl_r4/ano_channel.domtbl <hmm> <db>
ano_scramblase	census_v2.r4_delta.nr.fasta	0	0.7	8903064db3d0c1bfa7d9832023599b2ffe51f0ef7541fe9980133c618fac4b44	1187702	hmmsearch --cpu 2 --noali -E 1e-3 --domE 1e-3 -Z 1187702 --domZ 1187702 -o /dev/null --domtblout /Volumes/FANTOM/ION_CHANNEL_DATA/hmmer/s3/domtbl_r4/ano_scramblase.domtbl <hmm> <db>
asic	census_v2.r4_delta.nr.fasta	0	0.2	c2f82450ccf87a0cfabc863d243cdd40f6eeee9f131a65abdc591d8aec2b6eff	1187702	hmmsearch --cpu 2 --noali -E 1e-3 --domE 1e-3 -Z 1187702 --domZ 1187702 -o /dev/null --domtblout /Volumes/FANTOM/ION_CHANNEL_DATA/hmmer/s3/domtbl_r4/asic.domtbl <hmm> <db>
assoc_catsper_aux	census_v2.r4_delta.nr.fasta	0	0.7	d1880726b5992a127edb1d12c7fd22616d9e0a9de0594a05e40b65b914146ebc	1187702	hmmsearch --cpu 2 --noali -E 1e-3 --domE 1e-3 -Z 1187702 --domZ 1187702 -o /dev/null --domtblout /Volumes/FANTOM/ION_CHANNEL_DATA/hmmer/s3/domtbl_r4/assoc_catsper_aux.domtbl <hmm> <db>
assoc_cav_aux	census_v2.r4_delta.nr.fasta	0	0.6	16d65936e4264cd77a8f6f1be827f1ef52f3b354e356e050d68429b5d2d03dce	1187702	hmmsearch --cpu 2 --noali -E 1e-3 --domE 1e-3 -Z 1187702 --domZ 1187702 -o /dev/null --domtblout /Volumes/FANTOM/ION_CHANNEL_DATA/hmmer/s3/domtbl_r4/assoc_cav_aux.domtbl <hmm> <db>
assoc_clc_aux	census_v2.r4_delta.nr.fasta	0	0.3	4ce6fd54b7228774ec9fe4a7ffaa916c2472711a545b5cf9ce43a0f2ec17130d	1187702	hmmsearch --cpu 2 --noali -E 1e-3 --domE 1e-3 -Z 1187702 --domZ 1187702 -o /dev/null --domtblout /Volumes/FANTOM/ION_CHANNEL_DATA/hmmer/s3/domtbl_r4/assoc_clc_aux.domtbl <hmm> <db>
assoc_iglur_aux	census_v2.r4_delta.nr.fasta	0	0.8	b7efc6f764fb30274b39fd34cada95e7d01dc637548d14971c6de5ba7ad048c2	1187702	hmmsearch --cpu 2 --noali -E 1e-3 --domE 1e-3 -Z 1187702 --domZ 1187702 -o /dev/null --domtblout /Volumes/FANTOM/ION_CHANNEL_DATA/hmmer/s3/domtbl_r4/assoc_iglur_aux.domtbl <hmm> <db>
assoc_k_beta	census_v2.r4_delta.nr.fasta	0	0.5	4f801c803edf37b04e322d8e065babcc015dca83b24b8a48e58a1ae1a149a066	1187702	hmmsearch --cpu 2 --noali -E 1e-3 --domE 1e-3 -Z 1187702 --domZ 1187702 -o /dev/null --domtblout /Volumes/FANTOM/ION_CHANNEL_DATA/hmmer/s3/domtbl_r4/assoc_k_beta.domtbl <hmm> <db>
assoc_kchip	census_v2.r4_delta.nr.fasta	3	0.3	33d373703e5b829a67e6d41405a3fbbf7cb1d379796ae2876b54718b54cf9088	1187702	hmmsearch --cpu 2 --noali -E 1e-3 --domE 1e-3 -Z 1187702 --domZ 1187702 -o /dev/null --domtblout /Volumes/FANTOM/ION_CHANNEL_DATA/hmmer/s3/domtbl_r4/assoc_kchip.domtbl <hmm> <db>
assoc_kcne	census_v2.r4_delta.nr.fasta	0	0.7	616d1d646f17de1ab9d2a9f5e108ce1201df5b26862dc28ff30d291597cda4c8	1187702	hmmsearch --cpu 2 --noali -E 1e-3 --domE 1e-3 -Z 1187702 --domZ 1187702 -o /dev/null --domtblout /Volumes/FANTOM/ION_CHANNEL_DATA/hmmer/s3/domtbl_r4/assoc_kcne.domtbl <hmm> <db>
assoc_mcu_reg	census_v2.r4_delta.nr.fasta	0	1.0	ca79ad7ea7970a4f6376ef294635259fe63301d1b0a11c8813948be31edbd080	1187702	hmmsearch --cpu 2 --noali -E 1e-3 --domE 1e-3 -Z 1187702 --domZ 1187702 -o /dev/null --domtblout /Volumes/FANTOM/ION_CHANNEL_DATA/hmmer/s3/domtbl_r4/assoc_mcu_reg.domtbl <hmm> <db>
assoc_nav_beta	census_v2.r4_delta.nr.fasta	0	1.1	740661fec7a8e95459a35aa4cc075f372624e4e1ec52c476c6aa6df41a975012	1187702	hmmsearch --cpu 2 --noali -E 1e-3 --domE 1e-3 -Z 1187702 --domZ 1187702 -o /dev/null --domtblout /Volumes/FANTOM/ION_CHANNEL_DATA/hmmer/s3/domtbl_r4/assoc_nav_beta.domtbl <hmm> <db>
assoc_polycystin1	census_v2.r4_delta.nr.fasta	0	1.1	6c6b1227056cf303bbefd2e4533301c10f01092f698a1e8f0d0db7beed6d0e8f	1187702	hmmsearch --cpu 2 --noali -E 1e-3 --domE 1e-3 -Z 1187702 --domZ 1187702 -o /dev/null --domtblout /Volumes/FANTOM/ION_CHANNEL_DATA/hmmer/s3/domtbl_r4/assoc_polycystin1.domtbl <hmm> <db>
assoc_stim	census_v2.r4_delta.nr.fasta	0	1.4	f64d7b70d76e718ca69f44117a2e1ebecbba71161a8b149da560114df9c0e75e	1187702	hmmsearch --cpu 2 --noali -E 1e-3 --domE 1e-3 -Z 1187702 --domZ 1187702 -o /dev/null --domtblout /Volumes/FANTOM/ION_CHANNEL_DATA/hmmer/s3/domtbl_r4/assoc_stim.domtbl <hmm> <db>
assoc_sur	census_v2.r4_delta.nr.fasta	0	1.4	870012a92ec59fbab5ddfd4754f94179be07506e1b5079ede36052a74c2767b7	1187702	hmmsearch --cpu 2 --noali -E 1e-3 --domE 1e-3 -Z 1187702 --domZ 1187702 -o /dev/null --domtblout /Volumes/FANTOM/ION_CHANNEL_DATA/hmmer/s3/domtbl_r4/assoc_sur.domtbl <hmm> <db>
bestrophin	census_v2.r4_delta.nr.fasta	0	0.3	75879dbbbefa657012333468c953fb75e48bae1bd1df0f593ae271d1378d44aa	1187702	hmmsearch --cpu 2 --noali -E 1e-3 --domE 1e-3 -Z 1187702 --domZ 1187702 -o /dev/null --domtblout /Volumes/FANTOM/ION_CHANNEL_DATA/hmmer/s3/domtbl_r4/bestrophin.domtbl <hmm> <db>
calhm	census_v2.r4_delta.nr.fasta	0	0.1	449e95052acf17b2ac43bdec3460aec69f9c0aa20f96feca7ebe2f13fc042840	1187702	hmmsearch --cpu 2 --noali -E 1e-3 --domE 1e-3 -Z 1187702 --domZ 1187702 -o /dev/null --domtblout /Volumes/FANTOM/ION_CHANNEL_DATA/hmmer/s3/domtbl_r4/calhm.domtbl <hmm> <db>
catsper	census_v2.r4_delta.nr.fasta	0	0.3	711439c17ce0323a2725fda386db9272e3f41683cf37c1dd5a6a7ba3f4f670af	1187702	hmmsearch --cpu 2 --noali -E 1e-3 --domE 1e-3 -Z 1187702 --domZ 1187702 -o /dev/null --domtblout /Volumes/FANTOM/ION_CHANNEL_DATA/hmmer/s3/domtbl_r4/catsper.domtbl <hmm> <db>
cav	census_v2.r4_delta.nr.fasta	0	1.9	201e733b157e12fe12912093279ed005deb615ad11a3d6fd3fbdea41c7193af4	1187702	hmmsearch --cpu 2 --noali -E 1e-3 --domE 1e-3 -Z 1187702 --domZ 1187702 -o /dev/null --domtblout /Volumes/FANTOM/ION_CHANNEL_DATA/hmmer/s3/domtbl_r4/cav.domtbl <hmm> <db>
cftr	census_v2.r4_delta.nr.fasta	0	0.4	7ad805d8172de5d70cef86e09e664ddaca4f215d676a1d16c60e047102b46d37	1187702	hmmsearch --cpu 2 --noali -E 1e-3 --domE 1e-3 -Z 1187702 --domZ 1187702 -o /dev/null --domtblout /Volumes/FANTOM/ION_CHANNEL_DATA/hmmer/s3/domtbl_r4/cftr.domtbl <hmm> <db>
clc_channel	census_v2.r4_delta.nr.fasta	0	0.2	fe9074cad9f0f0923130ee8d89c2fc54fe7dee026d0ad110fe2a50b228e68d87	1187702	hmmsearch --cpu 2 --noali -E 1e-3 --domE 1e-3 -Z 1187702 --domZ 1187702 -o /dev/null --domtblout /Volumes/FANTOM/ION_CHANNEL_DATA/hmmer/s3/domtbl_r4/clc_channel.domtbl <hmm> <db>
clc_prokaryotic	census_v2.r4_delta.nr.fasta	0	0.3	30a18ce2ed7073e18227551e4d8c57874a226ea95dc48262f7d03c989e66972c	1187702	hmmsearch --cpu 2 --noali -E 1e-3 --domE 1e-3 -Z 1187702 --domZ 1187702 -o /dev/null --domtblout /Volumes/FANTOM/ION_CHANNEL_DATA/hmmer/s3/domtbl_r4/clc_prokaryotic.domtbl <hmm> <db>
clc_transporter	census_v2.r4_delta.nr.fasta	0	0.2	915272cacec247d24d8dc5a0e580f0f33cbdf8e8fca507fba6301820155f78d7	1187702	hmmsearch --cpu 2 --noali -E 1e-3 --domE 1e-3 -Z 1187702 --domZ 1187702 -o /dev/null --domtblout /Volumes/FANTOM/ION_CHANNEL_DATA/hmmer/s3/domtbl_r4/clc_transporter.domtbl <hmm> <db>
clcc1	census_v2.r4_delta.nr.fasta	1538	6.4	315b7908ad75b008503f8d3cfa9345974b23fd0078716ed8dfec04efe7f764b2	1187702	hmmsearch --cpu 2 --noali -E 1e-3 --domE 1e-3 -Z 1187702 --domZ 1187702 -o /dev/null --domtblout /Volumes/FANTOM/ION_CHANNEL_DATA/hmmer/s3/domtbl_r4/clcc1.domtbl <hmm> <db>
clic	census_v2.r4_delta.nr.fasta	0	0.4	a9595776f2287eafaa4f24b1eb57f82518c1fc5c93e1f60200000c991922d8b5	1187702	hmmsearch --cpu 2 --noali -E 1e-3 --domE 1e-3 -Z 1187702 --domZ 1187702 -o /dev/null --domtblout /Volumes/FANTOM/ION_CHANNEL_DATA/hmmer/s3/domtbl_r4/clic.domtbl <hmm> <db>
cng	census_v2.r4_delta.nr.fasta	0	1.2	ab4226b78d0510ccdbbc6da8a6955abe9cd583f05582621d515ec279d1b937ef	1187702	hmmsearch --cpu 2 --noali -E 1e-3 --domE 1e-3 -Z 1187702 --domZ 1187702 -o /dev/null --domtblout /Volumes/FANTOM/ION_CHANNEL_DATA/hmmer/s3/domtbl_r4/cng.domtbl <hmm> <db>
connexin	census_v2.r4_delta.nr.fasta	0	0.2	fbb0a965a0523acdd15717d75c8f7290c9daccac252e998cf681844ff1130c5e	1187702	hmmsearch --cpu 2 --noali -E 1e-3 --domE 1e-3 -Z 1187702 --domZ 1187702 -o /dev/null --domtblout /Volumes/FANTOM/ION_CHANNEL_DATA/hmmer/s3/domtbl_r4/connexin.domtbl <hmm> <db>
deg_invertebrate	census_v2.r4_delta.nr.fasta	0	0.2	bb540a518ae78cd3bf51ee625e77fbd4512eb0ae9952149a7d3130583f5f3cee	1187702	hmmsearch --cpu 2 --noali -E 1e-3 --domE 1e-3 -Z 1187702 --domZ 1187702 -o /dev/null --domtblout /Volumes/FANTOM/ION_CHANNEL_DATA/hmmer/s3/domtbl_r4/deg_invertebrate.domtbl <hmm> <db>
delta_glur	census_v2.r4_delta.nr.fasta	0	0.3	e7ce0d814d970788b855fb451ec7baa1f2079bb8fbd240d8cfc22abf76f237dd	1187702	hmmsearch --cpu 2 --noali -E 1e-3 --domE 1e-3 -Z 1187702 --domZ 1187702 -o /dev/null --domtblout /Volumes/FANTOM/ION_CHANNEL_DATA/hmmer/s3/domtbl_r4/delta_glur.domtbl <hmm> <db>
enac	census_v2.r4_delta.nr.fasta	0	0.2	7897409bcd2aa105a3dbc1a8e367fd064d057822446215a7d711986e8f5ab4dd	1187702	hmmsearch --cpu 2 --noali -E 1e-3 --domE 1e-3 -Z 1187702 --domZ 1187702 -o /dev/null --domtblout /Volumes/FANTOM/ION_CHANNEL_DATA/hmmer/s3/domtbl_r4/enac.domtbl <hmm> <db>
gabaa	census_v2.r4_delta.nr.fasta	0	0.4	0d9f777e79c22a25a1e5b3d1b8e70bffe4102ad6af47c35e27b4af066655c8c2	1187702	hmmsearch --cpu 2 --noali -E 1e-3 --domE 1e-3 -Z 1187702 --domZ 1187702 -o /dev/null --domtblout /Volumes/FANTOM/ION_CHANNEL_DATA/hmmer/s3/domtbl_r4/gabaa.domtbl <hmm> <db>
glyr	census_v2.r4_delta.nr.fasta	0	0.2	d1c671355793db25b9e87b557296d0ff2f415a1d53025a4e428019d968c001d2	1187702	hmmsearch --cpu 2 --noali -E 1e-3 --domE 1e-3 -Z 1187702 --domZ 1187702 -o /dev/null --domtblout /Volumes/FANTOM/ION_CHANNEL_DATA/hmmer/s3/domtbl_r4/glyr.domtbl <hmm> <db>
gphr	census_v2.r4_delta.nr.fasta	3634	10.5	c422d3f18c14534a97296dddcb8ba29b0eae64032d833d5e0df4208cc26f116d	1187702	hmmsearch --cpu 2 --noali -E 1e-3 --domE 1e-3 -Z 1187702 --domZ 1187702 -o /dev/null --domtblout /Volumes/FANTOM/ION_CHANNEL_DATA/hmmer/s3/domtbl_r4/gphr.domtbl <hmm> <db>
hcn	census_v2.r4_delta.nr.fasta	0	0.7	7540894ae503ecd13253af5064145def34ecab24691688bc3af317e31c3ba56c	1187702	hmmsearch --cpu 2 --noali -E 1e-3 --domE 1e-3 -Z 1187702 --domZ 1187702 -o /dev/null --domtblout /Volumes/FANTOM/ION_CHANNEL_DATA/hmmer/s3/domtbl_r4/hcn.domtbl <hmm> <db>
ht3	census_v2.r4_delta.nr.fasta	0	0.2	50530a2655d36adc2220327611f1f43f8d3222079eeedaba17ff3ed7b6b7968d	1187702	hmmsearch --cpu 2 --noali -E 1e-3 --domE 1e-3 -Z 1187702 --domZ 1187702 -o /dev/null --domtblout /Volumes/FANTOM/ION_CHANNEL_DATA/hmmer/s3/domtbl_r4/ht3.domtbl <hmm> <db>
hv1	census_v2.r4_delta.nr.fasta	0	0.2	b212c115f0ed7ba1d4121e12129cbb8b6b848649912be3ed25279a98216c1956	1187702	hmmsearch --cpu 2 --noali -E 1e-3 --domE 1e-3 -Z 1187702 --domZ 1187702 -o /dev/null --domtblout /Volumes/FANTOM/ION_CHANNEL_DATA/hmmer/s3/domtbl_r4/hv1.domtbl <hmm> <db>
iglur_nonvertebrate	census_v2.r4_delta.nr.fasta	0	0.3	eae15848c1ceb983db5454eeceffe1140706c7fa709f2fa7f4a286bd30b49fb1	1187702	hmmsearch --cpu 2 --noali -E 1e-3 --domE 1e-3 -Z 1187702 --domZ 1187702 -o /dev/null --domtblout /Volumes/FANTOM/ION_CHANNEL_DATA/hmmer/s3/domtbl_r4/iglur_nonvertebrate.domtbl <hmm> <db>
iglur_prok	census_v2.r4_delta.nr.fasta	0	0.2	f4de0cc1b0db4e56200419603a25406282fa6e97f4f2b792129504473848bc6f	1187702	hmmsearch --cpu 2 --noali -E 1e-3 --domE 1e-3 -Z 1187702 --domZ 1187702 -o /dev/null --domtblout /Volumes/FANTOM/ION_CHANNEL_DATA/hmmer/s3/domtbl_r4/iglur_prok.domtbl <hmm> <db>
innexin	census_v2.r4_delta.nr.fasta	0	0.2	43f0733ae8bdd71da60974bd538b3292ec95ef5b651b21ca09aea278d79b1875	1187702	hmmsearch --cpu 2 --noali -E 1e-3 --domE 1e-3 -Z 1187702 --domZ 1187702 -o /dev/null --domtblout /Volumes/FANTOM/ION_CHANNEL_DATA/hmmer/s3/domtbl_r4/innexin.domtbl <hmm> <db>
itpr	census_v2.r4_delta.nr.fasta	0	1.0	23337584be25473fb5402d46694417a8422da33702ff809fb4e7b54f6f4f6096	1187702	hmmsearch --cpu 2 --noali -E 1e-3 --domE 1e-3 -Z 1187702 --domZ 1187702 -o /dev/null --domtblout /Volumes/FANTOM/ION_CHANNEL_DATA/hmmer/s3/domtbl_r4/itpr.domtbl <hmm> <db>
k2p	census_v2.r4_delta.nr.fasta	0	1.4	848c55d549572f8295571d57b8f8b895365c9353de0ad372c0c07ed74c743a17	1187702	hmmsearch --cpu 2 --noali -E 1e-3 --domE 1e-3 -Z 1187702 --domZ 1187702 -o /dev/null --domtblout /Volumes/FANTOM/ION_CHANNEL_DATA/hmmer/s3/domtbl_r4/k2p.domtbl <hmm> <db>
kainate	census_v2.r4_delta.nr.fasta	0	0.2	97a7c4a6c265abf25808fd33637b133b25237914fd3aedb5dd6d7694636ea974	1187702	hmmsearch --cpu 2 --noali -E 1e-3 --domE 1e-3 -Z 1187702 --domZ 1187702 -o /dev/null --domtblout /Volumes/FANTOM/ION_CHANNEL_DATA/hmmer/s3/domtbl_r4/kainate.domtbl <hmm> <db>
kca_sk	census_v2.r4_delta.nr.fasta	0	0.3	23f0eae4b55bba8bf46e7822c89b0d7fb05ca9c3884add25da5fd1750644de8c	1187702	hmmsearch --cpu 2 --noali -E 1e-3 --domE 1e-3 -Z 1187702 --domZ 1187702 -o /dev/null --domtblout /Volumes/FANTOM/ION_CHANNEL_DATA/hmmer/s3/domtbl_r4/kca_sk.domtbl <hmm> <db>
kca_slo	census_v2.r4_delta.nr.fasta	0	0.4	42ee61136a9202ba93b6b7b438974cb43501d4a9fba35e0763c7afd7888120a3	1187702	hmmsearch --cpu 2 --noali -E 1e-3 --domE 1e-3 -Z 1187702 --domZ 1187702 -o /dev/null --domtblout /Volumes/FANTOM/ION_CHANNEL_DATA/hmmer/s3/domtbl_r4/kca_slo.domtbl <hmm> <db>
kcsa_prok	census_v2.r4_delta.nr.fasta	0	0.5	095e9ba126fb36eab1f3470daae2fb06118627534700ac15e822bc558eb90ff1	1187702	hmmsearch --cpu 2 --noali -E 1e-3 --domE 1e-3 -Z 1187702 --domZ 1187702 -o /dev/null --domtblout /Volumes/FANTOM/ION_CHANNEL_DATA/hmmer/s3/domtbl_r4/kcsa_prok.domtbl <hmm> <db>
kir	census_v2.r4_delta.nr.fasta	0	0.6	f5dfaebb95f9ed349734cb8d47cf50b728f7616e4276e0b3b522d0e5278763b8	1187702	hmmsearch --cpu 2 --noali -E 1e-3 --domE 1e-3 -Z 1187702 --domZ 1187702 -o /dev/null --domtblout /Volumes/FANTOM/ION_CHANNEL_DATA/hmmer/s3/domtbl_r4/kir.domtbl <hmm> <db>
kv_eag	census_v2.r4_delta.nr.fasta	0	1.8	0d35b081940db9331c5035eb2cc4b48a4d99777c664676081ecb9d2826ccf799	1187702	hmmsearch --cpu 2 --noali -E 1e-3 --domE 1e-3 -Z 1187702 --domZ 1187702 -o /dev/null --domtblout /Volumes/FANTOM/ION_CHANNEL_DATA/hmmer/s3/domtbl_r4/kv_eag.domtbl <hmm> <db>
kv_kcnq	census_v2.r4_delta.nr.fasta	0	0.7	34bdf0f0472ecbacbe8bb46117ef769d5bb91e465b9225921a22eb9730386f85	1187702	hmmsearch --cpu 2 --noali -E 1e-3 --domE 1e-3 -Z 1187702 --domZ 1187702 -o /dev/null --domtblout /Volumes/FANTOM/ION_CHANNEL_DATA/hmmer/s3/domtbl_r4/kv_kcnq.domtbl <hmm> <db>
kv_modifier	census_v2.r4_delta.nr.fasta	0	1.4	6fb81be143ff6de8f4911eb0e4e02e8860a78c4c4d0907ed11581b3db490d4ca	1187702	hmmsearch --cpu 2 --noali -E 1e-3 --domE 1e-3 -Z 1187702 --domZ 1187702 -o /dev/null --domtblout /Volumes/FANTOM/ION_CHANNEL_DATA/hmmer/s3/domtbl_r4/kv_modifier.domtbl <hmm> <db>
kv_shaker	census_v2.r4_delta.nr.fasta	0	1.4	5dd76a0e8c832516630a7a704fae8698ff38cf0051782bc3957943e2287d7c47	1187702	hmmsearch --cpu 2 --noali -E 1e-3 --domE 1e-3 -Z 1187702 --domZ 1187702 -o /dev/null --domtblout /Volumes/FANTOM/ION_CHANNEL_DATA/hmmer/s3/domtbl_r4/kv_shaker.domtbl <hmm> <db>
lrrc8	census_v2.r4_delta.nr.fasta	0	0.2	f63155b2331c3b8749bc8c4efdc69dc69e5f606ea505fac068d3beeb77e462b6	1187702	hmmsearch --cpu 2 --noali -E 1e-3 --domE 1e-3 -Z 1187702 --domZ 1187702 -o /dev/null --domtblout /Volumes/FANTOM/ION_CHANNEL_DATA/hmmer/s3/domtbl_r4/lrrc8.domtbl <hmm> <db>
mcu	census_v2.r4_delta.nr.fasta	0	0.4	66c46f3081b04771b771654fdf207af34ce79fd2484781ee5e1c43868c4d1532	1187702	hmmsearch --cpu 2 --noali -E 1e-3 --domE 1e-3 -Z 1187702 --domZ 1187702 -o /dev/null --domtblout /Volumes/FANTOM/ION_CHANNEL_DATA/hmmer/s3/domtbl_r4/mcu.domtbl <hmm> <db>
mitok	census_v2.r4_delta.nr.fasta	0	0.6	7270a5eaa102f4c31d98fbf007cb969ff1cefa8b0ac8f17d830c3435d6188515	1187702	hmmsearch --cpu 2 --noali -E 1e-3 --domE 1e-3 -Z 1187702 --domZ 1187702 -o /dev/null --domtblout /Volumes/FANTOM/ION_CHANNEL_DATA/hmmer/s3/domtbl_r4/mitok.domtbl <hmm> <db>
mscl	census_v2.r4_delta.nr.fasta	0	0.3	09f511aec61144059454ff4aab081fd2c3032fad036f254c0588332b59d1d9ec	1187702	hmmsearch --cpu 2 --noali -E 1e-3 --domE 1e-3 -Z 1187702 --domZ 1187702 -o /dev/null --domtblout /Volumes/FANTOM/ION_CHANNEL_DATA/hmmer/s3/domtbl_r4/mscl.domtbl <hmm> <db>
mscs	census_v2.r4_delta.nr.fasta	0	0.3	5beefb8c88678d2688e76fe1e561df8223d4f8c15573544ad02c589ed6d6e0ce	1187702	hmmsearch --cpu 2 --noali -E 1e-3 --domE 1e-3 -Z 1187702 --domZ 1187702 -o /dev/null --domtblout /Volumes/FANTOM/ION_CHANNEL_DATA/hmmer/s3/domtbl_r4/mscs.domtbl <hmm> <db>
nachr	census_v2.r4_delta.nr.fasta	0	0.4	29e4c059057872078500cd72dd64e21ce999b71f583e677ba0a12d7b8ad6859a	1187702	hmmsearch --cpu 2 --noali -E 1e-3 --domE 1e-3 -Z 1187702 --domZ 1187702 -o /dev/null --domtblout /Volumes/FANTOM/ION_CHANNEL_DATA/hmmer/s3/domtbl_r4/nachr.domtbl <hmm> <db>
nalcn	census_v2.r4_delta.nr.fasta	0	0.8	37ea671b6839d3b62df886cb3e95d1d858a23b22fca5d01c8556cdd63148bf8c	1187702	hmmsearch --cpu 2 --noali -E 1e-3 --domE 1e-3 -Z 1187702 --domZ 1187702 -o /dev/null --domtblout /Volumes/FANTOM/ION_CHANNEL_DATA/hmmer/s3/domtbl_r4/nalcn.domtbl <hmm> <db>
nav	census_v2.r4_delta.nr.fasta	0	1.1	f6ee6c3e7b5b9a2664c5536e35ea05811c0ea25b38797612f2ea4443000f9c0b	1187702	hmmsearch --cpu 2 --noali -E 1e-3 --domE 1e-3 -Z 1187702 --domZ 1187702 -o /dev/null --domtblout /Volumes/FANTOM/ION_CHANNEL_DATA/hmmer/s3/domtbl_r4/nav.domtbl <hmm> <db>
nmda	census_v2.r4_delta.nr.fasta	0	0.3	973521ffeac50620bfdd02b418cc58f5736de8e7a7bece508e18d9f07f5ecee2	1187702	hmmsearch --cpu 2 --noali -E 1e-3 --domE 1e-3 -Z 1187702 --domZ 1187702 -o /dev/null --domtblout /Volumes/FANTOM/ION_CHANNEL_DATA/hmmer/s3/domtbl_r4/nmda.domtbl <hmm> <db>
nonchannel_abc_transporter	census_v2.r4_delta.nr.fasta	1	1.4	53f5840c656c5c8c42e6d747597d865efc4305e5cf0abacc8b59510ba4a6dfdc	1187702	hmmsearch --cpu 2 --noali -E 1e-3 --domE 1e-3 -Z 1187702 --domZ 1187702 -o /dev/null --domtblout /Volumes/FANTOM/ION_CHANNEL_DATA/hmmer/s3/domtbl_r4/nonchannel_abc_transporter.domtbl <hmm> <db>
nonchannel_achbp	census_v2.r4_delta.nr.fasta	0	0.3	3896b2fa9979f57fef4266ae1b917dfe558a5a9de966a96a4fa3dd51bb0df5fa	1187702	hmmsearch --cpu 2 --noali -E 1e-3 --domE 1e-3 -Z 1187702 --domZ 1187702 -o /dev/null --domtblout /Volumes/FANTOM/ION_CHANNEL_DATA/hmmer/s3/domtbl_r4/nonchannel_achbp.domtbl <hmm> <db>
nonchannel_bri3bp	census_v2.r4_delta.nr.fasta	633	1.8	3beae47d153331f3396fbde2f94c84ce449a867774519d65447ff030a0d239f7	1187702	hmmsearch --cpu 2 --noali -E 1e-3 --domE 1e-3 -Z 1187702 --domZ 1187702 -o /dev/null --domtblout /Volumes/FANTOM/ION_CHANNEL_DATA/hmmer/s3/domtbl_r4/nonchannel_bri3bp.domtbl <hmm> <db>
nonchannel_class_c_gpcr	census_v2.r4_delta.nr.fasta	0	0.6	4f4210a933cddc08a4865cf752ba5f2a27f8a2512e6a3c76efe5be1881026f89	1187702	hmmsearch --cpu 2 --noali -E 1e-3 --domE 1e-3 -Z 1187702 --domZ 1187702 -o /dev/null --domtblout /Volumes/FANTOM/ION_CHANNEL_DATA/hmmer/s3/domtbl_r4/nonchannel_class_c_gpcr.domtbl <hmm> <db>
nonchannel_emc3	census_v2.r4_delta.nr.fasta	3562	3.7	0611d29b799c0e23f5128e280aca3ce753a01eb85faa4d2f961d9eef0df605b4	1187702	hmmsearch --cpu 2 --noali -E 1e-3 --domE 1e-3 -Z 1187702 --domZ 1187702 -o /dev/null --domtblout /Volumes/FANTOM/ION_CHANNEL_DATA/hmmer/s3/domtbl_r4/nonchannel_emc3.domtbl <hmm> <db>
nonchannel_gasdermin	census_v2.r4_delta.nr.fasta	0	0.3	965d82ba5d1cfbf540e3a24025e778de3bb393fc62764365dd938ae4d79842f8	1187702	hmmsearch --cpu 2 --noali -E 1e-3 --domE 1e-3 -Z 1187702 --domZ 1187702 -o /dev/null --domtblout /Volumes/FANTOM/ION_CHANNEL_DATA/hmmer/s3/domtbl_r4/nonchannel_gasdermin.domtbl <hmm> <db>
nonchannel_gost	census_v2.r4_delta.nr.fasta	6921	23.4	a6cbf52f82e45100f0d337091a64c6ebd2de8aac0b8af9f83d678468ea8a132c	1187702	hmmsearch --cpu 2 --noali -E 1e-3 --domE 1e-3 -Z 1187702 --domZ 1187702 -o /dev/null --domtblout /Volumes/FANTOM/ION_CHANNEL_DATA/hmmer/s3/domtbl_r4/nonchannel_gost.domtbl <hmm> <db>
nonchannel_kctd	census_v2.r4_delta.nr.fasta	0	0.5	18392d275d60086927a708ffa0e61347969de55fe05d02cbbe5c4e76c57abf08	1187702	hmmsearch --cpu 2 --noali -E 1e-3 --domE 1e-3 -Z 1187702 --domZ 1187702 -o /dev/null --domtblout /Volumes/FANTOM/ION_CHANNEL_DATA/hmmer/s3/domtbl_r4/nonchannel_kctd.domtbl <hmm> <db>
nonchannel_ncs	census_v2.r4_delta.nr.fasta	3	0.6	005c6089c60f9b43a14ff1f1fac244738436398675e701c676b211995db82f51	1187702	hmmsearch --cpu 2 --noali -E 1e-3 --domE 1e-3 -Z 1187702 --domZ 1187702 -o /dev/null --domtblout /Volumes/FANTOM/ION_CHANNEL_DATA/hmmer/s3/domtbl_r4/nonchannel_ncs.domtbl <hmm> <db>
nonchannel_pomt	census_v2.r4_delta.nr.fasta	0	0.3	56b0ff509a2c239534c9568934c835f65ec7cd9df67f1645f2f805fbe2ee9bf9	1187702	hmmsearch --cpu 2 --noali -E 1e-3 --domE 1e-3 -Z 1187702 --domZ 1187702 -o /dev/null --domtblout /Volumes/FANTOM/ION_CHANNEL_DATA/hmmer/s3/domtbl_r4/nonchannel_pomt.domtbl <hmm> <db>
nonchannel_vsp	census_v2.r4_delta.nr.fasta	0	0.4	aa336fb7db13eaa6c4155524948a1e66fc2001572804e0aa318abd04dc790c07	1187702	hmmsearch --cpu 2 --noali -E 1e-3 --domE 1e-3 -Z 1187702 --domZ 1187702 -o /dev/null --domtblout /Volumes/FANTOM/ION_CHANNEL_DATA/hmmer/s3/domtbl_r4/nonchannel_vsp.domtbl <hmm> <db>
orai	census_v2.r4_delta.nr.fasta	0	0.3	6bd4afabd180f48fd38d2952a31ca1f971465ad57f76c7310d18f1d962316923	1187702	hmmsearch --cpu 2 --noali -E 1e-3 --domE 1e-3 -Z 1187702 --domZ 1187702 -o /dev/null --domtblout /Volumes/FANTOM/ION_CHANNEL_DATA/hmmer/s3/domtbl_r4/orai.domtbl <hmm> <db>
osca_tmem63	census_v2.r4_delta.nr.fasta	0	0.7	d1af8a17d7b2472d8a19be5feff6e11d2e5fcdc06a25fd01f93f261e865e7324	1187702	hmmsearch --cpu 2 --noali -E 1e-3 --domE 1e-3 -Z 1187702 --domZ 1187702 -o /dev/null --domtblout /Volumes/FANTOM/ION_CHANNEL_DATA/hmmer/s3/domtbl_r4/osca_tmem63.domtbl <hmm> <db>
otop	census_v2.r4_delta.nr.fasta	0	0.2	5ca6b7acb0021a647f799fa53d4b9c8701395fdc48102ca50720ae1fea92434d	1187702	hmmsearch --cpu 2 --noali -E 1e-3 --domE 1e-3 -Z 1187702 --domZ 1187702 -o /dev/null --domtblout /Volumes/FANTOM/ION_CHANNEL_DATA/hmmer/s3/domtbl_r4/otop.domtbl <hmm> <db>
outofscope_aquaporin	census_v2.r4_delta.nr.fasta	0	0.3	1fcd3e04711934011426e35b78772b1635495e2559d63583e550518ae704c965	1187702	hmmsearch --cpu 2 --noali -E 1e-3 --domE 1e-3 -Z 1187702 --domZ 1187702 -o /dev/null --domtblout /Volumes/FANTOM/ION_CHANNEL_DATA/hmmer/s3/domtbl_r4/outofscope_aquaporin.domtbl <hmm> <db>
outofscope_bacterial_porin	census_v2.r4_delta.nr.fasta	0	0.3	d56afdc8d2f25d1a59ed445256321ed863a21786c5b07435040b5971a27fca60	1187702	hmmsearch --cpu 2 --noali -E 1e-3 --domE 1e-3 -Z 1187702 --domZ 1187702 -o /dev/null --domtblout /Volumes/FANTOM/ION_CHANNEL_DATA/hmmer/s3/domtbl_r4/outofscope_bacterial_porin.domtbl <hmm> <db>
p2x	census_v2.r4_delta.nr.fasta	0	0.2	f920eeec39c8f89c98600ead3d1176ab858bec624b2a8a016fbcd351b01f1e76	1187702	hmmsearch --cpu 2 --noali -E 1e-3 --domE 1e-3 -Z 1187702 --domZ 1187702 -o /dev/null --domtblout /Volumes/FANTOM/ION_CHANNEL_DATA/hmmer/s3/domtbl_r4/p2x.domtbl <hmm> <db>
p2x_nonmetazoan	census_v2.r4_delta.nr.fasta	0	0.2	d11d1cb2f27ed94a5961d332b5cf754117de1e7bad7f607b1290c57df8102cf6	1187702	hmmsearch --cpu 2 --noali -E 1e-3 --domE 1e-3 -Z 1187702 --domZ 1187702 -o /dev/null --domtblout /Volumes/FANTOM/ION_CHANNEL_DATA/hmmer/s3/domtbl_r4/p2x_nonmetazoan.domtbl <hmm> <db>
pacc	census_v2.r4_delta.nr.fasta	937	2.1	105364f49687da4202e6d4e3c8483de8b8a38f87e26a845fc38b0d9f759151aa	1187702	hmmsearch --cpu 2 --noali -E 1e-3 --domE 1e-3 -Z 1187702 --domZ 1187702 -o /dev/null --domtblout /Volumes/FANTOM/ION_CHANNEL_DATA/hmmer/s3/domtbl_r4/pacc.domtbl <hmm> <db>
pannexin	census_v2.r4_delta.nr.fasta	0	0.1	9ae0df95009315d9d20176fbe41ece84085aa70d12a432e07c3751be5fcb7180	1187702	hmmsearch --cpu 2 --noali -E 1e-3 --domE 1e-3 -Z 1187702 --domZ 1187702 -o /dev/null --domtblout /Volumes/FANTOM/ION_CHANNEL_DATA/hmmer/s3/domtbl_r4/pannexin.domtbl <hmm> <db>
piezo	census_v2.r4_delta.nr.fasta	0	0.9	8ff3362709ed5d889e4c80f6a4365b366cac414226863d4e0da41971d62ba021	1187702	hmmsearch --cpu 2 --noali -E 1e-3 --domE 1e-3 -Z 1187702 --domZ 1187702 -o /dev/null --domtblout /Volumes/FANTOM/ION_CHANNEL_DATA/hmmer/s3/domtbl_r4/piezo.domtbl <hmm> <db>
plgic_invertebrate	census_v2.r4_delta.nr.fasta	0	0.3	2444928f53dfc91fccad067d7e2a31f8685244c63f42caa939e4ce243cf6c587	1187702	hmmsearch --cpu 2 --noali -E 1e-3 --domE 1e-3 -Z 1187702 --domZ 1187702 -o /dev/null --domtblout /Volumes/FANTOM/ION_CHANNEL_DATA/hmmer/s3/domtbl_r4/plgic_invertebrate.domtbl <hmm> <db>
plgic_prok	census_v2.r4_delta.nr.fasta	0	0.1	9f560f48ec21569a9e1114e60a17b2b0279d9a7fe99dde9c4247c562bc63c8a9	1187702	hmmsearch --cpu 2 --noali -E 1e-3 --domE 1e-3 -Z 1187702 --domZ 1187702 -o /dev/null --domtblout /Volumes/FANTOM/ION_CHANNEL_DATA/hmmer/s3/domtbl_r4/plgic_prok.domtbl <hmm> <db>
ryr	census_v2.r4_delta.nr.fasta	0	2.1	cb10686b5ee29a3993fecbb160de0764ac12315e7242234ddb4834a72d94a5a9	1187702	hmmsearch --cpu 2 --noali -E 1e-3 --domE 1e-3 -Z 1187702 --domZ 1187702 -o /dev/null --domtblout /Volumes/FANTOM/ION_CHANNEL_DATA/hmmer/s3/domtbl_r4/ryr.domtbl <hmm> <db>
tmc	census_v2.r4_delta.nr.fasta	0	0.8	0d22ba09635143d8b9ef4f0b4cfd70551b9077708db793d3beafb6425495a451	1187702	hmmsearch --cpu 2 --noali -E 1e-3 --domE 1e-3 -Z 1187702 --domZ 1187702 -o /dev/null --domtblout /Volumes/FANTOM/ION_CHANNEL_DATA/hmmer/s3/domtbl_r4/tmc.domtbl <hmm> <db>
tmco1	census_v2.r4_delta.nr.fasta	1573	1.9	112bdee793a640c0162fa6ee5c8640e22e7eea2b6f0d85a189f211299be21f1c	1187702	hmmsearch --cpu 2 --noali -E 1e-3 --domE 1e-3 -Z 1187702 --domZ 1187702 -o /dev/null --domtblout /Volumes/FANTOM/ION_CHANNEL_DATA/hmmer/s3/domtbl_r4/tmco1.domtbl <hmm> <db>
tmem109	census_v2.r4_delta.nr.fasta	1344	1.9	9d59b4fd7ada778e5d645c7ee3f9956dac0731b1b84da6975bd89763e18ca6ec	1187702	hmmsearch --cpu 2 --noali -E 1e-3 --domE 1e-3 -Z 1187702 --domZ 1187702 -o /dev/null --domtblout /Volumes/FANTOM/ION_CHANNEL_DATA/hmmer/s3/domtbl_r4/tmem109.domtbl <hmm> <db>
tmem175	census_v2.r4_delta.nr.fasta	0	0.4	94e986b27dd77ac25c8dea3de6d5354906b9a3c74cf635f46365866e341e9946	1187702	hmmsearch --cpu 2 --noali -E 1e-3 --domE 1e-3 -Z 1187702 --domZ 1187702 -o /dev/null --domtblout /Volumes/FANTOM/ION_CHANNEL_DATA/hmmer/s3/domtbl_r4/tmem175.domtbl <hmm> <db>
tmem87	census_v2.r4_delta.nr.fasta	7902	20.5	f73cd6b0a0cb463ad624612b61bc3184664d68cccea1dbe6ceab21f050d05770	1187702	hmmsearch --cpu 2 --noali -E 1e-3 --domE 1e-3 -Z 1187702 --domZ 1187702 -o /dev/null --domtblout /Volumes/FANTOM/ION_CHANNEL_DATA/hmmer/s3/domtbl_r4/tmem87.domtbl <hmm> <db>
tpc	census_v2.r4_delta.nr.fasta	0	0.2	1cf583022881f07b7f70b7f74556bc96d561bdc80f5461f73d64ab7cbaf4161f	1187702	hmmsearch --cpu 2 --noali -E 1e-3 --domE 1e-3 -Z 1187702 --domZ 1187702 -o /dev/null --domtblout /Volumes/FANTOM/ION_CHANNEL_DATA/hmmer/s3/domtbl_r4/tpc.domtbl <hmm> <db>
transporter_slc26	census_v2.r4_delta.nr.fasta	0	0.4	161af1690923928ff68d905c629889627094d84f825fdd61ee12a42f97c7fdce	1187702	hmmsearch --cpu 2 --noali -E 1e-3 --domE 1e-3 -Z 1187702 --domZ 1187702 -o /dev/null --domtblout /Volumes/FANTOM/ION_CHANNEL_DATA/hmmer/s3/domtbl_r4/transporter_slc26.domtbl <hmm> <db>
tric	census_v2.r4_delta.nr.fasta	0	0.3	0aeafa9c0960bededc63e4741f7861922c3715eeb8ed150fef49cdce76b60069	1187702	hmmsearch --cpu 2 --noali -E 1e-3 --domE 1e-3 -Z 1187702 --domZ 1187702 -o /dev/null --domtblout /Volumes/FANTOM/ION_CHANNEL_DATA/hmmer/s3/domtbl_r4/tric.domtbl <hmm> <db>
trpa	census_v2.r4_delta.nr.fasta	6	0.5	f146f0ed208e385616dd1c19c8e5379994062bbbf9c6549fa12de7a4f0c48516	1187702	hmmsearch --cpu 2 --noali -E 1e-3 --domE 1e-3 -Z 1187702 --domZ 1187702 -o /dev/null --domtblout /Volumes/FANTOM/ION_CHANNEL_DATA/hmmer/s3/domtbl_r4/trpa.domtbl <hmm> <db>
trpc	census_v2.r4_delta.nr.fasta	0	0.5	adc9e015fa66cd4e38fe03c83fc8fca49b9589ef240ca83b0ad7a5131eceecba	1187702	hmmsearch --cpu 2 --noali -E 1e-3 --domE 1e-3 -Z 1187702 --domZ 1187702 -o /dev/null --domtblout /Volumes/FANTOM/ION_CHANNEL_DATA/hmmer/s3/domtbl_r4/trpc.domtbl <hmm> <db>
trpm	census_v2.r4_delta.nr.fasta	0	1.4	0e1d94230668ad37ce05bfd88d8b3212ce6d30f5b6327ec6c7d33a34fbf3d05b	1187702	hmmsearch --cpu 2 --noali -E 1e-3 --domE 1e-3 -Z 1187702 --domZ 1187702 -o /dev/null --domtblout /Volumes/FANTOM/ION_CHANNEL_DATA/hmmer/s3/domtbl_r4/trpm.domtbl <hmm> <db>
trpml	census_v2.r4_delta.nr.fasta	1	0.4	542432c9110b48520047d3657d564e47a7dddd3156cd757cf985645929fba34a	1187702	hmmsearch --cpu 2 --noali -E 1e-3 --domE 1e-3 -Z 1187702 --domZ 1187702 -o /dev/null --domtblout /Volumes/FANTOM/ION_CHANNEL_DATA/hmmer/s3/domtbl_r4/trpml.domtbl <hmm> <db>
trpn	census_v2.r4_delta.nr.fasta	7	0.9	e32daad6d502a77ce59a11c474b7343a316627360b97d3257c265d3ed7ce2bf5	1187702	hmmsearch --cpu 2 --noali -E 1e-3 --domE 1e-3 -Z 1187702 --domZ 1187702 -o /dev/null --domtblout /Volumes/FANTOM/ION_CHANNEL_DATA/hmmer/s3/domtbl_r4/trpn.domtbl <hmm> <db>
trpp	census_v2.r4_delta.nr.fasta	0	0.6	d6403c190cdefffa01d41cc5d45102287626a37a59a90a9792b8c7fa9fbc2eaf	1187702	hmmsearch --cpu 2 --noali -E 1e-3 --domE 1e-3 -Z 1187702 --domZ 1187702 -o /dev/null --domtblout /Volumes/FANTOM/ION_CHANNEL_DATA/hmmer/s3/domtbl_r4/trpp.domtbl <hmm> <db>
trpv	census_v2.r4_delta.nr.fasta	0	0.5	97faac65c3766c8a32cd41ca1ff4c79ac9e8df01cd79558c9388fff9100a8c6d	1187702	hmmsearch --cpu 2 --noali -E 1e-3 --domE 1e-3 -Z 1187702 --domZ 1187702 -o /dev/null --domtblout /Volumes/FANTOM/ION_CHANNEL_DATA/hmmer/s3/domtbl_r4/trpv.domtbl <hmm> <db>
tweety	census_v2.r4_delta.nr.fasta	0	0.3	db1462ccb28863b8ee0f3f6ea11c7190b4bbae02a0addd954f53fedd3b50aed9	1187702	hmmsearch --cpu 2 --noali -E 1e-3 --domE 1e-3 -Z 1187702 --domZ 1187702 -o /dev/null --domtblout /Volumes/FANTOM/ION_CHANNEL_DATA/hmmer/s3/domtbl_r4/tweety.domtbl <hmm> <db>
vdac	census_v2.r4_delta.nr.fasta	0	0.5	fddcf29488640c18585c4315a4c0a54c960323ed1728fcd2395ffe7e2c0115b2	1187702	hmmsearch --cpu 2 --noali -E 1e-3 --domE 1e-3 -Z 1187702 --domZ 1187702 -o /dev/null --domtblout /Volumes/FANTOM/ION_CHANNEL_DATA/hmmer/s3/domtbl_r4/vdac.domtbl <hmm> <db>
viroporin	census_v2.r4_delta.nr.fasta	0	0.6	9779e5a044f7ef6f64a81872d80a367ff46ee750029614ee168c816072bb2a54	1187702	hmmsearch --cpu 2 --noali -E 1e-3 --domE 1e-3 -Z 1187702 --domZ 1187702 -o /dev/null --domtblout /Volumes/FANTOM/ION_CHANNEL_DATA/hmmer/s3/domtbl_r4/viroporin.domtbl <hmm> <db>
zac	census_v2.r4_delta.nr.fasta	0	0.2	7350dadd8bc39c65f0c50f18d71f4e944e2f354759fc53ac1b1dd8f06e388dd5	1187702	hmmsearch --cpu 2 --noali -E 1e-3 --domE 1e-3 -Z 1187702 --domZ 1187702 -o /dev/null --domtblout /Volumes/FANTOM/ION_CHANNEL_DATA/hmmer/s3/domtbl_r4/zac.domtbl <hmm> <db>
