family	superfamily	members	genome_loci	model	exact	usable	with_pdb	frac_model	frac_usable	median_plddt	human_with_pdb
cftr	abc_channel	13	1	5	5	5	3	0.3846	0.3846	74.9	1
bestrophin	bestrophin	100	3	95	94	68	3	0.95	0.68	78.1	2
itpr	ca_release	86	3	5	5	5	4	0.0581	0.0581	74.6	1
ryr	ca_release	48	8	0	0	0	6	0.0	0.0		3
calhm	calhm	80	2	73	71	52	7	0.9125	0.65	75.2	5
clc_channel	clc	68	4	61	59	41	3	0.8971	0.6029	72.2	3
clic	clic	117	8	99	98	83	12	0.8462	0.7094	91.2	5
connexin	connexin	393	13	301	290	154	10	0.7659	0.3919	70.7	7
gabaa	cysloop	267	14	243	237	214	21	0.9101	0.8015	76.4	12
glyr	cysloop	62	3	57	54	54	6	0.9194	0.871	82.1	4
ht3	cysloop	51	1	46	44	42	2	0.902	0.8235	80.0	1
nachr	cysloop	714	12	594	585	542	17	0.8319	0.7591	79.0	13
plgic_invertebrate	cysloop	7	0	6	5	4	1	0.8571	0.5714	81.8	0
plgic_prok	cysloop	5	0	4	4	4	1	0.8	0.8	85.2	0
zac	cysloop	2	0	2	2	2	1	1.0	1.0	77.6	1
asic	deg_enac	182	5	165	164	160	4	0.9066	0.8791	81.4	3
deg_invertebrate	deg_enac	10	2	9	9	9	1	0.9	0.9	79.4	0
enac	deg_enac	39	2	38	38	36	5	0.9744	0.9231	76.5	4
gphr	gphr	40	3	37	37	35	0	0.925	0.875	81.4	0
hv1	hv	23	3	19	19	4	2	0.8261	0.1739	58.6	1
ampa	iglur	58	4	55	55	55	9	0.9483	0.9483	81.3	2
delta_glur	iglur	29	3	27	25	19	5	0.931	0.6552	73.4	2
iglur_nonvertebrate	iglur	38	0	38	38	37	3	1.0	0.9737	81.4	0
iglur_prok	iglur	1	0	1	1	1	1	1.0	1.0	83.6	0
kainate	iglur	75	4	71	69	67	7	0.9467	0.8933	78.6	2
nmda	iglur	123	8	81	79	48	16	0.6585	0.3902	71.8	6
innexin	innexin_like	73	9	59	59	57	1	0.8082	0.7808	81.0	0
lrrc8	innexin_like	98	4	74	71	70	6	0.7551	0.7143	81.4	3
pannexin	innexin_like	43	3	40	38	17	5	0.9302	0.3953	68.3	3
clcc1	mclc	22	1	18	18	0	0	0.8182	0.0	56.4	0
mcu	mcu	40	3	34	33	29	2	0.85	0.725	75.4	1
mitok	mitok	14	2	14	14	2	0	1.0	0.1429	68.0	0
mscl	msc	6	0	5	5	5	1	0.8333	0.8333	82.6	0
mscs	msc	66	1	62	62	31	6	0.9394	0.4697	69.9	0
orai	orai	52	2	46	46	33	2	0.8846	0.6346	72.3	1
otop	otopetrin	75	6	70	69	44	4	0.9333	0.5867	72.2	0
p2x	p2x	108	6	89	86	83	10	0.8241	0.7685	83.9	5
p2x_nonmetazoan	p2x	9	1	8	8	8	0	0.8889	0.8889	88.0	0
pacc	pac	13	1	13	12	10	2	1.0	0.7692	77.8	1
piezo	piezo	44	1	7	7	6	4	0.1591	0.1364	72.1	1
catsper	ploop	40	1	40	39	14	4	1.0	0.35	68.2	0
cav	ploop	197	4	47	41	5	14	0.2386	0.0254	61.9	9
cng	ploop	306	7	257	253	85	8	0.8399	0.2778	64.8	6
hcn	ploop	59	5	50	46	13	6	0.8475	0.2203	63.9	4
k2p	ploop	360	20	325	319	204	12	0.9028	0.5667	72.8	8
kca_sk	ploop	74	6	69	67	40	3	0.9324	0.5405	72.1	2
kca_slo	ploop	101	5	78	78	69	6	0.7723	0.6832	73.8	3
kcsa_prok	ploop	4	0	3	3	3	1	0.75	0.75	87.9	0
kir	ploop	282	17	252	245	220	16	0.8936	0.7801	79.4	5
kv_eag	ploop	152	6	123	119	32	8	0.8092	0.2105	63.8	4
kv_kcnq	ploop	89	8	72	70	3	5	0.809	0.0337	58.4	5
kv_modifier	ploop	85	5	81	79	78	0	0.9529	0.9176	77.9	0
kv_shaker	ploop	299	14	255	245	170	12	0.8528	0.5686	73.9	5
nalcn	ploop	21	3	9	9	8	2	0.4286	0.381	74.1	1
nav	ploop	134	4	42	41	13	14	0.3134	0.097	69.1	9
tpc	ploop	96	4	80	78	67	3	0.8333	0.6979	78.1	1
trpa	ploop	45	4	30	30	30	2	0.6667	0.6667	76.8	1
trpc	ploop	162	12	145	138	121	9	0.8951	0.7469	76.1	5
trpm	ploop	140	5	60	55	38	13	0.4286	0.2714	76.2	4
trpml	ploop	58	4	48	47	43	5	0.8276	0.7414	80.7	3
trpn	ploop	13	6	2	2	2	0	0.1538	0.1538	75.3	0
trpp	ploop	61	4	53	49	43	3	0.8689	0.7049	75.2	2
trpv	ploop	108	7	99	98	86	14	0.9167	0.7963	78.3	6
vdac	porin	140	6	123	123	118	7	0.8786	0.8429	88.0	3
tmco1	tmco1	37	3	33	33	29	1	0.8919	0.7838	77.8	1
tmem109	tmem109	12	0	11	11	0	0	0.9167	0.0	57.5	0
ano_channel	tmem16_like	29	2	25	22	16	1	0.8621	0.5517	72.7	0
ano_scramblase	tmem16_like	178	9	154	151	125	2	0.8652	0.7022	78.8	1
osca_tmem63	tmem16_like	139	4	124	123	96	9	0.8921	0.6906	74.6	2
tmc	tmem16_like	145	4	129	124	62	4	0.8897	0.4276	70.2	1
tmem175	tmem175	43	2	20	20	19	1	0.4651	0.4419	81.7	1
tmem87	tmem87	50	3	47	45	27	1	0.94	0.54	71.2	1
tric	tric	45	3	39	39	38	3	0.8667	0.8444	81.1	0
tweety	tweety	60	3	56	52	48	5	0.9333	0.8	78.1	3
viroporin	viroporin	3	0	3	3	2	3	1.0	0.6667	72.7	0
