rep	family	superfamily	group	best_tm_partner	best_tm	tm_recovered	best_foldseek_partner	best_evalue	foldseek_recovered
ampa__A0A9J7LFU9	ampa	iglur	deuterostome	kainate__H2ZW13	0.8866	1	kainate__H2ZW13	2.124e-09	1
ampa__P42262	ampa	iglur	vertebrate	kainate__H2ZW13	0.8753	1	kainate__A0A9J7LQK4	1.036e-08	1
ano_channel__A0A803SS97	ano_channel	tmem16_like	vertebrate	ano_scramblase__A7REV0	0.7823	1	ano_scramblase__A7REV0	2.071e-44	1
ano_scramblase__A0A0D2X3X3	ano_scramblase	tmem16_like	holozoa	ano_channel__A0A803SS97	0.7497	1	ano_channel__A0A803SS97	3.439e-37	1
ano_scramblase__A0CMD7	ano_scramblase	tmem16_like	ciliate	ano_channel__A0A803SS97	0.5549	1	ano_channel__A0A803SS97	1.99e-15	1
ano_scramblase__A7REV0	ano_scramblase	tmem16_like	cnidarian	ano_channel__A0A803SS97	0.7823	1	ano_channel__A0A803SS97	2.071e-44	1
ano_scramblase__B3RR64	ano_scramblase	tmem16_like	basal_metazoan	ano_channel__A0A803SS97	0.6613	1	ano_channel__A0A803SS97	1.582e-22	1
ano_scramblase__F6XJF3	ano_scramblase	tmem16_like	deuterostome	ano_channel__A0A803SS97	0.6501	1	ano_channel__A0A803SS97	3.025e-18	1
ano_scramblase__O13621	ano_scramblase	tmem16_like	fungi	ano_channel__A0A803SS97	0.6112	1	ano_channel__A0A803SS97	1.078e-13	1
ano_scramblase__Q0JJZ6	ano_scramblase	tmem16_like	plant	ano_channel__A0A803SS97	0.6449	1	ano_channel__A0A803SS97	4.279e-15	1
ano_scramblase__Q8BH79	ano_scramblase	tmem16_like	vertebrate	ano_channel__A0A803SS97	0.6318	1	ano_channel__A0A803SS97	4.813e-20	1
ano_scramblase__V3ZVB3	ano_scramblase	tmem16_like	invertebrate	ano_channel__A0A803SS97	0.6553	1	ano_channel__A0A803SS97	3.569e-21	1
asic__A0A9J7LNF4	asic	deg_enac	deuterostome	enac__P51168	0.5871	1	enac__P51168	1.651e-16	1
asic__A0AAN0IT46	asic	deg_enac	basal_metazoan	deg_invertebrate__V4CL22	0.6541	1	deg_invertebrate__V4CL22	5.462e-28	1
asic__A7STM2	asic	deg_enac	cnidarian	enac__P51168	0.711	1	deg_invertebrate__V4CL22	2.334e-31	1
asic__H3A9X2	asic	deg_enac	vertebrate	enac__P51168	0.7281	1	enac__P51168	1.049e-37	1
asic__Q9VME8	asic	deg_enac	invertebrate	enac__P51168	0.7083	1	enac__P51168	2.317e-24	1
catsper__A0A7M7NFY1	catsper	ploop	deuterostome	tpc__A9UQH3	0.8468	1	tpc__A9UQH3	0.0009677	1
catsper__F1LZS9	catsper	ploop	vertebrate	tpc__A0AAN0J029	0.8385	1	tpc__A9UQH3	0.002702	1
cav__A0A8M2BFL7	cav	ploop	vertebrate	nalcn__B3RI47	0.8467	1	nalcn__B3RI47	5.733e-09	1
cng__A0DBT1	cng	ploop	ciliate	kv_eag__B3SAI8	0.8688	1	kv_eag__B3SAI8	9.317e-06	1
cng__A7SLM9	cng	ploop	cnidarian	hcn__V4ACG9	0.7927	1	kv_eag__B3SAI8	0.000236	1
cng__B3S1X3	cng	ploop	basal_metazoan	hcn__V4ACG9	0.8248	1	kv_eag__V3ZMA8	0.0001598	1
cng__E9H807	cng	ploop	invertebrate	hcn__V4ACG9	0.7788	1	kv_eag__B3SAI8	0.001702	1
cng__F6SPJ8	cng	ploop	vertebrate	kv_eag__B3SAI8	0.7975	1	kv_eag__B3SAI8	9.889e-05	1
cng__F6TAP2	cng	ploop	deuterostome	hcn__V4ACG9	0.7992	1	kv_eag__B3SAI8	0.000121	1
deg_invertebrate__V4CL22	deg_invertebrate	deg_enac	invertebrate	enac__P51168	0.7477	1	asic__H3A9X2	1.457e-34	1
delta_glur__Q68Y21	delta_glur	iglur	vertebrate	nmda__A7SL56	0.8751	1	kainate__E9GVY0	0.0001991	1
enac__P51168	enac	deg_enac	vertebrate	deg_invertebrate__V4CL22	0.7477	1	asic__H3A9X2	1.049e-37	1
gabaa__H2XVB8	gabaa	cysloop	deuterostome	nachr__A0AAV2IC07	0.8514	1	glyr__O93430	1.576e-34	1
gabaa__H9GC12	gabaa	cysloop	vertebrate	plgic_invertebrate__Q95Q97	0.873	1	glyr__O93430	2.427e-40	1
gabaa__Q6BET0	gabaa	cysloop	invertebrate	plgic_invertebrate__Q95Q97	0.8566	1	glyr__O93430	7.435e-37	1
glyr__O93430	glyr	cysloop	vertebrate	plgic_invertebrate__Q95Q97	0.8909	1	plgic_invertebrate__Q95Q97	1.777e-44	1
hcn__F6NQL8	hcn	ploop	vertebrate	kv_eag__B3SAI8	0.8617	1	kv_eag__B3SAI8	6.988e-06	1
hcn__V4ACG9	hcn	ploop	invertebrate	kv_eag__B3SAI8	0.8749	1	kv_eag__B3SAI8	4.808e-05	1
ht3__H3B7V8	ht3	cysloop	vertebrate	nachr__H2ZRV3	0.8388	1	nachr__H2ZRV3	2.185e-28	1
iglur_nonvertebrate__E9NA96	iglur_nonvertebrate	iglur	invertebrate	ampa__A0A9J7LFU9	0.8578	1	ampa__A0A9J7LFU9	2.796e-06	1
iglur_prok__P73797	iglur_prok	iglur	prokaryote	kca_sk__A0DDU9	0.7944	0	kv_shaker__B3SAQ8	1.054e-05	0
innexin__O44887	innexin	innexin_like	invertebrate	pannexin__Q96QZ0	0.649	1	pannexin__Q96QZ0	1.058e-07	1
k2p__A7RXQ9	k2p	ploop	cnidarian	kcsa_prok__O27564	0.5071	1	kca_slo__V4B1X9	0.002436	1
k2p__B3SA79	k2p	ploop	basal_metazoan	kcsa_prok__O27564	0.5261	1	kca_sk__O89109	0.01595	1
k2p__F6XMP2	k2p	ploop	deuterostome	kcsa_prok__O27564	0.5105	1	kv_kcnq__A0AAV2HVZ4	0.01135	1
k2p__G5E845	k2p	ploop	vertebrate	kcsa_prok__O27564	0.4971	1	kca_slo__Q54SN1	0.01241	1
k2p__V4B135	k2p	ploop	invertebrate	kcsa_prok__O27564	0.5222	1	kca_slo__Q54SN1	0.009818	1
kainate__A0A9J7LQK4	kainate	iglur	deuterostome	ampa__A0A9J7LFU9	0.8798	1	ampa__A0A9J7LFU9	2.237e-09	1
kainate__E9GVY0	kainate	iglur	invertebrate	ampa__A0A9J7LFU9	0.8847	1	ampa__A0A9J7LFU9	1.33e-08	1
kainate__H2ZW13	kainate	iglur	vertebrate	ampa__A0A9J7LFU9	0.8866	1	ampa__A0A9J7LFU9	2.124e-09	1
kca_sk__A0A7M7N904	kca_sk	ploop	deuterostome	kv_kcnq__A0AAV2HVZ4	0.829	1	kv_kcnq__F7BEC5	9.706e-05	1
kca_sk__A0DDU9	kca_sk	ploop	ciliate	kv_modifier__A0A8M9QJ67	0.8657	1	kv_modifier__A0A8M9QJ67	3.54e-05	1
kca_sk__E9FRA4	kca_sk	ploop	invertebrate	kv_kcnq__A0AAV2HVZ4	0.8462	1	kv_modifier__A0A8M9QJ67	4.352e-05	1
kca_sk__O89109	kca_sk	ploop	vertebrate	kca_slo__A0A2K1IB39	0.858	1	kv_shaker__A7SAS8	4.662e-05	1
kca_slo__A0A2K1IB39	kca_slo	ploop	plant	kca_sk__O89109	0.858	1	kca_sk__A0A7M7N904	0.0003369	1
kca_slo__A0CBH9	kca_slo	ploop	ciliate	kca_sk__O89109	0.8367	1	kca_sk__O89109	0.0004192	1
kca_slo__A7SU69	kca_slo	ploop	cnidarian	kca_sk__A0A7M7N904	0.7907	1	kv_kcnq__A0AAV2HVZ4	0.001207	1
kca_slo__B3RV96	kca_slo	ploop	basal_metazoan	kca_sk__A0DDU9	0.7984	1	kv_modifier__A0A8M9QJ67	0.0001363	1
kca_slo__F6QI54	kca_slo	ploop	deuterostome	kcsa_prok__O27564	0.7839	1	kv_modifier__A0A8M9QJ67	0.0003992	1
kca_slo__Q54SN1	kca_slo	ploop	amoebozoa	kca_sk__E9FRA4	0.6507	1	kca_sk__A0DDU9	0.004498	1
kca_slo__Q8AYS8	kca_slo	ploop	vertebrate	kcsa_prok__O27564	0.781	1	kv_shaker__B3SAQ8	0.000175	1
kca_slo__V4B1X9	kca_slo	ploop	invertebrate	kcsa_prok__O27564	0.7737	1	kca_sk__E9FRA4	0.0004792	1
kcsa_prok__O27564	kcsa_prok	ploop	prokaryote	kv_kcnq__F7BEC5	0.8237	1	kca_sk__A0DDU9	0.0004392	1
kir__A7SE20	kir	ploop	cnidarian	kca_slo__A0CBH9	0.7866	1	kv_shaker__B3SAQ8	0.0003557	1
kir__A9UZJ5	kir	ploop	holozoa	cng__A0DBT1	0.8033	1	kv_eag__B3SAI8	0.0008116	1
kir__B3RMY4	kir	ploop	basal_metazoan	cng__A0DBT1	0.7458	1	kv_eag__B3SAI8	0.0008254	1
kir__F6QHN7	kir	ploop	deuterostome	cng__A0DBT1	0.7949	1	kv_shaker__B3SAQ8	0.0004275	1
kir__V3ZQG3	kir	ploop	invertebrate	cng__A0DBT1	0.7982	1	kv_shaker__B3SAQ8	0.0005915	1
kv_eag__A7SHR1	kv_eag	ploop	cnidarian	hcn__V4ACG9	0.8696	1	hcn__F6NQL8	5.107e-05	1
kv_eag__B3SAI8	kv_eag	ploop	basal_metazoan	hcn__V4ACG9	0.8749	1	hcn__F6NQL8	6.988e-06	1
kv_eag__H3A5E3	kv_eag	ploop	vertebrate	hcn__V4ACG9	0.8049	1	hcn__F6NQL8	7.943e-05	1
kv_eag__V3ZMA8	kv_eag	ploop	invertebrate	hcn__V4ACG9	0.8336	1	cng__A0DBT1	1.025e-05	1
kv_kcnq__A0AAV2HVZ4	kv_kcnq	ploop	invertebrate	kca_sk__A0DDU9	0.8481	1	kv_shaker__B3SAQ8	1.722e-06	1
kv_kcnq__F7BEC5	kv_kcnq	ploop	deuterostome	kca_sk__A0DDU9	0.844	1	kv_shaker__B3SAQ8	6.701e-06	1
kv_modifier__A0A8M9QJ67	kv_modifier	ploop	vertebrate	kv_shaker__B3SAQ8	0.926	1	kv_shaker__B3SAQ8	1.159e-06	1
kv_shaker__A7SAS8	kv_shaker	ploop	cnidarian	kv_modifier__A0A8M9QJ67	0.904	1	kv_modifier__A0A8M9QJ67	3.053e-06	1
kv_shaker__B3SAQ8	kv_shaker	ploop	basal_metazoan	kv_modifier__A0A8M9QJ67	0.926	1	kv_modifier__A0A8M9QJ67	1.159e-06	1
kv_shaker__C3XUL8	kv_shaker	ploop	deuterostome	kv_modifier__A0A8M9QJ67	0.891	1	kv_modifier__A0A8M9QJ67	8.587e-06	1
kv_shaker__H3BGC7	kv_shaker	ploop	vertebrate	kv_modifier__A0A8M9QJ67	0.6674	1	kv_modifier__A0A8M9QJ67	0.07497	1
kv_shaker__V4AGP0	kv_shaker	ploop	invertebrate	kv_modifier__A0A8M9QJ67	0.9143	1	kv_modifier__A0A8M9QJ67	1.849e-06	1
lrrc8__A7SYJ2	lrrc8	innexin_like	cnidarian	pannexin__Q96QZ0	0.6837	1	pannexin__Q96QZ0	0.000157	1
lrrc8__Q8IWT6	lrrc8	innexin_like	vertebrate	pannexin__Q96QZ0	0.711	1	pannexin__Q96QZ0	3.969e-07	1
mscl__P94585	mscl	msc	prokaryote	viroporin__P0DTC4	0.4699	0	orai__Q6TLE6	2.433	0
mscs__A0A7I4F5F5	mscs	msc	plant	calhm__A7RTL2	0.3359	0	nachr__A0AAV2IC07	0.2282	0
mscs__B3SFM1	mscs	msc	basal_metazoan	orai__Q6TLE6	0.3373	0	nachr__A0AAV2IC07	0.1842	0
mscs__P0C0S1	mscs	msc	prokaryote	calhm__A7RTL2	0.3228	0	ht3__H3B7V8	0.6501	0
nachr__A0A9J7LMG3	nachr	cysloop	deuterostome	gabaa__H2XVB8	0.7568	1	ht3__H3B7V8	1.673e-22	1
nachr__A0AAV2IC07	nachr	cysloop	invertebrate	gabaa__H2XVB8	0.8514	1	ht3__H3B7V8	2.155e-27	1
nachr__A7SC04	nachr	cysloop	cnidarian	gabaa__H9GC12	0.8072	1	ht3__H3B7V8	1.775e-24	1
nachr__H2ZRV3	nachr	cysloop	vertebrate	gabaa__H9GC12	0.85	1	ht3__H3B7V8	2.185e-28	1
nalcn__B3RI47	nalcn	ploop	basal_metazoan	cav__A0A8M2BFL7	0.8467	1	cav__A0A8M2BFL7	5.733e-09	1
nalcn__G5EDM1	nalcn	ploop	invertebrate	cav__A0A8M2BFL7	0.829	1	nav__Q2XVR6	4.21e-09	1
nalcn__Q6Q760	nalcn	ploop	vertebrate	cav__A0A8M2BFL7	0.8159	1	cav__A0A8M2BFL7	9.212e-09	1
nav__Q2XVR6	nav	ploop	vertebrate	nalcn__B3RI47	0.8208	1	nalcn__G5EDM1	4.21e-09	1
nmda__A0A9J7HRA2	nmda	iglur	deuterostome	delta_glur__Q68Y21	0.8704	1	ampa__A0A9J7LFU9	0.0003304	1
nmda__A7SL56	nmda	iglur	cnidarian	delta_glur__Q68Y21	0.8751	1	ampa__A0A9J7LFU9	0.0001663	1
nmda__Q6ZM67	nmda	iglur	vertebrate	ampa__A0A9J7LFU9	0.8612	1	ampa__A0A9J7LFU9	0.0002482	1
nmda__V4B6G6	nmda	iglur	invertebrate	delta_glur__Q68Y21	0.872	1	kainate__H2ZW13	0.0001801	1
osca_tmem63__A0A1X7V7H7	osca_tmem63	tmem16_like	basal_metazoan	tmc__F6WK17	0.5505	1	ano_scramblase__B3RR64	3.758e-06	1
osca_tmem63__A0A7M7PT56	osca_tmem63	tmem16_like	deuterostome	tmc__F6WK17	0.5435	1	ano_scramblase__B3RR64	8.915e-07	1
osca_tmem63__A7RGG4	osca_tmem63	tmem16_like	cnidarian	tmc__F6WK17	0.5471	1	ano_scramblase__V3ZVB3	4.316e-06	1
osca_tmem63__H3A4T1	osca_tmem63	tmem16_like	vertebrate	tmc__F6WK17	0.338	1	ano_scramblase__B3RR64	0.07819	1
osca_tmem63__Q09766	osca_tmem63	tmem16_like	fungi	ano_scramblase__Q8BH79	0.4906	1	ano_scramblase__B3RR64	5.062e-06	1
osca_tmem63__Q22SD5	osca_tmem63	tmem16_like	ciliate	ano_scramblase__B3RR64	0.5668	1	ano_scramblase__V3ZVB3	2.381e-08	1
osca_tmem63__Q6ZLQ0	osca_tmem63	tmem16_like	plant	ano_scramblase__A0A0D2X3X3	0.5141	1	ano_scramblase__Q8BH79	4.576e-06	1
osca_tmem63__Q75JR4	osca_tmem63	tmem16_like	amoebozoa	ano_scramblase__A0A0D2X3X3	0.5217	1	ano_scramblase__F6XJF3	1.197e-05	1
osca_tmem63__V3ZH65	osca_tmem63	tmem16_like	invertebrate	tmc__F6WK17	0.5394	1	ano_scramblase__F6XJF3	8.139e-06	1
p2x__A0A1X7VID9	p2x	p2x	basal_metazoan	p2x_nonmetazoan__A0A1X7V9H7	0.7221	1	p2x_nonmetazoan__Q553Y1	3.851e-23	1
p2x__A0A7M7PAM8	p2x	p2x	deuterostome	p2x_nonmetazoan__A0A1X7V9H7	0.7069	1	p2x_nonmetazoan__A0A0D2VGJ3	2.12e-24	1
p2x__A7S4Q4	p2x	p2x	cnidarian	p2x_nonmetazoan__A0A1X7V9H7	0.7104	1	p2x_nonmetazoan__A0A0D2VGJ3	1.199e-24	1
p2x__A9URI5	p2x	p2x	holozoa	p2x_nonmetazoan__A0A1X7V9H7	0.7323	1	p2x_nonmetazoan__Q553Y1	1.668e-23	1
p2x__E9FVI6	p2x	p2x	invertebrate	p2x_nonmetazoan__A7RZ68	0.716	1	p2x_nonmetazoan__Q553Y1	1.005e-23	1
p2x__F8W463	p2x	p2x	vertebrate	p2x_nonmetazoan__A0A1X7V9H7	0.7163	1	p2x_nonmetazoan__Q553Y1	1.235e-23	1
p2x_nonmetazoan__A0A0D2VGJ3	p2x_nonmetazoan	p2x	holozoa	p2x__A9URI5	0.7233	1	p2x__A7S4Q4	1.199e-24	1
p2x_nonmetazoan__A0A1X7V9H7	p2x_nonmetazoan	p2x	basal_metazoan	p2x__A9URI5	0.7323	1	p2x__A0A1X7VID9	2.645e-21	1
p2x_nonmetazoan__A7RZ68	p2x_nonmetazoan	p2x	cnidarian	p2x__A9URI5	0.7295	1	p2x__A0A7M7PAM8	5.622e-21	1
p2x_nonmetazoan__Q553Y1	p2x_nonmetazoan	p2x	amoebozoa	p2x__A9URI5	0.6975	1	p2x__A7S4Q4	1.608e-24	1
pannexin__A0A9J7HJ13	pannexin	innexin_like	deuterostome	lrrc8__A7SYJ2	0.6834	1	lrrc8__Q8IWT6	0.0004266	1
pannexin__Q96QZ0	pannexin	innexin_like	vertebrate	lrrc8__Q8IWT6	0.711	1	innexin__O44887	1.058e-07	1
plgic_invertebrate__Q95Q97	plgic_invertebrate	cysloop	invertebrate	glyr__O93430	0.8909	1	glyr__O93430	1.777e-44	1
plgic_prok__A0A9J7KP96	plgic_prok	cysloop	deuterostome	plgic_invertebrate__Q95Q97	0.7742	1	glyr__O93430	1.662e-21	1
plgic_prok__Q7NDN8	plgic_prok	cysloop	prokaryote	zac__F6ZYC6	0.8548	1	glyr__O93430	4.017e-29	1
plgic_prok__V4AGW4	plgic_prok	cysloop	invertebrate	glyr__O93430	0.7125	1	glyr__O93430	2.477e-21	1
tmc__A7RLV1	tmc	tmem16_like	cnidarian	ano_scramblase__B3RR64	0.4984	1	ano_scramblase__F6XJF3	0.0007601	1
tmc__B3RQ22	tmc	tmem16_like	basal_metazoan	ano_channel__A0A803SS97	0.5953	1	ano_scramblase__F6XJF3	2.47e-05	1
tmc__F6WK17	tmc	tmem16_like	deuterostome	ano_channel__A0A803SS97	0.5745	1	ano_scramblase__Q8BH79	4.802e-06	1
tmc__H3B868	tmc	tmem16_like	vertebrate	ano_channel__A0A803SS97	0.5768	1	ano_scramblase__F6XJF3	3.056e-07	1
tmc__V4A6W3	tmc	tmem16_like	invertebrate	ano_channel__A0A803SS97	0.5977	1	ano_channel__A0A803SS97	9.243e-05	1
tpc__A0A5F8GT68	tpc	ploop	vertebrate	catsper__A0A7M7NFY1	0.7991	1	cav__A0A8M2BFL7	0.003352	1
tpc__A0A9J7M0H4	tpc	ploop	deuterostome	trpp__B3S5C8	0.8309	1	kv_shaker__C3XUL8	0.002757	1
tpc__A0AAN0J029	tpc	ploop	basal_metazoan	catsper__F1LZS9	0.8385	1	catsper__A0A7M7NFY1	0.006508	1
tpc__A0CKD9	tpc	ploop	ciliate	catsper__F1LZS9	0.7753	1	nav__Q2XVR6	0.2877	1
tpc__A9UQH3	tpc	ploop	holozoa	catsper__A0A7M7NFY1	0.8468	1	catsper__A0A7M7NFY1	0.0009677	1
tpc__E9GLT0	tpc	ploop	invertebrate	catsper__F1LZS9	0.8293	1	trpp__B3S5C8	0.003512	1
tpc__Q94KI8	tpc	ploop	plant	catsper__F1LZS9	0.7983	1	cav__A0A8M2BFL7	0.01475	1
trpa__A0A7M7PLA6	trpa	ploop	deuterostome	trpv__H2Y2B7	0.8544	1	trpv__H2Y2B7	0.0002117	1
trpa__A0AAN0J3U5	trpa	ploop	basal_metazoan	trpv__H2Y2B7	0.8197	1	trpv__V3ZJ74	0.01711	1
trpa__O75762	trpa	ploop	vertebrate	trpv__H2Y2B7	0.8418	1	trpv__V3ZJ74	0.0007062	1
trpa__Q7Z020	trpa	ploop	invertebrate	trpv__V3ZJ74	0.8143	1	trpv__V3ZJ74	0.000348	1
trpc__A0A9J7L728	trpc	ploop	deuterostome	trpn__Q9VMR4	0.7027	1	trpn__Q9VMR4	0.0008565	1
trpc__A7RSZ7	trpc	ploop	cnidarian	trpv__V3ZJ74	0.7955	1	trpn__Q9VMR4	0.000956	1
trpc__V4A7H8	trpc	ploop	invertebrate	trpv__H2Y2B7	0.833	1	trpn__Q9VMR4	0.00101	1
trpm__A0A7M7PF05	trpm	ploop	deuterostome	trpv__V3ZJ74	0.8154	1	trpn__Q9VMR4	0.0007615	1
trpm__A7T1N0	trpm	ploop	cnidarian	trpv__V3ZJ74	0.8081	1	trpc__V4A7H8	0.002912	1
trpm__E9GJF9	trpm	ploop	invertebrate	trpc__V4A7H8	0.7631	1	trpc__V4A7H8	0.00915	1
trpm__G1KN72	trpm	ploop	vertebrate	trpv__V3ZJ74	0.7367	1	trpn__Q9VMR4	0.006188	1
trpml__A0A9J7NB51	trpml	ploop	deuterostome	trpp__B3S5C8	0.8594	1	trpp__H3AZW3	0.002709	1
trpml__A0AAV2IF99	trpml	ploop	invertebrate	trpp__B3S5C8	0.8668	1	trpp__H3AZW3	0.005588	1
trpml__A7S161	trpml	ploop	cnidarian	trpp__Q558Y3	0.8561	1	trpp__H3AZW3	0.004361	1
trpml__B3S1R4	trpml	ploop	basal_metazoan	trpp__B3S5C8	0.8544	1	trpp__H3AZW3	0.0008099	1
trpml__Q8R4F0	trpml	ploop	vertebrate	trpp__B3S5C8	0.8579	1	trpp__H3AZW3	0.002801	1
trpn__Q9VMR4	trpn	ploop	invertebrate	trpc__A7RSZ7	0.7909	1	trpm__A0A7M7PF05	0.0007615	1
trpp__A0A9J7KHP8	trpp	ploop	deuterostome	trpml__A0AAV2IF99	0.8586	1	trpa__A0A7M7PLA6	0.004833	1
trpp__A0AAV2HBM3	trpp	ploop	invertebrate	trpml__A0AAV2IF99	0.8465	1	trpc__V4A7H8	0.007145	1
trpp__A7S8E5	trpp	ploop	cnidarian	trpml__A0AAV2IF99	0.8376	1	trpml__A0A9J7NB51	0.008771	1
trpp__B3S5C8	trpp	ploop	basal_metazoan	trpml__A0AAV2IF99	0.8668	1	trpv__H2Y2B7	0.001938	1
trpp__H3AZW3	trpp	ploop	vertebrate	trpml__A0AAV2IF99	0.861	1	trpml__B3S1R4	0.0008099	1
trpp__I7MHL0	trpp	ploop	ciliate	tpc__A9UQH3	0.8167	1	trpv__H2Y2B7	0.001938	1
trpp__Q558Y3	trpp	ploop	amoebozoa	trpml__A0AAV2IF99	0.8628	1	trpml__A0A9J7NB51	0.004334	1
trpv__A7SGQ7	trpv	ploop	cnidarian	trpa__A0A7M7PLA6	0.8107	1	trpa__A0A7M7PLA6	0.005033	1
trpv__H2Y2B7	trpv	ploop	deuterostome	trpa__A0A7M7PLA6	0.8544	1	trpa__A0A7M7PLA6	0.0002117	1
trpv__H3AZ90	trpv	ploop	vertebrate	trpa__A0A7M7PLA6	0.815	1	trpc__A7RSZ7	0.003396	1
trpv__V3ZJ74	trpv	ploop	invertebrate	trpa__A0A7M7PLA6	0.8358	1	trpa__Q7Z020	0.000348	1
zac__F6ZYC6	zac	cysloop	vertebrate	plgic_prok__Q7NDN8	0.8548	1	ht3__H3B7V8	1.234e-21	1
