variant	node	source	residues
experimental	ampa	afdb	71
experimental	ano_channel	afdb	732
experimental	ano_scramblase	afdb	771
experimental	asic	pdb:9e4i_A	413
experimental	bestrophin	pdb:8d1i_A	376
experimental	calhm	pdb:8gmp_A	216
experimental	catsper	afdb	90
experimental	cav	pdb:8fhs_A	133
experimental	cftr	pdb:9mxl_B	1173
experimental	clc_channel	pdb:6qvc_A	599
experimental	clcc1	afdb	234
experimental	clic	pdb:4k0n_A	234
experimental	cng	pdb:9zpv_A	105
experimental	connexin	pdb:7xqb_A	202
experimental	deg_invertebrate	afdb	563
experimental	delta_glur	pdb:9nwo_A	87
experimental	enac	pdb:6wth_A	381
experimental	gabaa	pdb:9eqg_A	352
experimental	glyr	pdb:8dn3_A	343
experimental	gphr	afdb	382
experimental	hcn	pdb:8t4m_A	100
experimental	ht3	pdb:8axd_A	397
experimental	hv1	pdb:5oqk_A	118
experimental	iglur_nonvertebrate	pdb:7lzh_A	57
experimental	iglur_prok	afdb	97
experimental	innexin	afdb	243
experimental	itpr	pdb:9ykk_A	109
experimental	k2p	pdb:4twk_A	135
experimental	kainate	afdb	100
experimental	kca_sk	pdb:9vuc_A	85
experimental	kca_slo	pdb:9jo3_A	93
experimental	kcsa_prok	pdb:1f6g_A	84
experimental	kir	pdb:7zdz_A	101
experimental	kv_eag	pdb:8io4_A	102
experimental	kv_kcnq	pdb:7xnn_B	90
experimental	kv_modifier	afdb	87
experimental	kv_shaker	pdb:9o10_A	92
experimental	kv_shaker:VSD	pdb:9o10_A	130
experimental	lrrc8	pdb:9o5k_A	234
experimental	mcu	pdb:6o5b_A	273
experimental	mitok	afdb	236
experimental	mscl	pdb:28yc_A	98
experimental	mscs	pdb:6rld_A	265
experimental	nachr	pdb:9dms_A	399
experimental	nalcn	pdb:6xiw_A	149
experimental	nav	pdb:6lqa_B	165
experimental	nmda	pdb:9oos_A	76
experimental	orai	afdb	189
experimental	osca_tmem63	pdb:9n93_A	650
experimental	otop	afdb	417
experimental	p2x	pdb:9e3m_A	546
experimental	p2x_nonmetazoan	afdb	348
experimental	pacc	pdb:7sqh_A	283
experimental	pannexin	pdb:9oqk_A	231
experimental	piezo	pdb:8zu3_A	1280
experimental	plgic_invertebrate	pdb:4tnw_A	336
experimental	plgic_prok	pdb:6hzw_A	311
experimental	ryr	pdb:7u9x_A	102
experimental	tmc	afdb	602
experimental	tmco1	pdb:6w6l_6	174
experimental	tmem109	afdb	120
experimental	tmem175	pdb:7unl_A	367
experimental	tmem87	pdb:8hsi_A	405
experimental	tpc	pdb:8ouo_A	92
experimental	tric	afdb	235
experimental	trpa	pdb:9vu1_A	98
experimental	trpc	pdb:9kdb_A	101
experimental	trpm	pdb:9zcu_A	81
experimental	trpml	pdb:9ekv_A	86
experimental	trpn	afdb	86
experimental	trpp	pdb:8zkh_B	78
experimental	trpv	pdb:11cl_A	88
experimental	tweety	pdb:7p5j_A	399
experimental	vdac	pdb:6g6u_A	282
experimental	viroporin	pdb:2n29_A	54
experimental	zac	pdb:9lez_A	311
tm_region	ampa	afdb	71
tm_region	ano_channel	tm_region:334-913	506
tm_region	ano_scramblase	tm_region:301-857	513
tm_region	asic	tm_region:50-458	398
tm_region	bestrophin	tm_region:32-288	257
tm_region	calhm	tm_region:22-206	173
tm_region	catsper	afdb	90
tm_region	cav	afdb	124
tm_region	cftr	tm_region:78-1151	776
tm_region	clc_channel	tm_region:119-578	424
tm_region	clcc1	tm_region:185-350	131
tm_region	cng	afdb	105
tm_region	connexin	tm_region:24-228	189
tm_region	deg_invertebrate	tm_region:110-739	498
tm_region	delta_glur	afdb	69
tm_region	enac	tm_region:86-583	429
tm_region	gabaa	tm_region:254-441	125
tm_region	glyr	tm_region:251-446	135
tm_region	gphr	tm_region:5-445	377
tm_region	hcn	afdb	100
tm_region	ht3	tm_region:242-475	171
tm_region	hv1	afdb	101
tm_region	iglur_nonvertebrate	afdb	63
tm_region	iglur_prok	afdb	97
tm_region	innexin	afdb	243
tm_region	itpr	afdb	65
tm_region	k2p	afdb	129
tm_region	kainate	afdb	100
tm_region	kca_sk	afdb	81
tm_region	kca_slo	afdb	93
tm_region	kcsa_prok	afdb	84
tm_region	kir	afdb	101
tm_region	kv_eag	afdb	101
tm_region	kv_kcnq	afdb	90
tm_region	kv_modifier	afdb	87
tm_region	kv_shaker	afdb	92
tm_region	kv_shaker:VSD	afdb	107
tm_region	lrrc8	afdb	229
tm_region	mcu	tm_region:234-284	51
tm_region	mitok	tm_region:202-407	97
tm_region	mscl	tm_region:17-94	78
tm_region	mscs	tm_region:31-111	81
tm_region	nachr	tm_region:233-448	171
tm_region	nalcn	afdb	148
tm_region	nav	afdb	148
tm_region	nmda	afdb	70
tm_region	orai	tm_region:88-255	124
tm_region	osca_tmem63	tm_region:52-709	519
tm_region	otop	tm_region:59-605	404
tm_region	p2x	tm_region:23-353	320
tm_region	p2x_nonmetazoan	tm_region:28-328	301
tm_region	pacc	tm_region:65-318	254
tm_region	pannexin	afdb	222
tm_region	piezo	tm_region:13-2452	1628
tm_region	plgic_invertebrate	tm_region:276-454	138
tm_region	plgic_prok	tm_region:236-359	124
tm_region	tmc	tm_region:183-734	493
tm_region	tmco1	tm_region:56-213	116
tm_region	tmem109	tm_region:84-205	79
tm_region	tmem175	tm_region:34-469	395
tm_region	tmem87	tm_region:226-458	227
tm_region	tpc	afdb	84
tm_region	tric	tm_region:19-255	222
tm_region	trpa	afdb	98
tm_region	trpc	afdb	101
tm_region	trpm	afdb	119
tm_region	trpml	afdb	86
tm_region	trpn	afdb	86
tm_region	trpp	afdb	78
tm_region	trpv	afdb	73
tm_region	tweety	tm_region:44-411	351
tm_region	vdac	tm_region:26-282	257
tm_region	zac	tm_region:234-389	117
