label	family	species	source	target	status	route	n_candidates	cds_len	prot_len	n_masked	n_mismatch	n_comparable	reason
A0A4W3HLN3__Calmil	kv_kcnq	Callorhinchus milii	proteome	tr|A0A4W3HLN3|A0A4W3HLN3_CALMI	ok	ensembl:ENSCMIP00000018038	1	1974	658	0	0	658	
A0A4W3HTM3__Calmil	kv_kcnq	Callorhinchus milii	proteome	tr|A0A4W3HTM3|A0A4W3HTM3_CALMI	ok	ensembl:ENSCMIP00000020713	1	2004	668	0	0	668	
A0A4W3HZ26__Calmil	ryr	Callorhinchus milii	proteome	tr|A0A4W3HZ26|A0A4W3HZ26_CALMI	ok	ensembl:ENSCMIP00000020152	1	14556	4852	0	0	4852	
A0A4W3I1N0__Calmil	ryr	Callorhinchus milii	proteome	tr|A0A4W3I1N0|A0A4W3I1N0_CALMI	ok	ensembl:ENSCMIP00000022607	1	14946	4982	0	0	4982	
A0A4W3IV96__Calmil	cftr	Callorhinchus milii	proteome	tr|A0A4W3IV96|A0A4W3IV96_CALMI	ok	ensembl:ENSCMIP00000024575	1	4554	1518	0	0	1518	
A0A4W3J4U7__Calmil	ryr	Callorhinchus milii	proteome	tr|A0A4W3J4U7|A0A4W3J4U7_CALMI	ok	ensembl:ENSCMIP00000033218	1	14619	4873	0	0	4873	
A0A5F8G2J8__Mondom	ryr	Monodelphis domestica	proteome	tr|A0A5F8G2J8|A0A5F8G2J8_MONDO	ok	ensembl:ENSMODP00000041671	1	14484	4828	0	0	4828	
A0A5F8GGE3__Mondom	ryr	Monodelphis domestica	proteome	tr|A0A5F8GGE3|A0A5F8GGE3_MONDO	ok	ensembl:ENSMODP00000046276	1	14700	4900	0	0	4900	
A0A5F8HK98__Mondom	nav	Monodelphis domestica	proteome	tr|A0A5F8HK98|A0A5F8HK98_MONDO	ok	ensembl:ENSMODP00000060427	1	5985	1995	0	0	1995	
A0A674NN57__Takrub	kv_kcnq	Takifugu rubripes	proteome	tr|A0A674NN57|A0A674NN57_TAKRU	ok	ensembl:ENSTRUP00000074732	1	1860	620	0	0	620	
A0A674P4Z3__Takrub	kv_kcnq	Takifugu rubripes	proteome	tr|A0A674P4Z3|A0A674P4Z3_TAKRU	ok	ensembl:ENSTRUP00000080748	1	2157	719	0	0	719	
A0A6I8MX76__Ornana	kv_kcnq	Ornithorhynchus anatinus	proteome	tr|A0A6I8MX76|A0A6I8MX76_ORNAN	ok	ensembl:ENSOANP00000033314	1	2163	721	0	0	721	
A0A6I8N2A8__Ornana	nav	Ornithorhynchus anatinus	proteome	tr|A0A6I8N2A8|A0A6I8N2A8_ORNAN	ok	ensembl:ENSOANP00000035093	1	5967	1989	0	0	1989	
A0A6I8ND69__Ornana	kv_kcnq	Ornithorhynchus anatinus	proteome	tr|A0A6I8ND69|A0A6I8ND69_ORNAN	ok	ensembl:ENSOANP00000038684	1	3135	1045	0	0	1045	
A0A6I8NG32__Ornana	kv_kcnq	Ornithorhynchus anatinus	proteome	tr|A0A6I8NG32|A0A6I8NG32_ORNAN	ok	ensembl:ENSOANP00000040027	1	2286	762	0	0	762	
A0A6I8NLW1__Ornana	kv_kcnq	Ornithorhynchus anatinus	proteome	tr|A0A6I8NLW1|A0A6I8NLW1_ORNAN	ok	ensembl:ENSOANP00000042134	1	2568	856	0	0	856	
A0A6I8NMY0__Ornana	kv_kcnq	Ornithorhynchus anatinus	proteome	tr|A0A6I8NMY0|A0A6I8NMY0_ORNAN	ok	ensembl:ENSOANP00000042534	1	2634	878	0	0	878	
A0A6I8PDZ5__Ornana	ryr	Ornithorhynchus anatinus	proteome	tr|A0A6I8PDZ5|A0A6I8PDZ5_ORNAN	ok	ensembl:ENSOANP00000050880	1	14655	4885	0	0	4885	
A0A6I8PHX0__Ornana	ryr	Ornithorhynchus anatinus	proteome	tr|A0A6I8PHX0|A0A6I8PHX0_ORNAN	ok	ensembl:ENSOANP00000053612	1	15072	5024	0	0	5024	
A0A6I8RH73__Xentro	cftr	Xenopus tropicalis	proteome	tr|A0A6I8RH73|A0A6I8RH73_XENTR	ok	refseq:XP_031754831.1	1	4455	1485	0	0	1485	
A0A6I8RJI0__Xentro	kv_kcnq	Xenopus tropicalis	proteome	tr|A0A6I8RJI0|A0A6I8RJI0_XENTR	ok	refseq:XP_031758145.1	1	2724	908	0	0	908	
A0A6I8S7B1__Xentro	kv_kcnq	Xenopus tropicalis	proteome	tr|A0A6I8S7B1|A0A6I8S7B1_XENTR	ok	refseq:XP_002936545.2	1	1977	659	0	0	659	
A0A803JMV6__Xentro	kv_kcnq	Xenopus tropicalis	proteome	tr|A0A803JMV6|A0A803JMV6_XENTR	ok	refseq:XP_031750480.1	1	2547	849	0	0	849	
A0A803SV80__Anocar	cftr	Anolis carolinensis	proteome	tr|A0A803SV80|A0A803SV80_ANOCA	ok	ensembl:ENSACAP00000026870	1	4227	1409	0	0	1409	
A0A803SYT7__Anocar	ryr	Anolis carolinensis	proteome	tr|A0A803SYT7|A0A803SYT7_ANOCA	ok	ensembl:ENSACAP00000028127	1	14505	4835	0	0	4835	
A0A803TM57__Anocar	kv_kcnq	Anolis carolinensis	proteome	tr|A0A803TM57|A0A803TM57_ANOCA	ok	ensembl:ENSACAP00000036297	1	2397	799	0	0	799	
A0A803TNX6__Anocar	nav	Anolis carolinensis	proteome	tr|A0A803TNX6|A0A803TNX6_ANOCA	ok	ensembl:ENSACAP00000036916	1	5796	1932	0	0	1932	
A0A803TRD3__Anocar	ryr	Anolis carolinensis	proteome	tr|A0A803TRD3|A0A803TRD3_ANOCA	ok	ensembl:ENSACAP00000037773	1	14568	4856	0	0	4856	
A0A803TYN1__Anocar	kv_kcnq	Anolis carolinensis	proteome	tr|A0A803TYN1|A0A803TYN1_ANOCA	ok	ensembl:ENSACAP00000040321	1	2661	887	0	0	887	
A0A8I5ZXW9__Ratnor	kv_kcnq	Rattus norvegicus	proteome	tr|A0A8I5ZXW9|A0A8I5ZXW9_RAT	ok	ensembl:ENSRNOP00000084442	1	2796	932	0	0	932	
A0A8J0R451__Xentro	ryr	Xenopus tropicalis	proteome	tr|A0A8J0R451|A0A8J0R451_XENTR	ok	refseq:XP_004917160.1	1	15132	5044	0	0	5044	
A0A8J1J9H0__Xentro	kv_kcnq	Xenopus tropicalis	proteome	tr|A0A8J1J9H0|A0A8J1J9H0_XENTR	ok	refseq:XP_031754514.1	1	2013	671	0	0	671	
A0A8J1JQV7__Xentro	kv_kcnq	Xenopus tropicalis	proteome	tr|A0A8J1JQV7|A0A8J1JQV7_XENTR	ok	refseq:XP_031760269.1	1	2586	862	0	0	862	
A0A8M3ALN1__Danrer	ryr	Danio rerio	proteome	tr|A0A8M3ALN1|A0A8M3ALN1_DANRE	ok	refseq:XP_009293048.2	1	14589	4863	0	0	4863	
A0A8M6YTI2__Danrer	ryr	Danio rerio	proteome	tr|A0A8M6YTI2|A0A8M6YTI2_DANRE	ok	refseq:XP_017207446.1	1	15327	5109	0	0	5109	
A0A8M9PQX0__Danrer	kv_kcnq	Danio rerio	proteome	tr|A0A8M9PQX0|A0A8M9PQX0_DANRE	ok	refseq:XP_021323522.1	1	2385	795	0	0	795	
A0A8V0X9N9__Galgal	kv_kcnq	Gallus gallus	proteome	tr|A0A8V0X9N9|A0A8V0X9N9_CHICK	ok	ensembl:ENSGALP00010003357	1	2793	931	0	0	931	
A0A8V0X9Y7__Galgal	cftr	Gallus gallus	proteome	tr|A0A8V0X9Y7|A0A8V0X9Y7_CHICK	ok	ensembl:ENSGALP00010001330	1	4458	1486	0	0	1486	
A0A8V0XWG5__Galgal	kv_kcnq	Gallus gallus	proteome	tr|A0A8V0XWG5|A0A8V0XWG5_CHICK	ok	ensembl:ENSGALP00010011029	1	2577	859	0	0	859	
A0A8V0Y6Q6__Galgal	ryr	Gallus gallus	proteome	tr|A0A8V0Y6Q6|A0A8V0Y6Q6_CHICK	ok	ensembl:ENSGALP00010014063	1	14172	4724	0	0	4724	
A0A8V0Y8K1__Galgal	ryr	Gallus gallus	proteome	tr|A0A8V0Y8K1|A0A8V0Y8K1_CHICK	ok	ensembl:ENSGALP00010012328	1	14904	4968	0	0	4968	
A0A8V0YZR2__Galgal	kv_kcnq	Gallus gallus	proteome	tr|A0A8V0YZR2|A0A8V0YZR2_CHICK	ok	ensembl:ENSGALP00010024284	1	2079	693	0	0	693	
A0A8V0ZGY9__Galgal	ryr	Gallus gallus	proteome	tr|A0A8V0ZGY9|A0A8V0ZGY9_CHICK	ok	ensembl:ENSGALP00010030549	1	14628	4876	0	0	4876	
A0A8V0ZTS2__Galgal	kv_kcnq	Gallus gallus	proteome	tr|A0A8V0ZTS2|A0A8V0ZTS2_CHICK	ok	ensembl:ENSGALP00010034228	1	2631	877	0	0	877	
A0A8V0ZY91__Galgal	kv_kcnq	Gallus gallus	proteome	tr|A0A8V0ZY91|A0A8V0ZY91_CHICK	ok	ensembl:ENSGALP00010035869	1	2097	699	0	0	699	
A0A8V1A8W9__Galgal	nav	Gallus gallus	proteome	tr|A0A8V1A8W9|A0A8V1A8W9_CHICK	ok	ensembl:ENSGALP00010039668	1	6039	2013	0	0	2013	
A0AAJ7TXA8__Petmar	cftr	Petromyzon marinus	proteome	tr|A0AAJ7TXA8|A0AAJ7TXA8_PETMA	ok	refseq:XP_032825762.2	1	4398	1466	0	0	1466	
A0AAJ7WQC6__Petmar	kv_kcnq	Petromyzon marinus	proteome	tr|A0AAJ7WQC6|A0AAJ7WQC6_PETMA	ok	refseq:XP_032804878.2	1	1926	642	0	0	642	
A0AB32T6W5__Danrer	ryr	Danio rerio	proteome	tr|A0AB32T6W5|A0AB32T6W5_DANRE	ok	refseq:NP_001429607.1	1	14643	4881	0	0	4881	
A0AB32U3K9__Danrer	ryr	Danio rerio	proteome	tr|A0AB32U3K9|A0AB32U3K9_DANRE	ok	refseq:XP_068079935.2	1	15219	5073	0	0	5073	
A0ABK0LPH6__Ratnor	ryr	Rattus norvegicus	proteome	tr|A0ABK0LPH6|A0ABK0LPH6_RAT	ok	ensembl:ENSRNOP00000106845	1	14625	4875	0	0	4875	
A0AC58FZ01__Danrer	kv_kcnq	Danio rerio	proteome	tr|A0AC58FZ01|A0AC58FZ01_DANRE	ok	refseq:XP_073762763.1	1	2007	669	0	0	669	
A0AC58G5U6__Danrer	kv_kcnq	Danio rerio	proteome	tr|A0AC58G5U6|A0AC58G5U6_DANRE	ok	refseq:NP_001429544.1	1	2628	876	0	0	876	
A0AC58GZ77__Danrer	ryr	Danio rerio	proteome	tr|A0AC58GZ77|A0AC58GZ77_DANRE	ok	refseq:XP_073775039.1	1	14883	4961	0	0	4961	
A0AC58H4V5__Danrer	kv_kcnq	Danio rerio	proteome	tr|A0AC58H4V5|A0AC58H4V5_DANRE	ok	refseq:XP_073777019.1	1	3084	1028	0	0	1028	
A0AC58HPX6__Danrer	ryr	Danio rerio	proteome	tr|A0AC58HPX6|A0AC58HPX6_DANRE	ok	refseq:XP_073784037.1	1	14700	4900	0	0	4900	
A0AC58I1A1__Danrer	kv_kcnq	Danio rerio	proteome	tr|A0AC58I1A1|A0AC58I1A1_DANRE	ok	refseq:XP_073788019.1	1	2040	680	0	0	680	
A0AC58IWK6__Danrer	kv_kcnq	Danio rerio	proteome	tr|A0AC58IWK6|A0AC58IWK6_DANRE	ok	refseq:XP_073798625.1	1	2112	704	0	0	704	
A0ACD6B6L0__Danrer	kv_kcnq	Danio rerio	proteome	tr|A0ACD6B6L0|A0ACD6B6L0_DANRE	ok	refseq:XP_697081.5	1	2922	974	0	0	974	
A2AGL3__Musmus	ryr	Mus musculus	proteome	sp|A2AGL3|RYR3_MOUSE	ok	ensembl:ENSMUSP00000079503	1	14589	4863	0	0	4863	
A2APX8__Musmus	nav	Mus musculus	proteome	sp|A2APX8|SCN1A_MOUSE	ok	ensembl:ENSMUSP00000107985	5	6027	2009	0	0	2009	
A2ASI5__Musmus	nav	Mus musculus	proteome	sp|A2ASI5|SCN3A_MOUSE	ok	ensembl:ENSMUST00000100069	2	5841	1947	0	0	1947	
B0LPN4__Ratnor	ryr	Rattus norvegicus	proteome	sp|B0LPN4|RYR2_RAT	ok	ensembl:ENSRNOP00000108473	3	14865	4955	0	0	4955	
B1AWN6__Musmus	nav	Mus musculus	proteome	sp|B1AWN6|SCN2A_MOUSE	ok	ensembl:ENSMUSP00000028377	1	6018	2006	0	0	2006	
B1AYL1__Musmus	nav	Mus musculus	proteome	sp|B1AYL1|SCN7A_MOUSE	ok	ensembl:ENSMUSP00000042405	1	5043	1681	0	0	1681	
E7FEC8__Danrer	kv_kcnq	Danio rerio	proteome	tr|E7FEC8|E7FEC8_DANRE	ok	refseq:XP_009301043.1	1	2520	840	0	0	840	
E9PZQ0__Musmus	ryr	Mus musculus	proteome	sp|E9PZQ0|RYR1_MOUSE	ok	ensembl:ENSMUSP00000137123	1	15105	5035	0	0	5035	
E9Q401__Musmus	ryr	Mus musculus	proteome	sp|E9Q401|RYR2_MOUSE	ok	ensembl:ENSMUSP00000021750	1	14898	4966	0	0	4966	
F1LMY4__Ratnor	ryr	Rattus norvegicus	proteome	sp|F1LMY4|RYR1_RAT	failed		3	267	5035				length 89 vs 5035
F1LQQ7__Ratnor	nav	Rattus norvegicus	proteome	sp|F1LQQ7|SCN7A_RAT	ok	ensembl:ENSRNOP00000044385	1	5040	1680	0	0	1680	
F6SB60__Xentro	kv_kcnq	Xenopus tropicalis	proteome	tr|F6SB60|F6SB60_XENTR	ok	refseq:XP_012812794.1	1	2043	681	0	0	681	
F6XF06__Ornana	ryr	Ornithorhynchus anatinus	proteome	tr|F6XF06|F6XF06_ORNAN	ok	ensembl:ENSOANP00000015098	1	14319	4773	0	0	4773	
F6ZS67__Mondom	cftr	Monodelphis domestica	proteome	tr|F6ZS67|F6ZS67_MONDO	ok	ensembl:ENSMODP00000019677	1	4443	1481	0	0	1481	
F7A9X6__Mondom	ryr	Monodelphis domestica	proteome	tr|F7A9X6|F7A9X6_MONDO	ok	ensembl:ENSMODP00000016617	1	12393	4131	0	0	4131	
G1KRA0__Anocar	ryr	Anolis carolinensis	proteome	tr|G1KRA0|G1KRA0_ANOCA	ok	ensembl:ENSACAP00000015315	1	12843	4281	0	0	4281	
GCA_901000725.3_LR584240.2_14254983-14295195-__Takrub	ryr	Takifugu rubripes	genome	GCA_901000725.3:LR584240.2:14254983-14295195-	ok	s5_blocks:GCA_901000725.3:LR584240.2:14254983-14295195-	1	15315	5105	1	0	5104	
GCA_901000725.3_LR584241.1_13840876-13933231___Takrub	ryr	Takifugu rubripes	genome	GCA_901000725.3:LR584241.1:13840876-13933231+	ok	s5_blocks:GCA_901000725.3:LR584241.1:13840876-13933231+	1	15291	5097	1	0	5096	
GCA_977017645.1_OZ360222.1_46026178-47160809___Tormar	ryr	Torpedo marmorata	genome	GCA_977017645.1:OZ360222.1:46026178-47160809+	ok	s5_blocks:GCA_977017645.1:OZ360222.1:46026178-47160809+	1	14910	4970	1	0	4969	
GCA_977017645.1_OZ360228.1_47664823-48286913-__Tormar	ryr	Torpedo marmorata	genome	GCA_977017645.1:OZ360228.1:47664823-48286913-	ok	s5_blocks:GCA_977017645.1:OZ360228.1:47664823-48286913-	1	14772	4924	1	0	4923	
GCA_977017645.1_OZ360235.1_34019559-34173989-__Tormar	cftr	Torpedo marmorata	genome	GCA_977017645.1:OZ360235.1:34019559-34173989-	ok	s5_blocks:GCA_977017645.1:OZ360235.1:34019559-34173989-	1	4434	1478	1	0	1477	
GCA_977017645.1_OZ360237.1_72011763-73575500___Tormar	kv_kcnq	Torpedo marmorata	genome	GCA_977017645.1:OZ360237.1:72011763-73575500+	ok	s5_blocks:GCA_977017645.1:OZ360237.1:72011763-73575500+	1	2088	696	1	0	695	
GCA_977017645.1_OZ360251.1_36545763-37638318-__Tormar	ryr	Torpedo marmorata	genome	GCA_977017645.1:OZ360251.1:36545763-37638318-	ok	s5_blocks:GCA_977017645.1:OZ360251.1:36545763-37638318-	1	15096	5032	1	0	5031	
H3A114__Latcha	cftr	Latimeria chalumnae	proteome	tr|H3A114|H3A114_LATCH	ok	ensembl:ENSLACP00000003335	1	4473	1491	0	0	1491	
H3AJK0__Latcha	kv_kcnq	Latimeria chalumnae	proteome	tr|H3AJK0|H3AJK0_LATCH	ok	ensembl:ENSLACP00000009821	1	1053	351	0	0	351	
H3AR56__Latcha	ryr	Latimeria chalumnae	proteome	tr|H3AR56|H3AR56_LATCH	ok	ensembl:ENSLACP00000012127	1	10674	3558	0	0	3558	
H3ATZ9__Latcha	ryr	Latimeria chalumnae	proteome	tr|H3ATZ9|H3ATZ9_LATCH	ok	ensembl:ENSLACP00000013120	1	10395	3465	0	0	3465	
H3BGR5__Latcha	ryr	Latimeria chalumnae	proteome	tr|H3BGR5|H3BGR5_LATCH	ok	ensembl:ENSLACP00000021086	1	15072	5024	0	0	5024	
H9G8U0__Anocar	kv_kcnq	Anolis carolinensis	proteome	tr|H9G8U0|H9G8U0_ANOCA	ok	ensembl:ENSACAP00000004205	1	2040	680	0	0	680	
H9G8W4__Anocar	kv_kcnq	Anolis carolinensis	proteome	tr|H9G8W4|H9G8W4_ANOCA	ok	ensembl:ENSACAP00000004244	1	2649	883	0	0	883	
H9GJ12__Anocar	kv_kcnq	Anolis carolinensis	proteome	tr|H9GJ12|H9GJ12_ANOCA	ok	ensembl:ENSACAP00000012326	1	2070	690	0	0	690	
O08562__Ratnor	nav	Rattus norvegicus	proteome	sp|O08562|SCN9A_RAT	ok	ena:AAB50403.1	1	5952	1984	0	0	1984	
O43525__Homsap	kv_kcnq	Homo sapiens	proteome	sp|O43525|KCNQ3_HUMAN	ok	ensembl:ENSP00000373648	1	2616	872	0	0	872	
O43526__Homsap	kv_kcnq	Homo sapiens	proteome	sp|O43526|KCNQ2_HUMAN	ok	ensembl:ENSP00000352035	5	2616	872	0	0	872	
O88420__Ratnor	nav	Rattus norvegicus	proteome	sp|O88420|SCN8A_RAT	ok	ensembl:ENSRNOP00055039731	1	5934	1978	0	0	1978	
O88457__Ratnor	nav	Rattus norvegicus	proteome	sp|O88457|SCNBA_RAT	ok	ena:AAC40199.1	1	5295	1765	0	0	1765	
O88943__Ratnor	kv_kcnq	Rattus norvegicus	proteome	sp|O88943|KCNQ2_RAT	ok	ena:AAC36722.1	1	2556	852	0	0	852	
O88944__Ratnor	kv_kcnq	Rattus norvegicus	proteome	sp|O88944|KCNQ3_RAT	ok	ensembl:ENSRNOP00055035637	1	2619	873	0	0	873	
P04774__Ratnor	nav	Rattus norvegicus	proteome	sp|P04774|SCN1A_RAT	ok	ena:CAA27286.1	1	6027	2009	0	0	2009	
P04775__Ratnor	nav	Rattus norvegicus	proteome	sp|P04775|SCN2A_RAT	ok	ena:CAA27287.1	1	6015	2005	0	0	2005	
P08104__Ratnor	nav	Rattus norvegicus	proteome	sp|P08104|SCN3A_RAT	ok	ena:CAA68735.1	1	5853	1951	0	0	1951	
P13569__Homsap	cftr	Homo sapiens	proteome	sp|P13569|CFTR_HUMAN	ok	ensembl:ENSP00000003084	1	4440	1480	0	0	1480	
P15389__Ratnor	nav	Rattus norvegicus	proteome	sp|P15389|SCN5A_RAT	ok	ena:AAA42114.1	1	6057	2019	0	0	2019	
P15390__Ratnor	nav	Rattus norvegicus	proteome	sp|P15390|SCN4A_RAT	ok	ena:AAA41682.1	1	5520	1840	0	0	1840	
P21817__Homsap	ryr	Homo sapiens	proteome	sp|P21817|RYR1_HUMAN	ok	ensembl:ENSP00000352608	3	15114	5038	0	0	5038	
P26361__Musmus	cftr	Mus musculus	proteome	sp|P26361|CFTR_MOUSE	ok	ensembl:ENSMUSP00000049228	1	4428	1476	0	0	1476	
P34158__Ratnor	cftr	Rattus norvegicus	proteome	sp|P34158|CFTR_RAT	ok	ena:AAR16315.1	1	4428	1476	0	0	1476	
P35498__Homsap	nav	Homo sapiens	proteome	sp|P35498|SCN1A_HUMAN	ok	ensembl:ENSP00000303540	1	6027	2009	0	0	2009	
P35499__Homsap	nav	Homo sapiens	proteome	sp|P35499|SCN4A_HUMAN	ok	ensembl:ENSP00000396320	1	5508	1836	0	0	1836	
P51787__Homsap	kv_kcnq	Homo sapiens	proteome	sp|P51787|KCNQ1_HUMAN	ok	ensembl:ENSP00000155840	1	2028	676	0	0	676	
P56696__Homsap	kv_kcnq	Homo sapiens	proteome	sp|P56696|KCNQ4_HUMAN	ok	ensembl:ENSP00000262916	1	2085	695	0	0	695	
P97414__Musmus	kv_kcnq	Mus musculus	proteome	sp|P97414|KCNQ1_MOUSE	ok	ensembl:ENSMUSP00000009689	1	2004	668	0	0	668	
Q01118__Homsap	nav	Homo sapiens	proteome	sp|Q01118|SCN7A_HUMAN	ok	ensembl:ENSP00000403846	1	5046	1682	0	0	1682	
Q07DZ6__Ornana	cftr	Ornithorhynchus anatinus	proteome	sp|Q07DZ6|CFTR_ORNAN	ok	ensembl:ENSOANP00000013972	1	4452	1484	0	0	1484	
Q14524__Homsap	nav	Homo sapiens	proteome	sp|Q14524|SCN5A_HUMAN	ok	ensembl:ENSP00000328968	3	6048	2016	0	0	2016	
Q15413__Homsap	ryr	Homo sapiens	proteome	sp|Q15413|RYR3_HUMAN	ok	ensembl:ENSP00000489262	3	14610	4870	0	0	4870	
Q15858__Homsap	nav	Homo sapiens	proteome	sp|Q15858|SCN9A_HUMAN	ok	ensembl:ENSP00000304748	1	5964	1988	0	0	1988	
Q1LX78__Danrer	cftr	Danio rerio	proteome	sp|Q1LX78|CFTR_DANRE	ok	ensembl:ENSDARP00000060242	1	4455	1485	0	0	1485	
Q62205__Musmus	nav	Mus musculus	proteome	sp|Q62205|SCN9A_MOUSE	ok	ensembl:ENSMUSP00000097642	1	5952	1984	0	0	1984	
Q62968__Ratnor	nav	Rattus norvegicus	proteome	sp|Q62968|SCNAA_RAT	ok	ensembl:ENSRNOP00000047944	1	5868	1956	0	0	1956	
Q6QIY3__Musmus	nav	Mus musculus	proteome	sp|Q6QIY3|SCNAA_MOUSE	ok	refseq:XP_017168712.1	9	5874	1958	0	0	1958	
Q8K3F6__Musmus	kv_kcnq	Mus musculus	proteome	sp|Q8K3F6|KCNQ3_MOUSE	ok	ensembl:ENSMUSP00000063380	1	2619	873	0	0	873	
Q92736__Homsap	ryr	Homo sapiens	proteome	sp|Q92736|RYR2_HUMAN	ok	ensembl:ENSP00000355533	1	14901	4967	0	0	4967	
Q99250__Homsap	nav	Homo sapiens	proteome	sp|Q99250|SCN2A_HUMAN	ok	ensembl:ENSP00000283256	1	6015	2005	0	0	2005	
Q9ER60__Musmus	nav	Mus musculus	proteome	sp|Q9ER60|SCN4A_MOUSE	ok	ena:CAC17146.1	1	5523	1841	0	0	1841	
Q9I8E2__Takrub	cftr	Takifugu rubripes	proteome	tr|Q9I8E2|Q9I8E2_TAKRU	ok	ensembl:ENSTRUP00000082514	1	4533	1511	0	0	1511	
Q9JJV9__Musmus	nav	Mus musculus	proteome	sp|Q9JJV9|SCN5A_MOUSE	ok	ensembl:ENSMUSP00000113272	1	6057	2019	0	0	2019	
Q9JK45__Musmus	kv_kcnq	Mus musculus	proteome	sp|Q9JK45|KCNQ5_MOUSE	ok	ensembl:ENSMUSP00000029667	1	2799	933	0	0	933	
Q9JK96__Ratnor	kv_kcnq	Rattus norvegicus	proteome	sp|Q9JK96|KCNQ4_RAT	ok	ensembl:ENSRNOP00000073695	1	2085	695	0	0	695	
Q9JK97__Musmus	kv_kcnq	Mus musculus	proteome	sp|Q9JK97|KCNQ4_MOUSE	ok	ensembl:ENSMUSP00000030376	1	2088	696	0	0	696	
Q9NR82__Homsap	kv_kcnq	Homo sapiens	proteome	sp|Q9NR82|KCNQ5_HUMAN	ok	ensembl:ENSP00000359425	5	2796	932	0	0	932	
Q9NY46__Homsap	nav	Homo sapiens	proteome	sp|Q9NY46|SCN3A_HUMAN	ok	ensembl:ENSP00000283254	1	6000	2000	1	1	2000	
Q9R053__Musmus	nav	Mus musculus	proteome	sp|Q9R053|SCNBA_MOUSE	ok	ensembl:ENSMUSP00000065466	1	5295	1765	0	0	1765	
Q9UI33__Homsap	nav	Homo sapiens	proteome	sp|Q9UI33|SCNBA_HUMAN	ok	ensembl:ENSP00000307599	1	5373	1791	0	0	1791	
Q9UQD0__Homsap	nav	Homo sapiens	proteome	sp|Q9UQD0|SCN8A_HUMAN	ok	ensembl:ENSP00000346534	1	5940	1980	0	0	1980	
Q9WTU3__Musmus	nav	Mus musculus	proteome	sp|Q9WTU3|SCN8A_MOUSE	ok	ena:AAD20438.1	1	5934	1978	0	0	1978	
Q9Y5Y9__Homsap	nav	Homo sapiens	proteome	sp|Q9Y5Y9|SCNAA_HUMAN	ok	ensembl:ENSP00000390600	1	5868	1956	0	0	1956	
Q9Z0N7__Ratnor	kv_kcnq	Rattus norvegicus	proteome	sp|Q9Z0N7|KCNQ1_RAT	ok	ena:CAB38863.1	1	2007	669	0	0	669	
Q9Z351__Musmus	kv_kcnq	Mus musculus	proteome	sp|Q9Z351|KCNQ2_MOUSE	ok	ena:BAA37156.1	1	2277	759	0	0	759	
R4GA42__Anocar	kv_kcnq	Anolis carolinensis	proteome	tr|R4GA42|R4GA42_ANOCA	ok	ensembl:ENSACAP00000022123	1	2121	707	0	0	707	
